회사명,주요제품,비고,종목코드,국적,상장유형,증권구분,상장일,철회일,상장주선인/지정자문인,업종,액면가 (원),공모가 (원),공모금액 (천원),최초상장주식수 (주),유통가능주식수(주),유통비율,공모주식수,신주모집수량,구주매출수량,신주비중,구주비중,인수수수료,수수료율,수요예측 경쟁률,일반청약 경쟁률,기관투자자 참여건수,기관투자자 참여건수(국내),기관투자자 참여건수(해외),일반청약자 청약건수,의무보유 확약,청약증거금(백만원),수요예측일(시작),수요예측일(마감),청약일(시작),청약일(마감),납입일,희망공모가하단(원),희망공모가상단(원),결정 수준,주당평가가액(원),할인율(하단),할인율(상단),상장요건,평가등급(상위),평가등급(하위),가치평가방법,증권신고서 상 멀티플
~,,NEW_자동추가,,,,,,,,,,,,,,,,,,,,,,,,,,,,,,,,,,,,,,,,,,,,,
덕양에너젠,"수소가스, 고순도 수소가스",OC/리츠/스팩 ,0001A0,대한민국,신규상장,주권,2026-01-30,,"미래에셋증권 주식회사,엔에이치투자증권(주)",연료용 가스 제조 및 배관공급업,500,"10,000","75,000,000","24,791,195",,,0.0,,, , ,,0% ,,,,,,,,,,,,,,,,,,,,,,,,
삼성스팩13호,기업인수합병,,0115H0,대한민국,신규상장,주권,2026-01-21,,삼성증권(주),금융 지원 서비스업,100,"2,000","12,000,000","7,350,000",,,0.0,,, , ,,0% ,,,,,,,,,,,,,,,,,,,,,,,,
세미파이브,반도체 설계 서비스,,490470,대한민국,신규상장,주권,2025-12-29,,"삼성증권(주),유비에스증권 리미티드 서울지점","건축기술, 엔지니어링 및 관련 기술 서비스업","1,000","24,000","129,600,000","33,710,466",,,0.0,,, , ,,0% ,,,,,,,,,,,,,,,,,,,,,,,,
리브스메드,"다관절 다자유도 복강경 수술기구인 ArtiSential, ArtiSeal, ArtiStapler, LivsCam, Stark",,491000,대한민국,신규상장,주권,2025-12-24,,"미래에셋증권 주식회사,삼성증권(주)",의료용 기기 제조업,500,"55,000","135,850,000","24,681,691",,,0.0,,, , ,,0% ,,,,,,,,,,,,,,,,,,,,,,,,
미래에셋비전스팩10호,기업인수합병,,0097F0,대한민국,신규상장,주권,2025-12-23,,미래에셋증권 주식회사,금융 지원 서비스업,100,"2,000","12,000,000","6,500,000",,,0.0,,, , ,,0% ,,,,,,,,,,,,,,,,,,,,,,,,
삼진식품,"반찬용 어묵, 국탕용 어묵 등 어묵관련 제품 판매",,0013V0,대한민국,신규상장,주권,2025-12-22,,대신증권(주),수산물 가공 및 저장 처리업,500,"7,600","15,200,000","9,918,656",,,0.0,,, , ,,0% ,,,,,,,,,,,,,,,,,,,,,,,,
미래에셋비전스팩11호,기업인수합병,,0099W0,대한민국,신규상장,주권,2025-12-22,,미래에셋증권 주식회사,금융 지원 서비스업,100,"2,000","12,000,000","7,000,000",,,0.0,,, , ,,0% ,,,,,,,,,,,,,,,,,,,,,,,,
하나36호스팩,기업인수합병,,0101C0,대한민국,신규상장,주권,2025-12-22,,하나증권주식회사,금융 지원 서비스업,100,"2,000","14,000,000","7,740,000",,,0.0,,, , ,,0% ,,,,,,,,,,,,,,,,,,,,,,,,
엔더블유시,"FTTH Drop, FTTH 커넥터류, 5G CPRI, MDU, 광접속함체",,059180,대한민국,신규상장,주권,2025-12-22,,교보증권(주),통신 및 방송 장비 제조업,500,-,-,"5,314,090",,,0.0,,, , ,, ,,,,,,,,,,,,,,,,,,,,,,,,
IBKS제25호스팩,기업인수 및 합병,,0099X0,대한민국,신규상장,주권,2025-12-19,,IBK투자증권(주),금융 지원 서비스업,100,"2,000","10,000,000","5,980,000",,,0.0,,, , ,,0% ,,,,,,,,,,,,,,,,,,,,,,,,
알지노믹스,"인체질환치료제 및 진단제, 진단용 유전자재조합 의약품",,476830,대한민국,신규상장,주권,2025-12-18,,"엔에이치투자증권(주),삼성증권(주)",자연과학 및 공학 연구개발업,500,"22,500","46,350,000","13,756,000",,,0.0,,, , ,,0% ,,,,,,,,,,,,,,,,,,,,,,,,
나라스페이스테크놀로지,초소형 인공위성 및 위성 데이터 서비스,,478340,대한민국,신규상장,주권,2025-12-17,,삼성증권(주),"항공기,우주선 및 부품 제조업",100,"16,500","28,380,000","11,533,591",,,0.0,,, , ,,0% ,,,,,,,,,,,,,,,,,,,,,,,,
아크릴,"통합 인공지능 플랫폼 조나단, 의료특화 인공지능 플랫폼 나디아",,0007C0,대한민국,신규상장,주권,2025-12-16,,신한투자증권 주식회사,소프트웨어 개발 및 공급업,500,"19,500","42,120,000","7,980,324",,,0.0,,, , ,,0% ,,,,,,,,,,,,,,,,,,,,,,,,
메리츠제1호스팩,기업인수합병,,0088D0,대한민국,신규상장,주권,2025-12-15,,메리츠증권 주식회사,금융 지원 서비스업,100,"2,000","11,000,000","5,795,000",,,0.0,,, , ,,0% ,,,,,,,,,,,,,,,,,,,,,,,,
티엠씨,"선박용케이블, 해양용케이블, 전력용케이블, 광케이블 등",,217590,대한민국,신규상장,주권,2025-12-15,,미래에셋증권 주식회사,절연선 및 케이블 제조업,100,"9,300","56,730,000","24,094,225",,,0.0,,, , ,,0% ,,,,,,,,,,,,,,,,,,,,,,,,
교보19호스팩,기업인수 및 합병,,0098T0,대한민국,신규상장,주권,2025-12-12,,교보증권(주),금융 지원 서비스업,100,"2,000","10,000,000","5,400,000",,,0.0,,, , ,,0% ,,,,,,,,,,,,,,,,,,,,,,,,
쿼드메디슨,마이크로니들 의약품,,464490,대한민국,신규상장,주권,2025-12-12,,엔에이치투자증권(주),기초 의약물질 제조업,500,"15,000","25,500,000","11,341,443",,,0.0,,, , ,,0% ,,,,,,,,,,,,,,,,,,,,,,,,
키움히어로제1호스팩,다른 회사와 인수합병,,466690,대한민국,신규상장,주권,2025-12-12,,키움증권(주),금융 지원 서비스업,100,"2,000","9,000,000","5,095,000",,,0.0,,, , ,,0% ,,,,,,,,,,,,,,,,,,,,,,,,
유진스팩12호,합병,,0105P0,대한민국,신규상장,주권,2025-12-11,,유진투자증권(주),금융 지원 서비스업,100,"2,000","10,000,000","5,660,000",,,0.0,,, , ,,0% ,,,,,,,,,,,,,,,,,,,,,,,,
이지스,디지털트윈 플랫폼,,261520,대한민국,신규상장,주권,2025-12-11,,엔에이치투자증권(주),소프트웨어 개발 및 공급업,100,"15,000","22,500,000","9,551,420",,,0.0,,, , ,,0% ,,,,,,,,,,,,,,,,,,,,,,,,
페스카로,"임베디드 보안 솔루션, 차량전장 소프트웨어",,0015S0,대한민국,신규상장,주권,2025-12-10,,"엔에이치투자증권(주),한화투자증권(주)","그외 기타 전문, 과학 및 기술 서비스업",500,"15,500","20,150,000","9,662,730",,,0.0,,, , ,,0% ,,,,,,,,,,,,,,,,,,,,,,,,
테라뷰,테라헤르츠 전자기파 발생 및 응용 검사장비,,950250,영국,신규상장,주식예탁증권,2025-12-09,,삼성증권(주),기타 금융업,0.01,"8,000","40,000,000","35,517,731",,,0.0,,, , ,,0% ,,,,,,,,,,,,,,,,,,,,,,,,
엔에이치스팩32호,합병,,0054V0,대한민국,신규상장,주권,2025-12-05,,엔에이치투자증권(주),금융 지원 서비스업,100,"2,000","10,300,000","6,216,500",,,0.0,,, , ,,0% ,,,,,,,,,,,,,,,,,,,,,,,,
에임드바이오,ADC 기반 항암제,,0009K0,대한민국,신규상장,주권,2025-12-04,,미래에셋증권 주식회사,자연과학 및 공학 연구개발업,500,"11,000","70,730,000","64,156,161",,,0.0,,, , ,,0% ,,,,,,,,,,,,,,,,,,,,,,,,
미래에셋비전스팩9호,기업인수합병,,0096D0,대한민국,신규상장,주권,2025-12-01,,미래에셋증권 주식회사,금융 지원 서비스업,100,"2,000","10,000,000","5,500,000",,,0.0,,, , ,,0% ,,,,,,,,,,,,,,,,,,,,,,,,
삼성스팩12호,기업인수합병,,0096B0,대한민국,신규상장,주권,2025-11-28,,삼성증권(주),기타 금융업,100,"2,000","12,000,000","6,580,000",,,0.0,,, , ,,0% ,,,,,,,,,,,,,,,,,,,,,,,,
아로마티카,천연·비건 화장품,,0015N0,대한민국,신규상장,주권,2025-11-27,,신한투자증권 주식회사,기타 화학제품 제조업,500,"8,000","24,000,000","12,715,050",,,0.0,,, , ,,0% ,,,,,,,,,,,,,,,,,,,,,,,,
미래에셋비전스팩8호,기업인수합병,,0093G0,대한민국,신규상장,주권,2025-11-27,,미래에셋증권 주식회사,금융 지원 서비스업,100,"2,000","12,000,000","6,400,000",,,0.0,,, , ,,0% ,,,,,,,,,,,,,,,,,,,,,,,,
신영스팩11호,기업인수합병,,0091W0,대한민국,신규상장,주권,2025-11-24,,신영증권(주),금융 지원 서비스업,100,"2,000","11,600,000","6,068,000",,,0.0,,, , ,,0% ,,,,,,,,,,,,,,,,,,,,,,,,
삼양바이오팜,의료기기 및 의약품,,0120G0,대한민국,재상장,주권,2025-11-24,,KB증권(주),의약품 제조업,500,-,-,"7,435,870",,,0.0,,, , ,, ,,,,,,,,,,,,,,,,,,,,,,,,
삼성에피스홀딩스,지주회사,,0126Z0,대한민국,재상장,주권,2025-11-24,,엔에이치투자증권(주),기타 금융업,"2,500",-,-,"24,883,049",,,0.0,,, , ,, ,,,,,,,,,,,,,,,,,,,,,,,,
비엔케이제3호스팩,기업인수합병,,0068Y0,대한민국,신규상장,주권,2025-11-21,,(주)비엔케이투자증권,금융 지원 서비스업,100,"2,000","8,000,000","4,310,000",,,0.0,,, , ,,0% ,,,,,,,,,,,,,,,,,,,,,,,,
비츠로넥스텍,"로켓연소기 및 가스발생기, 초전도가속장치, 핵융합 플라즈마 대향장치 등 제조",,488900,대한민국,신규상장,주권,2025-11-21,,엔에이치투자증권(주),"항공기,우주선 및 부품 제조업",500,"6,900","30,360,000","28,976,443",,,0.0,,, , ,,0% ,,,,,,,,,,,,,,,,,,,,,,,,
씨엠티엑스,반도체 장비용 소모성 부품,,388210,대한민국,신규상장,주권,2025-11-20,,미래에셋증권 주식회사,전자부품 제조업,500,"60,500","60,500,000","9,272,688",,,0.0,,, , ,,0% ,,,,,,,,,,,,,,,,,,,,,,,,
아이엘커누스,IoT 스마트제어솔루션,,403810,대한민국,신규상장,주권,2025-11-18,,아이비케이투자증권(주),전자부품 제조업,100,-,-,"9,291,896",,,0.0,,, , ,, ,,,,,,,,,,,,,,,,,,,,,,,,
더핑크퐁컴퍼니,"콘텐츠, 라이선스, MD, 기타",,403850,대한민국,신규상장,주권,2025-11-18,,"미래에셋증권 주식회사,삼성증권(주)","영화, 비디오물, 방송프로그램 제작 및 배급업",100,"38,000","76,000,000","14,351,010",,,0.0,,, , ,,0% ,,,,,,,,,,,,,,,,,,,,,,,,
그린광학,초정밀 광학 시스템 및 광학 소재,,0015G0,대한민국,신규상장,주권,2025-11-17,,신영증권(주),사진장비 및 광학기기 제조업,500,"16,000","32,000,000","11,702,541",,,0.0,,, , ,,0% ,,,,,,,,,,,,,,,,,,,,,,,,
세나테크놀로지,"메시통신제품, 스마트 헬멧",,061090,대한민국,신규상장,주권,2025-11-14,,"신한투자증권 주식회사,KB증권(주)",통신 및 방송 장비 제조업,500,"56,800","31,808,000","5,577,274",,,0.0,,, , ,,0% ,,,,,,,,,,,,,,,,,,,,,,,,
큐리오시스,라이브셀 이미징 기기 등,,494120,대한민국,신규상장,주권,2025-11-13,,키움증권(주),사진장비 및 광학기기 제조업,500,"22,000","26,400,000","7,606,082",,,0.0,,, , ,,0% ,,,,,,,,,,,,,,,,,,,,,,,,
이노테크,복합 신뢰성 환경시험 장비,,469610,대한민국,신규상장,주권,2025-11-07,,KB증권(주),특수 목적용 기계 제조업,500,"14,700","25,872,000","8,876,900",,,0.0,,, , ,,0% ,,,,,,,,,,,,,,,,,,,,,,,,
노타,AI 최적화 및 경량화 소프트웨어,,486990,대한민국,신규상장,주권,2025-11-03,,미래에셋증권 주식회사,소프트웨어 개발 및 공급업,100,"9,100","26,535,600","21,161,880",,,0.0,,, , ,,0% ,,,,,,,,,,,,,,,,,,,,,,,,
명인제약,"신경정신계열, 구강계열 완제의약품",,317450,대한민국,신규상장,주권,2025-10-01,,KB증권(주),의약품 제조업,500,"58,000","197,200,000","14,600,000",,,0.0,,, , ,,0% ,,,,,,,,,,,,,,,,,,,,,,,,
삼성스팩11호,기업인수합병,,0071M0,대한민국,신규상장,주권,2025-09-30,,삼성증권(주),금융 지원 서비스업,100,"2,000","10,000,000","5,760,000",,,0.0,,, , ,,0% ,,,,,,,,,,,,,,,,,,,,,,,,
KB제33호스팩,기업인수합병,,0072Z0,대한민국,신규상장,주권,2025-09-30,,KB증권(주),금융 지원 서비스업,100,"2,000","15,000,000","7,885,000",,,0.0,,, , ,,0% ,,,,,,,,,,,,,,,,,,,,,,,,
에스투더블유,"공공/정부기관용 사이버안보 빅데이터 플랫폼, 기업 및 기관용 사이버위협 인텔리전스 플랫폼, 산업용 생성형 AI 플랫폼",,488280,대한민국,신규상장,주권,2025-09-19,,대신증권(주),소프트웨어 개발 및 공급업,500,"13,200","20,856,000","10,587,956",,,0.0,,, , ,,0% ,,,,,,,,,,,,,,,,,,,,,,,,
본시스템즈,감속기 등 로봇부품,,496320,대한민국,신규상장,주권,2025-09-08,,아이비케이투자증권(주),특수 목적용 기계 제조업,100,-,-,"1,000,000",,,0.0,,, , ,, ,,,,,,,,,,,,,,,,,,,,,,,,
그래피,"형상기억 투명교정장치, 3D프린팅 소재, 질소경화기 등",,318060,대한민국,신규상장,주권,2025-08-25,,"신한투자증권 주식회사,KB증권(주)",합성고무 및 플라스틱 물질 제조업,500,"15,000","29,250,000","11,038,777",,,0.0,,, , ,,0% ,,,,,,,,,,,,,,,,,,,,,,,,
제이피아이헬스케어,"X-ray Grid, 의료영상기기 등",,0010V0,대한민국,신규상장,주권,2025-08-21,,키움증권(주),의료용 기기 제조업,500,"20,000","31,600,000","5,105,400",,,0.0,,, , ,,0% ,,,,,,,,,,,,,,,,,,,,,,,,
삼성스팩10호,기업인수합병,,0044K0,대한민국,신규상장,주권,2025-08-21,,삼성증권(주),금융 지원 서비스업,100,"2,000","14,000,000","7,520,000",,,0.0,,, , ,,0% ,,,,,,,,,,,,,,,,,,,,,,,,
한라캐스트,"마그네슘 및 알루미늄 다이캐스팅 제품(차량, 가전용 경량화 소재 부품)",,125490,대한민국,신규상장,주권,2025-08-20,,대신증권(주),자동차 신품 부품 제조업,100,"5,800","43,500,000","36,502,352",,,0.0,,, , ,,0% ,,,,,,,,,,,,,,,,,,,,,,,,
에스엔시스,"파워솔루션, 에코솔루션, 운항제어솔루션, MRO 솔루션",,0008Z0,대한민국,신규상장,주권,2025-08-19,,신한투자증권 주식회사,"전동기, 발전기 및 전기 변환 · 공급 · 제어 장치 제조업",500,"30,000","57,000,000","9,436,564",,,0.0,,, , ,,0% ,,,,,,,,,,,,,,,,,,,,,,,,
삼양컴텍,"방위산업방탄제품(K-SAP, 유리섬유제품, 방탄헬멧, 위장망, 방탄복), 항공기부품 제조, 도매, 무역",,484590,대한민국,신규상장,주권,2025-08-18,,"신한투자증권 주식회사,엔에이치투자증권(주)",무기 및 총포탄 제조업,500,"7,700","111,650,000","41,210,450",,,0.0,,, , ,,0% ,,,,,,,,,,,,,,,,,,,,,,,,
교보18호스팩,기업인수합병,,0041B0,대한민국,신규상장,주권,2025-08-14,,교보증권(주),금융 지원 서비스업,100,"2,000","9,000,000","5,040,000",,,0.0,,, , ,,0% ,,,,,,,,,,,,,,,,,,,,,,,,
지투지바이오,장기 약효지속성 주사제 개발,,456160,대한민국,신규상장,주권,2025-08-14,,미래에셋증권 주식회사,의약품 제조업,500,"58,000","52,200,000","5,365,694",,,0.0,,, , ,,0% ,,,,,,,,,,,,,,,,,,,,,,,,
아이티켐,"원료의약품, 의약품중간체 및 전자재료 등",,309710,대한민국,신규상장,주권,2025-08-07,,KB증권(주),기초 의약물질 제조업,500,"16,100","32,200,000","12,583,001",,,0.0,,, , ,,0% ,,,,,,,,,,,,,,,,,,,,,,,,
하나35호스팩,기업인수합병,,0041L0,대한민국,신규상장,주권,2025-08-06,,하나증권주식회사,금융 지원 서비스업,100,"2,000","11,000,000","6,030,000",,,0.0,,, , ,,0% ,,,,,,,,,,,,,,,,,,,,,,,,
대한조선,선박 및 보트 건조업,,439260,대한민국,신규상장,주권,2025-08-01,,"신영증권(주),KB증권(주),엔에이치투자증권(주)",선박 및 보트 건조업,"5,000","50,000","500,000,000","38,526,312",,,0.0,,, , ,,0% ,,,,,,,,,,,,,,,,,,,,,,,,
프로티나,단백질간 상호작용 바이오마커 개발 및 분석서비스,,468530,대한민국,신규상장,주권,2025-07-29,,한국투자증권(주),자연과학 및 공학 연구개발업,100,"14,000","21,000,000","10,784,365",,,0.0,,, , ,,0% ,,,,,,,,,,,,,,,,,,,,,,,,
엔알비,이동형 모듈러 임대 및 판매,,475230,대한민국,신규상장,주권,2025-07-28,,엔에이치투자증권(주),기타 금속 가공제품 제조업,500,"21,000","44,100,000","10,427,139",,,0.0,,, , ,,0% ,,,,,,,,,,,,,,,,,,,,,,,,
뉴로핏,"Neurophet AQUA, Neurophet Scale PET, Neurophet AQUA AD",,380550,대한민국,신규상장,주권,2025-07-25,,미래에셋증권 주식회사,소프트웨어 개발 및 공급업,"1,000","14,000","28,000,000","11,476,035",,,0.0,,, , ,,0% ,,,,,,,,,,,,,,,,,,,,,,,,
도우인시스,초박형 유리(UTG),,484120,대한민국,신규상장,주권,2025-07-23,,키움증권(주),전자부품 제조업,500,"32,000","44,800,000","10,757,022",,,0.0,,, , ,,0% ,,,,,,,,,,,,,,,,,,,,,,,,
디비금융제14호스팩,기업인수목적회사,,0004Y0,대한민국,신규상장,주권,2025-07-22,,DB증권주식회사,기타 금융업,100,"2,000","10,000,000","5,315,000",,,0.0,,, , ,,0% ,,,,,,,,,,,,,,,,,,,,,,,,
엘에스스팩1호,기업인수합병,,0041J0,대한민국,신규상장,주권,2025-07-22,,엘에스증권 주식회사,금융 지원 서비스업,100,"2,000","8,000,000","4,110,000",,,0.0,,, , ,,0% ,,,,,,,,,,,,,,,,,,,,,,,,
아우토크립트,자동차 사이버보안 소프트웨어 및 솔루션,,331740,대한민국,신규상장,주권,2025-07-15,,대신증권(주),소프트웨어 개발 및 공급업,500,"22,000","30,800,000","9,569,672",,,0.0,,, , ,,0% ,,,,,,,,,,,,,,,,,,,,,,,,
대신밸류리츠,부동산 임대,,0030R0,대한민국,신규상장,부동산투자회사,2025-07-10,,"한국투자증권(주),대신증권(주)",신탁업 및 집합투자업,500,"5,000","96,500,000","59,780,000",,,0.0,,, , ,,0% ,,,,,,,,,,,,,,,,,,,,,,,,
싸이닉솔루션,"ASIC, ASSP, 용역, 상품 등",,234030,대한민국,신규상장,주권,2025-07-07,,대신증권(주),반도체 제조업,100,"4,700","16,450,000","23,605,000",,,0.0,,, , ,,0% ,,,,,,,,,,,,,,,,,,,,,,,,
KB제32호스팩,기업인수합병,,0037T0,대한민국,신규상장,주권,2025-07-04,,KB증권(주),금융 지원 서비스업,100,"2,000","12,000,000","6,330,000",,,0.0,,, , ,,0% ,,,,,,,,,,,,,,,,,,,,,,,,
뉴엔AI,AI 빅데이터 분석 플랫폼,,463020,대한민국,신규상장,주권,2025-07-04,,엔에이치투자증권(주),소프트웨어 개발 및 공급업,500,"15,000","33,300,000","8,879,200",,,0.0,,, , ,,0% ,,,,,,,,,,,,,,,,,,,,,,,,
지에프씨생명과학,"마이크로바이옴, 엑소좀 기반 바이오 소재",,388610,대한민국,이전상장,주권,2025-06-30,,대신증권(주),기타 화학제품 제조업,500,"15,300","11,995,200","5,225,709",,,0.0,,, , ,,0% ,,,,,,,,,,,,,,,,,,,,,,,,
지씨지놈,"G-NIPT, 아이캔서치, 암패널, 희귀패널 등",,340450,대한민국,신규상장,주권,2025-06-11,,삼성증권(주),"그외 기타 전문, 과학 및 기술 서비스업",500,"10,500","42,000,000","23,650,793",,,0.0,,, , ,,0% ,,,,,,,,,,,,,,,,,,,,,,,,
링크솔루션,3D 프린터 및 3D 프린팅 서비스,,474650,대한민국,신규상장,주권,2025-06-10,,신영증권(주),특수 목적용 기계 제조업,100,"23,000","20,700,000","5,579,032",,,0.0,,, , ,,0% ,,,,,,,,,,,,,,,,,,,,,,,,
키스트론,"전자부품용 와이어, 케이블용 와이어 등",,475430,대한민국,신규상장,주권,2025-06-02,,신한투자증권 주식회사,절연선 및 케이블 제조업,500,"3,600","22,680,000","17,848,110",,,0.0,,, , ,,0% ,,,,,,,,,,,,,,,,,,,,,,,,
신한제16호스팩,기타금융서비스(기업합병),,496070,대한민국,신규상장,주권,2025-05-29,,신한투자증권 주식회사,금융 지원 서비스업,100,"2,000","10,000,000","5,620,000",,,0.0,,, , ,,0% ,,,,,,,,,,,,,,,,,,,,,,,,
인투셀,ADC 링커/톡신 플랫폼 기술,,287840,대한민국,신규상장,주권,2025-05-23,,미래에셋증권 주식회사,자연과학 및 공학 연구개발업,500,"17,000","25,500,000","14,829,094",,,0.0,,, , ,,0% ,,,,,,,,,,,,,,,,,,,,,,,,
달바글로벌,"기초 화장품, 건강기능식품 등",,483650,대한민국,신규상장,주권,2025-05-22,,미래에셋증권 주식회사,기타 화학제품 제조업,100,"66,300","43,360,200","12,069,665",,,0.0,,, , ,,0% ,,,,,,,,,,,,,,,,,,,,,,,,
바이오비쥬,스킨부스터 제품 및 필러,,489460,대한민국,신규상장,주권,2025-05-20,,대신증권(주),기타 화학제품 제조업,500,"9,100","27,300,000","15,044,430",,,0.0,,, , ,,0% ,,,,,,,,,,,,,,,,,,,,,,,,
이뮨온시아,면역항암제 신약개발,,424870,대한민국,신규상장,주권,2025-05-19,,한국투자증권(주),자연과학 및 공학 연구개발업,500,"3,600","32,905,735","73,004,309",,,0.0,,, , ,,0% ,,,,,,,,,,,,,,,,,,,,,,,,
로킷헬스케어,장기 재생 플랫폼,,376900,대한민국,신규상장,주권,2025-05-12,,SK증권(주),의료용품 및 기타 의약 관련제품 제조업,500,"11,000","17,160,000","9,669,449",,,0.0,,, , ,,0% ,,,,,,,,,,,,,,,,,,,,,,,,
원일티엔아이,"수소저장합금, 고압연소식기화기",,136150,대한민국,신규상장,주권,2025-05-09,,엔에이치투자증권(주),일반 목적용 기계 제조업,500,"13,500","16,200,000","8,381,030",,,0.0,,, , ,,0% ,,,,,,,,,,,,,,,,,,,,,,,,
오가노이드사이언스,"오가노이드 기반 재생치료제, 오가노이드 기반 신소재평가 솔루션",,476040,대한민국,신규상장,주권,2025-05-09,,한국투자증권(주),자연과학 및 공학 연구개발업,500,"21,000","25,200,000","6,505,950",,,0.0,,, , ,,0% ,,,,,,,,,,,,,,,,,,,,,,,,
나우로보틱스,산업용로봇 및 로봇자동화시스템,,459510,대한민국,신규상장,주권,2025-05-08,,"대신증권(주),iM증권",특수 목적용 기계 제조업,500,"6,800","17,000,000","12,547,732",,,0.0,,, , ,,0% ,,,,,,,,,,,,,,,,,,,,,,,,
쎄크,"X-ray 검사장비, LINAC, Tabletop SEM",,081180,대한민국,신규상장,주권,2025-04-28,,신영증권(주),일반 목적용 기계 제조업,500,"15,000","18,000,000","8,725,535",,,0.0,,, , ,,0% ,,,,,,,,,,,,,,,,,,,,,,,,
한국피아이엠,"내연기관 부품(터보차저, DCT변속기), IT 부품(스마트워치/스마트링), 자율주행 부품(카메라 모듈 케이스)",,448900,대한민국,이전상장,주권,2025-04-04,,IBK투자증권(주),자동차 신품 부품 제조업,500,"11,200","14,560,000","6,004,457",,,0.0,,, , ,,0% ,,,,,,,,,,,,,,,,,,,,,,,,
에이유브랜즈,"레인부츠, 스니커즈, 겨울화, 패션잡화 등",,481070,대한민국,신규상장,주권,2025-04-03,,한국투자증권(주),"섬유, 의복, 신발 및 가죽제품 소매업",100,"16,000","32,000,000","14,160,000",,,0.0,,, , ,,0% ,,,,,,,,,,,,,,,,,,,,,,,,
더즌,디지털뱅킹 솔루션(B2B 금융 서비스),,462860,대한민국,신규상장,주권,2025-03-24,,한국투자증권(주),전기 통신업,100,"9,000","22,500,000","23,561,578",,,0.0,,, , ,,0% ,,,,,,,,,,,,,,,,,,,,,,,,
심플랫폼,NUBISON AIoT(산업용 데이터 수집과 산업용 AI서비스 운영),,444530,대한민국,신규상장,주권,2025-03-21,,KB증권(주),소프트웨어 개발 및 공급업,500,"15,000","13,800,000","6,135,447",,,0.0,,, , ,,0% ,,,,,,,,,,,,,,,,,,,,,,,,
한텍,"열교환기 등 화공기기, 저장용 탱크",,098070,대한민국,신규상장,주권,2025-03-20,,대신증권(주),일반 목적용 기계 제조업,"5,000","10,800","35,737,200","11,121,141",,,0.0,,, , ,,0% ,,,,,,,,,,,,,,,,,,,,,,,,
티엑스알로보틱스,"물류자동화, 로봇자동화, AMR/AGV",,484810,대한민국,신규상장,주권,2025-03-20,,"신한투자증권 주식회사,엔에이치투자증권(주)",일반 목적용 기계 제조업,500,"13,500","41,517,900","15,450,915",,,0.0,,, , ,,0% ,,,,,,,,,,,,,,,,,,,,,,,,
한화플러스제5호스팩,-,,498390,대한민국,신규상장,주권,2025-03-20,,한화투자증권(주),금융 지원 서비스업,100,"2,000","9,500,000","4,960,000",,,0.0,,, , ,,0% ,,,,,,,,,,,,,,,,,,,,,,,,
씨케이솔루션,"드라이룸/클린룸 등 건물용 기계, 장비 설치 공사업",,480370,대한민국,신규상장,주권,2025-03-17,,엔에이치투자증권(주),"건축기술, 엔지니어링 및 관련 기술 서비스업",100,"15,000","22,500,000","10,934,861",,,0.0,,, , ,,0% ,,,,,,,,,,,,,,,,,,,,,,,,
서울보증보험,"보증보험, 신용보험 등",,031210,대한민국,신규상장,주권,2025-03-14,,"미래에셋증권 주식회사,삼성증권(주)",보험업,"2,500","26,000","181,536,160","69,821,598",,,0.0,,, , ,,0% ,,,,,,,,,,,,,,,,,,,,,,,,
엠디바이스,반도체기억장치,,226590,대한민국,신규상장,주권,2025-03-07,,삼성증권(주),전자부품 제조업,500,"8,350","10,521,000","10,567,784",,,0.0,,, , ,,0% ,,,,,,,,,,,,,,,,,,,,,,,,
대진첨단소재,"이차전지 공정용 대전방지트레이, 대전방지코팅액, 이차전지용 PET이형필름",,393970,대한민국,신규상장,주권,2025-03-06,,미래에셋증권 주식회사,플라스틱제품 제조업,500,"9,000","27,000,000","14,796,820",,,0.0,,, , ,,0% ,,,,,,,,,,,,,,,,,,,,,,,,
엘케이켐,"반도체 소재(CP, PCP, DIS) 등",,489500,대한민국,신규상장,주권,2025-02-25,,신영증권(주),기타 화학제품 제조업,100,"21,000","21,000,000","6,278,056",,,0.0,,, , ,,0% ,,,,,,,,,,,,,,,,,,,,,,,,
위너스,"배선기구(스위치, 콘센트, 멀티탭), 전기차 충전기(급속, 완속)",,479960,대한민국,신규상장,주권,2025-02-24,,미래에셋증권 주식회사,기타 전기장비 제조업,200,"8,500","14,450,000","6,851,000",,,0.0,,, , ,,0% ,,,,,,,,,,,,,,,,,,,,,,,,
모티브링크,"EV용 Main Transformer, EV용 Line Filter",,463480,대한민국,신규상장,주권,2025-02-20,,미래에셋증권 주식회사,전자부품 제조업,200,"6,000","18,123,540","12,390,358",,,0.0,,, , ,,0% ,,,,,,,,,,,,,,,,,,,,,,,,
동국생명과학,"조영제 완제 및 원료, 의료기기 유통",,303810,대한민국,신규상장,주권,2025-02-17,,"엔에이치투자증권(주),KB증권(주)",의약품 제조업,500,"9,000","18,000,000","15,992,070",,,0.0,,, , ,,0% ,,,,,,,,,,,,,,,,,,,,,,,,
오름테라퓨틱,항체약물접합체(ADC) 단백질 분해제(TPD) 연구 개발,,475830,대한민국,신규상장,주권,2025-02-14,,한국투자증권(주),기초 의약물질 제조업,100,"20,000","50,000,000","20,929,118",,,0.0,,, , ,,0% ,,,,,,,,,,,,,,,,,,,,,,,,
동방메디컬,"필러, 한방침",,240550,대한민국,신규상장,주권,2025-02-13,,엔에이치투자증권(주),의료용 기기 제조업,500,"10,500","31,500,000","20,586,940",,,0.0,,, , ,,0% ,,,,,,,,,,,,,,,,,,,,,,,,
아이에스티이,반도체 제조용 장비,,212710,대한민국,신규상장,주권,2025-02-12,,KB증권(주),반도체 제조업,500,"11,400","14,820,000","8,999,478",,,0.0,,, , ,,0% ,,,,,,,,,,,,,,,,,,,,,,,,
LG씨엔에스,"컨설팅, 시스템 구축/운영, 토탈 아웃소싱 및 AI, 클라우드·스마트팩토리 등 IT신기술 기반의 DX사업",,064400,대한민국,신규상장,주권,2025-02-05,,"KB증권(주),메릴린치인터내셔날엘엘씨증권 서울지점,모간스탠리인터내셔날증권회사 서울지점","컴퓨터 프로그래밍, 시스템 통합 및 관리업",500,"61,900","1,199,448,061","96,885,948",,,0.0,,, , ,,0% ,,,,,,,,,,,,,,,,,,,,,,,,
피아이이,AI 비전 솔루션 및 스마트팩토리 솔루션,,452450,대한민국,신규상장,주권,2025-02-04,,삼성증권(주),특수 목적용 기계 제조업,100,"5,000","18,000,000","35,826,000",,,0.0,,, , ,,0% ,,,,,,,,,,,,,,,,,,,,,,,,
아이지넷,"보험 서비스 어플리케이션, 기업용 보험 솔루션",,462980,대한민국,신규상장,주권,2025-02-04,,한국투자증권(주),기타 정보 서비스업,500,"7,000","14,000,000","18,234,437",,,0.0,,, , ,,0% ,,,,,,,,,,,,,,,,,,,,,,,,
삼양엔씨켐,"반도체 포토레지스트용 기초화합물(KrF PR용 소재, ArF PR용 소재, Wet Chemical)",,482630,대한민국,신규상장,주권,2025-02-03,,KB증권(주),기타 화학제품 제조업,500,"18,000","19,800,000","10,830,140",,,0.0,,, , ,,0% ,,,,,,,,,,,,,,,,,,,,,,,,
와이즈넛,"검색엔진, 챗봇, 클라우드서비스",,096250,대한민국,신규상장,주권,2025-01-24,,삼성증권(주),소프트웨어 개발 및 공급업,500,"17,000","15,300,000","13,065,612",,,0.0,,, , ,,0% ,,,,,,,,,,,,,,,,,,,,,,,,
데이원컴퍼니,성인대상 교육서비스,,373160,대한민국,신규상장,주권,2025-01-24,,"미래에셋증권 주식회사,삼성증권(주)",기타 교육기관,500,"13,000","17,693,000","13,605,424",,,0.0,,, , ,,0% ,,,,,,,,,,,,,,,,,,,,,,,,
아스테라시스,"피부 미용의료기기 제조, 판매",,450950,대한민국,신규상장,주권,2025-01-24,,DB증권주식회사,의료용 기기 제조업,100,"4,600","16,790,000","36,514,642",,,0.0,,, , ,,0% ,,,,,,,,,,,,,,,,,,,,,,,,
미트박스,축산물 도소매 판매 및 중개,,475460,대한민국,신규상장,주권,2025-01-23,,미래에셋증권 주식회사,기타 정보 서비스업,100,"19,000","19,000,000","5,559,750",,,0.0,,, , ,,0% ,,,,,,,,,,,,,,,,,,,,,,,,
유안타제17호스팩,금융 지원 서비스업,,493790,대한민국,신규상장,주권,2025-01-23,,유안타증권(주),금융 지원 서비스업,100,"2,000","10,000,000","5,310,000",,,0.0,,, , ,,0% ,,,,,,,,,,,,,,,,,,,,,,,,
오션스바이오,전자약,,332190,대한민국,신규상장,주권,2025-01-14,,교보증권(주),의료용 기기 제조업,100,-,-,"1,477,839",,,0.0,,, , ,, ,,,,,,,,,,,,,,,,,,,,,,,,
파인메딕스,"인젝터, 스네어, 나이프, 포셉 등 내시경용 시술기구",,387570,대한민국,신규상장,주권,2024-12-26,,한국투자증권(주),의료용 기기 제조업,100,"10,000","9,000,000","5,625,900",,,0.0,,, , ,,0% ,,,,,,,,,,,,,,,,,,,,,,,,
쓰리에이로직스,NFC/IoT SoC 및 모듈,,177900,대한민국,신규상장,주권,2024-12-24,,"신한투자증권 주식회사,미래에셋증권 주식회사",반도체 제조업,500,"11,000","20,431,400","9,286,800",,,0.0,,, , ,,0% ,,,,,,,,,,,,,,,,,,,,,,,,
창대정밀,정밀금형 및 사출품,,368030,대한민국,신규상장,주권,2024-12-23,,아이비케이투자증권(주),특수 목적용 기계 제조업,"5,000",-,-,"1,749,307",,,0.0,,, , ,, ,,,,,,,,,,,,,,,,,,,,,,,,
신한제14호스팩,금융 지원 서비스업,,487360,대한민국,신규상장,주권,2024-12-23,,신한투자증권 주식회사,금융 지원 서비스업,100,"2,000","10,000,000","5,640,000",,,0.0,,, , ,,0% ,,,,,,,,,,,,,,,,,,,,,,,,
유비씨,"디지털트윈 구현 플랫폼(Flexing CPS, Flexing DT 등)",,495810,대한민국,신규상장,주권,2024-12-23,,아이비케이투자증권(주),소프트웨어 개발 및 공급업,100,-,-,"2,500,000",,,0.0,,, , ,, ,,,,,,,,,,,,,,,,,,,,,,,,
GS피앤엘,지주회사,,499790,대한민국,재상장,주권,2024-12-23,,엔에이치투자증권(주),기타 금융업,"1,000",-,-,"19,830,841",,,0.0,,, , ,, ,,,,,,,,,,,,,,,,,,,,,,,,
듀켐바이오,방사성의약품,,176750,대한민국,이전상장,주권,2024-12-20,,엔에이치투자증권(주),의약품 제조업,500,"8,000","11,440,000","28,455,220",,,0.0,,, , ,,0% ,,,,,,,,,,,,,,,,,,,,,,,,
키움제10호스팩,기업 인수합병,,487720,대한민국,신규상장,주권,2024-12-20,,키움증권(주),금융 지원 서비스업,100,"2,000","7,800,000","4,230,000",,,0.0,,, , ,,0% ,,,,,,,,,,,,,,,,,,,,,,,,
온코닉테라퓨틱스,"자큐보정(Zastaprazan, 소화기질환 신약), Nesuparib(표적항암제 신약)",,476060,대한민국,신규상장,주권,2024-12-19,,엔에이치투자증권(주),자연과학 및 공학 연구개발업,500,"13,000","20,150,000","10,803,960",,,0.0,,, , ,,0% ,,,,,,,,,,,,,,,,,,,,,,,,
온코크로스,AI플랫폼 기반 신약개발 용역서비스,,382150,대한민국,신규상장,주권,2024-12-18,,미래에셋증권 주식회사,자연과학 및 공학 연구개발업,500,"7,300","10,387,900","11,857,937",,,0.0,,, , ,,0% ,,,,,,,,,,,,,,,,,,,,,,,,
벡트,"프로젝터, 전자칠판, 전자교탁 및 관련 영상 소프트웨어, 콘텐츠 등",,457600,대한민국,신규상장,주권,2024-12-16,,신한투자증권 주식회사,영상 및 음향기기 제조업,100,"3,900","18,525,000","13,707,500",,,0.0,,, , ,,0% ,,,,,,,,,,,,,,,,,,,,,,,,
엠앤씨솔루션,방위산업용 유압식/전기식 부품 및 시스템,,484870,대한민국,신규상장,주권,2024-12-16,,KB증권(주),특수 목적용 기계 제조업,100,"65,000","156,000,000","9,153,900",,,0.0,,, , ,,0% ,,,,,,,,,,,,,,,,,,,,,,,,
에이엠시지,심자계,,495900,대한민국,신규상장,주권,2024-12-13,,대신증권(주),의료용 기기 제조업,500,-,-,"4,915,384",,,0.0,,, , ,, ,,,,,,,,,,,,,,,,,,,,,,,,
KB제31호스팩,기업인수합병,,492220,대한민국,신규상장,주권,2024-12-12,,KB증권(주),금융 지원 서비스업,100,"2,000","12,000,000","6,210,000",,,0.0,,, , ,,0% ,,,,,,,,,,,,,,,,,,,,,,,,
키움제11호스팩,기업 인수합병,,489480,대한민국,신규상장,주권,2024-12-11,,키움증권(주),금융 지원 서비스업,100,"2,000","10,000,000","6,600,000",,,0.0,,, , ,,0% ,,,,,,,,,,,,,,,,,,,,,,,,
디비금융제13호스팩,기업인수 및 합병,,489730,대한민국,신규상장,주권,2024-11-28,,DB증권주식회사,기타 금융업,100,"2,000","12,000,000","6,332,000",,,0.0,,, , ,,0% ,,,,,,,,,,,,,,,,,,,,,,,,
교보17호스팩,기업인수합병,,489210,대한민국,신규상장,주권,2024-11-21,,교보증권(주),금융 지원 서비스업,100,"2,000","10,000,000","5,180,000",,,0.0,,, , ,,0% ,,,,,,,,,,,,,,,,,,,,,,,,
위츠,"무선충전소재, 부품 제조",,459100,대한민국,신규상장,주권,2024-11-20,,신한투자증권 주식회사,전자부품 제조업,500,"6,400","19,200,000","12,416,000",,,0.0,,, , ,,0% ,,,,,,,,,,,,,,,,,,,,,,,,
대신밸런스제19호스팩,기업 인수 및 합병,,482690,대한민국,신규상장,주권,2024-11-20,,대신증권(주),금융 지원 서비스업,100,"2,000","11,000,000","5,615,000",,,0.0,,, , ,,0% ,,,,,,,,,,,,,,,,,,,,,,,,
사이냅소프트,"웹 기반 문서뷰어, 문서필터, 웹 에디터 등",,466410,대한민국,신규상장,주권,2024-11-19,,엔에이치투자증권(주),소프트웨어 개발 및 공급업,500,"24,500","24,745,000","5,037,023",,,0.0,,, , ,,0% ,,,,,,,,,,,,,,,,,,,,,,,,
하나34호스팩,기업인수목적,,484130,대한민국,신규상장,주권,2024-11-19,,하나증권주식회사,금융 지원 서비스업,100,"2,000","8,000,000","4,520,000",,,0.0,,, , ,,0% ,,,,,,,,,,,,,,,,,,,,,,,,
엠오티,이차전지 제조 자동화 설비,,413390,대한민국,신규상장,주권,2024-11-18,,한국투자증권(주),특수 목적용 기계 제조업,500,"10,000","17,500,000","11,580,180",,,0.0,,, , ,,0% ,,,,,,,,,,,,,,,,,,,,,,,,
에스켐,OLED 유기화합물 등,,475660,대한민국,신규상장,주권,2024-11-18,,엔에이치투자증권(주),기타 화학제품 제조업,500,"10,000","19,500,000","7,781,835",,,0.0,,, , ,,0% ,,,,,,,,,,,,,,,,,,,,,,,,
신한제15호스팩,금융 지원 서비스업,,487830,대한민국,신규상장,주권,2024-11-15,,신한투자증권 주식회사,금융 지원 서비스업,100,"2,000","7,800,000","4,350,000",,,0.0,,, , ,,0% ,,,,,,,,,,,,,,,,,,,,,,,,
쓰리빌리언,유전체 분석 기반 희귀 유전질환 진단 검사 서비스,,394800,대한민국,신규상장,주권,2024-11-14,,한국투자증권(주),의료용 기기 제조업,100,"4,500","14,400,000","31,444,038",,,0.0,,, , ,,0% ,,,,,,,,,,,,,,,,,,,,,,,,
닷밀,"실감미디어 콘텐츠 및 시설 구축, 전시 및 테마파크 운영",,464580,대한민국,신규상장,주권,2024-11-13,,미래에셋증권 주식회사,"영화, 비디오물, 방송프로그램 제작 및 배급업",500,"13,000","15,600,000","9,147,948",,,0.0,,, , ,,0% ,,,,,,,,,,,,,,,,,,,,,,,,
노머스,"공연기획 및 MD, Fromm 플랫폼",,473980,대한민국,신규상장,주권,2024-11-12,,대신증권(주),창작 및 예술관련 서비스업,500,"30,200","34,126,000","10,709,617",,,0.0,,, , ,,0% ,,,,,,,,,,,,,,,,,,,,,,,,
에어레인,기체분리막 모듈 및 시스템,,163280,대한민국,신규상장,주권,2024-11-08,,신영증권(주),일반 목적용 기계 제조업,100,"23,000","27,600,000","8,174,789",,,0.0,,, , ,,0% ,,,,,,,,,,,,,,,,,,,,,,,,
토모큐브,"홀로토모그래피 HT-X1, HT-2H",,475960,대한민국,신규상장,주권,2024-11-07,,대신증권(주),사진장비 및 광학기기 제조업,500,"16,000","32,000,000","12,731,194",,,0.0,,, , ,,0% ,,,,,,,,,,,,,,,,,,,,,,,,
더본코리아,프랜차이즈,,475560,대한민국,신규상장,주권,2024-11-06,,"한국투자증권(주),엔에이치투자증권(주)",상품 종합 도매업,500,"34,000","102,000,000","14,466,030",,,0.0,,, , ,,0% ,,,,,,,,,,,,,,,,,,,,,,,,
에이치이엠파마,"맞춤형 헬스케어, LBP 디스커버리 플랫폼",,376270,대한민국,신규상장,주권,2024-11-05,,신한투자증권 주식회사,자연과학 및 공학 연구개발업,500,"23,000","16,031,000","6,962,039",,,0.0,,, , ,,0% ,,,,,,,,,,,,,,,,,,,,,,,,
탑런토탈솔루션,전장디스플레이 및 pOLED 부품,,336680,대한민국,신규상장,주권,2024-11-01,,KB증권(주),전자부품 제조업,500,"18,000","45,000,000","19,572,779",,,0.0,,, , ,,0% ,,,,,,,,,,,,,,,,,,,,,,,,
에이럭스,교육용 드론/로봇 및 코딩 콘텐츠,,475580,대한민국,신규상장,주권,2024-11-01,,한국투자증권(주),그외 기타 제품 제조업,200,"16,000","24,000,000","13,237,930",,,0.0,,, , ,,0% ,,,,,,,,,,,,,,,,,,,,,,,,
성우,"이차전지 부품(2170 Topcap Ass'y, S4623 등), 자동차 전장부품(Motor Housing, EV Relay 등)",,458650,대한민국,신규상장,주권,2024-10-31,,한국투자증권(주),일차전지 및 이차전지 제조업,500,"32,000","96,000,000","15,045,670",,,0.0,,, , ,,0% ,,,,,,,,,,,,,,,,,,,,,,,,
유진스팩11호,기업인수합병,,488060,대한민국,신규상장,주권,2024-10-31,,유진투자증권(주),금융 지원 서비스업,100,"2,000","9,000,000","4,720,000",,,0.0,,, , ,,0% ,,,,,,,,,,,,,,,,,,,,,,,,
타조엔터테인먼트,"공연기획, 방송·공연",,476710,대한민국,신규상장,주권,2024-10-30,,아이비케이투자증권(주),창작 및 예술관련 서비스업,100,-,-,"1,000,000",,,0.0,,, , ,, ,,,,,,,,,,,,,,,,,,,,,,,,
클로봇,"로봇 소프트웨어(카멜레온, 크롬스)",,466100,대한민국,신규상장,주권,2024-10-28,,미래에셋증권 주식회사,소프트웨어 개발 및 공급업,500,"13,000","39,000,000","23,942,906",,,0.0,,, , ,,0% ,,,,,,,,,,,,,,,,,,,,,,,,
에이치엔에스하이텍,"ACF(이방성전도필름), 수정진동자/수정발진기",,044990,대한민국,이전상장,주권,2024-10-25,,미래에셋증권 주식회사,전자부품 제조업,500,"22,000","11,000,000","8,036,064",,,0.0,,, , ,,0% ,,,,,,,,,,,,,,,,,,,,,,,,
웨이비스,"GaN RF 칩, 패키지 트랜지스터, 모듈 등",,289930,대한민국,신규상장,주권,2024-10-25,,대신증권(주),반도체 제조업,500,"15,000","22,350,000","12,420,111",,,0.0,,, , ,,0% ,,,,,,,,,,,,,,,,,,,,,,,,
씨메스,AI 기반 로봇 솔루션 및 3D 비전 솔루션,,475400,대한민국,신규상장,주권,2024-10-24,,"유진투자증권(주),삼성증권(주)",특수 목적용 기계 제조업,500,"30,000","78,000,000","11,437,710",,,0.0,,, , ,,0% ,,,,,,,,,,,,,,,,,,,,,,,,
한켐,OLED 발광층 소재 등,,457370,대한민국,신규상장,주권,2024-10-22,,신영증권(주),기초 화학물질 제조업,500,"18,000","28,800,000","8,027,134",,,0.0,,, , ,,0% ,,,,,,,,,,,,,,,,,,,,,,,,
루미르,"인공위성 시스템 및 전장품, 위성 영상 및 정보",,474170,대한민국,신규상장,주권,2024-10-21,,엔에이치투자증권(주),"항공기,우주선 및 부품 제조업",500,"12,000","28,800,000","17,154,696",,,0.0,,, , ,,0% ,,,,,,,,,,,,,,,,,,,,,,,,
와이제이링크,SMT(PCB 표면실장) 이송 및 추적장비 등 스마트 공정장비,,209640,대한민국,신규상장,주권,2024-10-18,,KB증권(주),특수 목적용 기계 제조업,500,"12,000","42,720,000","14,221,573",,,0.0,,, , ,,0% ,,,,,,,,,,,,,,,,,,,,,,,,
인스피언,"SAP 보안 솔루션, SAP PO/CPI 컨설팅, EDI SaaS 플랫폼",,465480,대한민국,신규상장,주권,2024-10-18,,한국투자증권(주),소프트웨어 개발 및 공급업,100,"12,000","27,000,000","10,137,772",,,0.0,,, , ,,0% ,,,,,,,,,,,,,,,,,,,,,,,,
셀비온,"셀비온그린주, 셀비온메브로페닌주, 도페정 등",,308430,대한민국,신규상장,주권,2024-10-16,,대신증권(주),의약품 제조업,500,"15,000","28,665,000","12,739,009",,,0.0,,, , ,,0% ,,,,,,,,,,,,,,,,,,,,,,,,
제닉스,"Stocker, AGV/AMR",,381620,대한민국,신규상장,주권,2024-09-30,,신영증권(주),특수 목적용 기계 제조업,100,"40,000","26,400,000","4,372,640",,,0.0,,, , ,,0% ,,,,,,,,,,,,,,,,,,,,,,,,
한화인더스트리얼솔루션즈,비금융지주회사,,489790,대한민국,재상장,주권,2024-09-27,,엔에이치투자증권(주),기타 금융업,500,-,-,"50,488,390",,,0.0,,, , ,, ,,,,,,,,,,,,,,,,,,,,,,,,
KB제30호스팩,기업인수합병,,486630,대한민국,신규상장,주권,2024-09-25,,KB증권(주),금융 지원 서비스업,100,"2,000","10,000,000","5,310,000",,,0.0,,, , ,,0% ,,,,,,,,,,,,,,,,,,,,,,,,
아이언디바이스,스마트폰용 오디오 앰프 반도체 Soc,,464500,대한민국,신규상장,주권,2024-09-23,,대신증권(주),반도체 제조업,500,"7,000","21,000,000","13,653,263",,,0.0,,, , ,,0% ,,,,,,,,,,,,,,,,,,,,,,,,
미래에셋비전스팩7호,기업인수합병,,482680,대한민국,신규상장,주권,2024-09-11,,미래에셋증권 주식회사,금융 지원 서비스업,100,"2,000","15,900,000","8,215,000",,,0.0,,, , ,,0% ,,,,,,,,,,,,,,,,,,,,,,,,
아이스크림미디어,"교육출판, 커머스, 연수",,461300,대한민국,신규상장,주권,2024-08-30,,삼성증권(주),소프트웨어 개발 및 공급업,500,"32,000","78,700,000","13,063,433",,,0.0,,, , ,,0% ,,,,,,,,,,,,,,,,,,,,,,,,
이엔셀,"첨단바이오의약품 위탁개발생산(CDMO) 서비스 / 차세대 세포,유전자 치료제",,456070,대한민국,신규상장,주권,2024-08-23,,엔에이치투자증권(주),기초 의약물질 제조업,500,"15,300","23,972,040","9,349,954",,,0.0,,, , ,,0% ,,,,,,,,,,,,,,,,,,,,,,,,
M83,VFX,,476080,대한민국,신규상장,주권,2024-08-22,,신영증권(주),"영화, 비디오물, 방송프로그램 제작 및 배급업",100,"16,000","24,000,000","7,785,000",,,0.0,,, , ,,0% ,,,,,,,,,,,,,,,,,,,,,,,,
대신밸런스제18호스팩,금융 지원 서비스업,,478780,대한민국,신규상장,주권,2024-08-22,,대신증권(주),금융 지원 서비스업,100,"2,000","13,000","7,910,000",,,0.0,,, , ,,0% ,,,,,,,,,,,,,,,,,,,,,,,,
티디에스팜,"경피약물전달시스템(습포제, 첩부제)",,464280,대한민국,신규상장,주권,2024-08-21,,한국투자증권(주),의약품 제조업,100,"13,000","13,000,000","5,530,000",,,0.0,,, , ,,0% ,,,,,,,,,,,,,,,,,,,,,,,,
넥스트바이오메디컬,"내시경용 지혈재, 혈관색전 미립구",,389650,대한민국,신규상장,주권,2024-08-20,,한국투자증권(주),의료용 기기 제조업,500,"29,000","29,000,000","8,008,066",,,0.0,,, , ,,0% ,,,,,,,,,,,,,,,,,,,,,,,,
케이쓰리아이,XR 실감형콘텐츠,,431190,대한민국,신규상장,주권,2024-08-20,,하나증권주식회사,소프트웨어 개발 및 공급업,500,"15,500","21,700,000","7,486,442",,,0.0,,, , ,,0% ,,,,,,,,,,,,,,,,,,,,,,,,
전진건설로봇,콘크리트 펌프카,,079900,대한민국,신규상장,주권,2024-08-19,,미래에셋증권 주식회사,특수 목적용 기계 제조업,500,"16,500","50,781,225","15,360,574",,,0.0,,, , ,,0% ,,,,,,,,,,,,,,,,,,,,,,,,
유라클,모바일 앱 개발 플랫폼,,088340,대한민국,신규상장,주권,2024-08-16,,키움증권(주),소프트웨어 개발 및 공급업,500,"21,000","15,771,000","4,330,068",,,0.0,,, , ,,0% ,,,,,,,,,,,,,,,,,,,,,,,,
교보16호스팩,기업인수합병,,482520,대한민국,신규상장,주권,2024-08-13,,교보증권(주),금융 지원 서비스업,100,"2,000","11,600,000","6,100,000",,,0.0,,, , ,,0% ,,,,,,,,,,,,,,,,,,,,,,,,
뱅크웨어글로벌,국내외 은행 및 금융기업 대상 코어뱅킹 소프트웨어,,199480,대한민국,신규상장,주권,2024-08-12,,미래에셋증권 주식회사,소프트웨어 개발 및 공급업,500,"16,000","22,400,000","10,000,988",,,0.0,,, , ,,0% ,,,,,,,,,,,,,,,,,,,,,,,,
아이빔테크놀로지,"생체현미경, CRO 서비스",,460470,대한민국,신규상장,주권,2024-08-06,,삼성증권(주),사진장비 및 광학기기 제조업,500,"10,000","22,340,000","14,965,620",,,0.0,,, , ,,0% ,,,,,,,,,,,,,,,,,,,,,,,,
피앤에스미캐닉스,보행재활로봇 시스템,,460940,대한민국,신규상장,주권,2024-07-31,,키움증권(주),의료용 기기 제조업,500,"22,000","29,700,000","6,471,740",,,0.0,,, , ,,0% ,,,,,,,,,,,,,,,,,,,,,,,,
산일전기,"유입, 몰드, 주상, 건식 변압기 등",,062040,대한민국,신규상장,주권,2024-07-29,,미래에셋증권 주식회사,"전동기, 발전기 및 전기 변환 · 공급 · 제어 장치 제조업",500,"35,000","266,000,000","30,445,200",,,0.0,,, , ,,0% ,,,,,,,,,,,,,,,,,,,,,,,,
에이치에스효성,지주사업,,487570,대한민국,재상장,주권,2024-07-29,,KB증권(주),기타 금융업,"5,000",-,-,"3,725,927",,,0.0,,, , ,, ,,,,,,,,,,,,,,,,,,,,,,,,
엔에이치스팩31호,금융지원서비스업,,481890,대한민국,신규상장,주권,2024-07-26,,엔에이치투자증권(주),금융 지원 서비스업,100,"2,000","12,000,000","6,345,000",,,0.0,,, , ,,0% ,,,,,,,,,,,,,,,,,,,,,,,,
SK증권제13호스팩,기업인수목적 주식회사,,473950,대한민국,신규상장,주권,2024-07-25,,SK증권(주),금융 지원 서비스업,100,"2,000","8,000,000","4,420,000",,,0.0,,, , ,,0% ,,,,,,,,,,,,,,,,,,,,,,,,
엑셀세라퓨틱스,CellCor SFD/CD(세포배양배지),,373110,대한민국,신규상장,주권,2024-07-15,,대신증권(주),기초 의약물질 제조업,500,"10,000","16,180,000","10,830,212",,,0.0,,, , ,,0% ,,,,,,,,,,,,,,,,,,,,,,,,
이베스트스팩6호,기업인수목적 주식회사,,478110,대한민국,신규상장,주권,2024-07-12,,엘에스증권 주식회사,금융 지원 서비스업,100,"2,000","8,000,000","5,020,000",,,0.0,,, , ,,0% ,,,,,,,,,,,,,,,,,,,,,,,,
시프트업,게임 소프트웨어,,462870,대한민국,신규상장,주권,2024-07-11,,"한국투자증권(주),제이피모간증권회사 서울지점,엔에이치투자증권(주)",소프트웨어 개발 및 공급업,200,"60,000","435,000,000","58,025,720",,,0.0,,, , ,,0% ,,,,,,,,,,,,,,,,,,,,,,,,
하스,"리튬디실리케이트 수복소재(Amber block, Amber Ingot 등), 지르코니아 유치관",,450330,대한민국,신규상장,주권,2024-07-03,,삼성증권(주),의료용품 및 기타 의약 관련제품 제조업,500,"16,000","28,960,000","7,836,009",,,0.0,,, , ,,0% ,,,,,,,,,,,,,,,,,,,,,,,,
이노스페이스,"소형발사체, 로켓추진기관, 과학로켓, 시험평가용역",,462350,대한민국,신규상장,주권,2024-07-02,,미래에셋증권 주식회사,"항공기,우주선 및 부품 제조업","1,000","43,300","57,589,000","9,375,694",,,0.0,,, , ,,0% ,,,,,,,,,,,,,,,,,,,,,,,,
신한글로벌액티브리츠,신탁 및 집합투자,,481850,대한민국,신규상장,부동산투자회사,2024-07-01,,"신한투자증권 주식회사,한국투자증권(주)",신탁업 및 집합투자업,"1,000","3,000","70,000,002","43,477,664",,,0.0,,, , ,,0% ,,,,,,,,,,,,,,,,,,,,,,,,
팡스카이,게임 개발 및 리퍼블리싱,,266350,대한민국,신규상장,주권,2024-06-28,,키움증권(주),소프트웨어 개발 및 공급업,500,-,-,"7,895,050",,,0.0,,, , ,, ,,,,,,,,,,,,,,,,,,,,,,,,
에이치브이엠,"Ni계 합금, Fe계 합금, 스퍼터링타겟, Cu계 합금 등",,295310,대한민국,신규상장,주권,2024-06-28,,엔에이치투자증권(주),1차 비철금속 제조업,500,"18,000","43,200,000","11,901,931",,,0.0,,, , ,,0% ,,,,,,,,,,,,,,,,,,,,,,,,
하이젠알앤엠,"전동기 및 발전기 (범용모터, 서보모터)",,160190,대한민국,신규상장,주권,2024-06-27,,한국투자증권(주),"전동기, 발전기 및 전기 변환 · 공급 · 제어 장치 제조업",500,"7,000","23,800,000","30,888,000",,,0.0,,, , ,,0% ,,,,,,,,,,,,,,,,,,,,,,,,
한국제15호스팩,기업인수합병,,479880,대한민국,신규상장,주권,2024-06-26,,한국투자증권(주),금융 지원 서비스업,100,"2,000","12,500,000","6,870,000",,,0.0,,, , ,,0% ,,,,,,,,,,,,,,,,,,,,,,,,
에스오에스랩,산업용 및 차량용 라이다(LiDAR),,464080,대한민국,신규상장,주권,2024-06-25,,한국투자증권(주),"측정, 시험, 항해, 제어 및 기타 정밀기기 제조업; 광학기기 제외",100,"11,500","23,000,000","17,529,140",,,0.0,,, , ,,0% ,,,,,,,,,,,,,,,,,,,,,,,,
파라다이스,"카지노, 호텔, 복합리조트",,034230,대한민국,이전상장,주권,2024-06-24,,신한투자증권 주식회사,유원지 및 기타 오락관련 서비스업,500,-,-,"91,771,623",,,0.0,,, , ,, ,,,,,,,,,,,,,,,,,,,,,,,,
한중엔시에스,"수냉식 냉각시스템 ESS Parts, 공랭식 ESS Module Parts, EV Module 및 내연기관 Parts",,107640,대한민국,이전상장,주권,2024-06-24,,IBK투자증권(주),"전동기, 발전기 및 전기 변환 · 공급 · 제어 장치 제조업",500,"30,000","48,000,000","8,751,446",,,0.0,,, , ,,0% ,,,,,,,,,,,,,,,,,,,,,,,,
에이치엠씨제7호스팩,기타금융,,477340,대한민국,신규상장,주권,2024-06-24,,현대차증권주식회사,금융 지원 서비스업,100,"2,000","14,000,000","7,510,000",,,0.0,,, , ,,0% ,,,,,,,,,,,,,,,,,,,,,,,,
미래에셋비전스팩6호,기업인수합병,,478440,대한민국,신규상장,주권,2024-06-24,,미래에셋증권 주식회사,금융 지원 서비스업,100,"2,000","12,900,000","6,930,000",,,0.0,,, , ,,0% ,,,,,,,,,,,,,,,,,,,,,,,,
KB제29호스팩,기업인수합병,,478390,대한민국,신규상장,주권,2024-06-21,,KB증권(주),금융 지원 서비스업,100,"2,000","12,000,000","6,220,000",,,0.0,,, , ,,0% ,,,,,,,,,,,,,,,,,,,,,,,,
씨어스테크놀로지,심전도검사솔루션 입원환자모니터링솔루션,,458870,대한민국,신규상장,주권,2024-06-19,,한국투자증권(주),의료용 기기 제조업,500,"17,000","22,100,000","12,293,880",,,0.0,,, , ,,0% ,,,,,,,,,,,,,,,,,,,,,,,,
미래에셋비전스팩5호,기업인수합병,,477470,대한민국,신규상장,주권,2024-06-19,,미래에셋증권 주식회사,금융 지원 서비스업,100,"2,000","9,500,000","5,480,000",,,0.0,,, , ,,0% ,,,,,,,,,,,,,,,,,,,,,,,,
한국제14호스팩,기업인수합병,,477530,대한민국,신규상장,주권,2024-06-19,,한국투자증권(주),금융 지원 서비스업,100,"2,000","8,000,000","4,810,000",,,0.0,,, , ,,0% ,,,,,,,,,,,,,,,,,,,,,,,,
디비금융스팩12호,기업인수 및 합병,,477760,대한민국,신규상장,주권,2024-06-18,,DB증권주식회사,기타 금융업,100,"2,000","10,000,000","5,840,000",,,0.0,,, , ,,0% ,,,,,,,,,,,,,,,,,,,,,,,,
라메디텍,초소형 레이저 의료기기 및 미용기기,,462510,대한민국,신규상장,주권,2024-06-17,,대신증권(주),의료용 기기 제조업,500,"16,000","20,768,000","8,650,735",,,0.0,,, , ,,0% ,,,,,,,,,,,,,,,,,,,,,,,,
그리드위즈,"수요관리 서비스, 전기차 충전기 모뎀 등",,453450,대한민국,신규상장,주권,2024-06-14,,삼성증권(주),"그외 기타 전문, 과학 및 기술 서비스업",200,"40,000","56,000,000","7,942,750",,,0.0,,, , ,,0% ,,,,,,,,,,,,,,,,,,,,,,,,
미래에셋비전스팩4호,기업인수목적회사(기타금융서비스),,477380,대한민국,신규상장,주권,2024-05-29,,미래에셋증권 주식회사,금융 지원 서비스업,100,"2,000","13,300,000","8,100,000",,,0.0,,, , ,,0% ,,,,,,,,,,,,,,,,,,,,,,,,
노브랜드,"Knit, Woven 의류",,145170,대한민국,신규상장,주권,2024-05-23,,삼성증권(주),편조의복 제조업,500,"14,000","16,800,000","7,651,263",,,0.0,,, , ,,0% ,,,,,,,,,,,,,,,,,,,,,,,,
아이씨티케이,"PUF반도체,보안솔루션(보안반도체,정보통신모듈기기,정보통신용반도체) 제조,개발",,456010,대한민국,신규상장,주권,2024-05-17,,엔에이치투자증권(주),반도체 제조업,500,"20,000","39,400,000","13,124,496",,,0.0,,, , ,,0% ,,,,,,,,,,,,,,,,,,,,,,,,
KB제28호스팩,기업인수합병,,476470,대한민국,신규상장,주권,2024-05-17,,KB증권(주),금융 지원 서비스업,100,"2,000","10,000,000","5,505,000",,,0.0,,, , ,,0% ,,,,,,,,,,,,,,,,,,,,,,,,
HD현대마린솔루션,"AM(After Market) 솔루션, 친환경 Retrofit, 디지털 제어",,443060,대한민국,신규상장,주권,2024-05-08,,"신한투자증권 주식회사,하나증권주식회사,유비에스증권 리미티드 서울지점,CS증권 서울지점,제이피모간증권회사 서울지점,KB증권(주)","건축기술, 엔지니어링 및 관련 기술 서비스업",500,"83,400","742,260,000","44,450,000",,,0.0,,, , ,,0% ,,,,,,,,,,,,,,,,,,,,,,,,
코칩,소형 및 초소형 슈퍼커패시터,,126730,대한민국,신규상장,주권,2024-05-07,,한국투자증권(주),전자부품 제조업,500,"18,000","27,000,000","8,503,460",,,0.0,,, , ,,0% ,,,,,,,,,,,,,,,,,,,,,,,,
SK증권제12호스팩,기업인수목적 주식회사,,473000,대한민국,신규상장,주권,2024-05-07,,SK증권(주),금융 지원 서비스업,100,"2,000","6,000,000","3,310,000",,,0.0,,, , ,,0% ,,,,,,,,,,,,,,,,,,,,,,,,
민테크,"배터리 진단시스템, 배터리 시스템, 충방전 검사장비",,452200,대한민국,신규상장,주권,2024-05-03,,KB증권(주),"측정, 시험, 항해, 제어 및 기타 정밀기기 제조업; 광학기기 제외",100,"10,500","31,500,000","21,945,300",,,0.0,,, , ,,0% ,,,,,,,,,,,,,,,,,,,,,,,,
디앤디파마텍,대사성질환 치료제 등,,347850,대한민국,신규상장,주권,2024-05-02,,한국투자증권(주),자연과학 및 공학 연구개발업,500,"33,000","36,300,000","10,429,232",,,0.0,,, , ,,0% ,,,,,,,,,,,,,,,,,,,,,,,,
유안타제16호스팩,금융 지원 서비스(기업인수목적회사),,474490,대한민국,신규상장,주권,2024-05-02,,유안타증권(주),금융 지원 서비스업,100,"2,000","10,300,000","5,510,000",,,0.0,,, , ,,0% ,,,,,,,,,,,,,,,,,,,,,,,,
제일엠앤에스,2차전지 믹싱시스템,,412540,대한민국,신규상장,주권,2024-04-30,,KB증권(주),특수 목적용 기계 제조업,500,"22,000","52,800,000","18,082,075",,,0.0,,, , ,,0% ,,,,,,,,,,,,,,,,,,,,,,,,
하나33호스팩,기업인수합병,,475250,대한민국,신규상장,주권,2024-04-24,,하나증권주식회사,금융 지원 서비스업,100,"2,000","7,000,000","3,700,000",,,0.0,,, , ,,0% ,,,,,,,,,,,,,,,,,,,,,,,,
신한제13호스팩,기타금융서비스(기업합병),,474930,대한민국,신규상장,주권,2024-04-22,,신한투자증권 주식회사,금융 지원 서비스업,100,"2,000","6,000,000","3,620,000",,,0.0,,, , ,,0% ,,,,,,,,,,,,,,,,,,,,,,,,
신한제12호스팩,금융서비스(기업인수목적회사),,474660,대한민국,신규상장,주권,2024-04-15,,신한투자증권 주식회사,금융 지원 서비스업,100,"2,000","10,000,000","5,520,000",,,0.0,,, , ,,0% ,,,,,,,,,,,,,,,,,,,,,,,,
아이엠비디엑스,"알파리퀴드ⓡ 100, 알파리퀴드ⓡ HRR, 알파리퀴드ⓡ 디텍트, 알파리퀴드ⓡ 스크리닝",,461030,대한민국,신규상장,주권,2024-04-03,,미래에셋증권 주식회사,자연과학 및 공학 연구개발업,100,"13,000","32,500,000","13,992,625",,,0.0,,, , ,,0% ,,,,,,,,,,,,,,,,,,,,,,,,
SK이터닉스,부동산 개발,,475150,대한민국,재상장,주권,2024-03-29,,엔에이치투자증권(주),건물 건설업,200,-,-,"25,560,170",,,0.0,,, , ,, ,,,,,,,,,,,,,,,,,,,,,,,,
하나32호스팩,기업인수합병,,475240,대한민국,신규상장,주권,2024-03-27,,하나증권주식회사,금융 지원 서비스업,100,"2,000","6,000,000","3,200,000",,,0.0,,, , ,,0% ,,,,,,,,,,,,,,,,,,,,,,,,
엔젤로보틱스,"재활 전문 웨어러블 로봇, 근력 보조 무동력 웨어러블 슈트, 일상생활 보조 웨어러블 로봇 등",,455900,대한민국,신규상장,주권,2024-03-26,,엔에이치투자증권(주),특수 목적용 기계 제조업,500,"20,000","32,000,000","14,014,976",,,0.0,,, , ,,0% ,,,,,,,,,,,,,,,,,,,,,,,,
삼현,"스마트 액추에이터, 스마트 파워유닛",,437730,대한민국,신규상장,주권,2024-03-21,,한국투자증권(주),자동차 신품 부품 제조업,500,"30,000","60,000,000","10,569,189",,,0.0,,, , ,,0% ,,,,,,,,,,,,,,,,,,,,,,,,
오상헬스케어,"생화학 측정기 및 센서, 면역진단기기 및 마커, 분자진단기기 및 시약 등",,036220,대한민국,신규상장,주권,2024-03-13,,엔에이치투자증권(주),의료용품 및 기타 의약 관련제품 제조업,500,"20,000","19,800,000","14,104,416",,,0.0,,, , ,,0% ,,,,,,,,,,,,,,,,,,,,,,,,
케이엔알시스템,"특수목적 시험장비, 산업용로봇",,199430,대한민국,신규상장,주권,2024-03-07,,"엔에이치투자증권(주),DB증권주식회사","측정, 시험, 항해, 제어 및 기타 정밀기기 제조업; 광학기기 제외",100,"13,500","28,404,000","10,867,713",,,0.0,,, , ,,0% ,,,,,,,,,,,,,,,,,,,,,,,,
하나31호스팩,기업인수합병,,469900,대한민국,신규상장,주권,2024-03-05,,하나증권주식회사,금융 지원 서비스업,100,"2,000","10,000,000","5,605,000",,,0.0,,, , ,,0% ,,,,,,,,,,,,,,,,,,,,,,,,
비엔케이제2호스팩,금융 지원 서비스업,,473370,대한민국,신규상장,주권,2024-03-05,,(주)비엔케이투자증권,금융 지원 서비스업,100,"2,000","8,000,000","4,210,000",,,0.0,,, , ,,0% ,,,,,,,,,,,,,,,,,,,,,,,,
SK증권제11호스팩,기업인수목적 주식회사,,472230,대한민국,신규상장,주권,2024-03-04,,SK증권(주),금융 지원 서비스업,100,"2,000","8,000,000","4,155,000",,,0.0,,, , ,,0% ,,,,,,,,,,,,,,,,,,,,,,,,
유진스팩10호,기업인수합병,,468760,대한민국,신규상장,주권,2024-02-29,,유진투자증권(주),금융 지원 서비스업,100,"2,000","8,000,000","4,240,000",,,0.0,,, , ,,0% ,,,,,,,,,,,,,,,,,,,,,,,,
유안타제15호스팩,금융 지원 서비스,,473050,대한민국,신규상장,주권,2024-02-29,,유안타증권(주),금융 지원 서비스업,100,"2,000","13,000,000","7,010,000",,,0.0,,, , ,,0% ,,,,,,,,,,,,,,,,,,,,,,,,
에이피알,"화장품, 피부미용기기 등",,278470,대한민국,신규상장,주권,2024-02-27,,"신한투자증권 주식회사,하나증권주식회사",기타 화학제품 제조업,500,"250,000","94,750,000","7,584,378",,,0.0,,, , ,,0% ,,,,,,,,,,,,,,,,,,,,,,,,
코셈,주사전자현미경(SEM),,360350,대한민국,신규상장,주권,2024-02-23,,키움증권(주),"측정, 시험, 항해, 제어 및 기타 정밀기기 제조업; 광학기기 제외",500,"16,000","9,600,000","5,661,970",,,0.0,,, , ,,0% ,,,,,,,,,,,,,,,,,,,,,,,,
이에이트,"CFD 시뮬레이션 소프트웨어, 디지털트윈 플랫폼",,418620,대한민국,신규상장,주권,2024-02-23,,한화투자증권(주),소프트웨어 개발 및 공급업,500,"20,000","22,600,000","9,465,149",,,0.0,,, , ,,0% ,,,,,,,,,,,,,,,,,,,,,,,,
케이웨더,"공기개선솔루션, 기상데이터, 공기측정솔루션 등",,068100,대한민국,신규상장,주권,2024-02-22,,엔에이치투자증권(주),일반 목적용 기계 제조업,500,"7,000","7,000,000","9,939,614",,,0.0,,, , ,,0% ,,,,,,,,,,,,,,,,,,,,,,,,
스튜디오삼익,"침실가구, 거실가구, 옷장/수납, 주방가구 등",,415380,대한민국,신규상장,주권,2024-02-06,,DB증권주식회사,기타 생활용품 소매업,500,"18,000","15,300,000","4,225,498",,,0.0,,, , ,,0% ,,,,,,,,,,,,,,,,,,,,,,,,
신영스팩10호,기업인수합병,,472220,대한민국,신규상장,주권,2024-02-06,,신영증권(주),금융 지원 서비스업,100,"2,000","9,150,000","4,690,000",,,0.0,,, , ,,0% ,,,,,,,,,,,,,,,,,,,,,,,,
폰드그룹,"의류(언더웨어, 의복, 잡화, 코스메틱 등)",,472850,대한민국,재상장,주권,2024-02-02,,엔에이치투자증권(주),봉제의복 제조업,500,-,-,"32,343,933",,,0.0,,, , ,, ,,,,,,,,,,,,,,,,,,,,,,,,
이닉스,2차전지용 배터리셀 패드 등,,452400,대한민국,신규상장,주권,2024-02-01,,삼성증권(주),자동차 신품 부품 제조업,500,"14,000","42,000,000","9,071,428",,,0.0,,, , ,,0% ,,,,,,,,,,,,,,,,,,,,,,,,
IBKS제24호스팩,금융 지원 서비스업,,469480,대한민국,신규상장,주권,2024-02-01,,IBK투자증권(주),금융 지원 서비스업,100,"2,000","8,000,000","4,230,000",,,0.0,,, , ,,0% ,,,,,,,,,,,,,,,,,,,,,,,,
엘앤에프,이차전지 양극활물질,,066970,대한민국,이전상장,주권,2024-01-29,,미래에셋증권 주식회사,일차전지 및 이차전지 제조업,500,-,-,"36,247,825",,,0.0,,, , ,, ,,,,,,,,,,,,,,,,,,,,,,,,
포스뱅크,"POS 단말기, KIOSK 단말기",,105760,대한민국,신규상장,주권,2024-01-29,,하나증권주식회사,일반 목적용 기계 제조업,500,"18,000","27,000,000","9,355,485",,,0.0,,, , ,,0% ,,,,,,,,,,,,,,,,,,,,,,,,
현대힘스,"선박기자재 (선박 블록, 보강재, 도장 등)",,460930,대한민국,신규상장,주권,2024-01-26,,미래에셋증권 주식회사,선박 및 보트 건조업,500,"7,300","63,561,100","34,824,000",,,0.0,,, , ,,0% ,,,,,,,,,,,,,,,,,,,,,,,,
HB인베스트먼트,벤처투자조합 등 조합 결성 및 운영,,440290,대한민국,신규상장,주권,2024-01-25,,엔에이치투자증권(주),기타 금융업,500,"3,400","22,667,800","26,867,010",,,0.0,,, , ,,0% ,,,,,,,,,,,,,,,,,,,,,,,,
우진엔텍,발전소 계측제어설비 정비 서비스,,457550,대한민국,신규상장,주권,2024-01-24,,KB증권(주),"그외 기타 전문, 과학 및 기술 서비스업",500,"5,300","10,918,000","9,271,339",,,0.0,,, , ,,0% ,,,,,,,,,,,,,,,,,,,,,,,,
대신밸런스제17호스팩,금융 지원 서비스업,,471050,대한민국,신규상장,주권,2024-01-24,,대신증권(주),금융 지원 서비스업,100,"2,000","11,000,000","6,060,000",,,0.0,,, , ,,0% ,,,,,,,,,,,,,,,,,,,,,,,,
세븐브로이맥주,맥주 등 주류 및 음료,,267080,대한민국,신규상장,주권,2024-01-17,,키움증권(주),알코올음료 제조업,500,-,-,"11,871,408",,,0.0,,, , ,, ,,,,,,,,,,,,,,,,,,,,,,,,
포스코DX,EIC 자동화 엔지니어링 및 IT서비스,,022100,대한민국,이전상장,주권,2024-01-02,,KB증권(주),"건축기술, 엔지니어링 및 관련 기술 서비스업",500,-,-,"152,034,729",,,0.0,,, , ,, ,,,,,,,,,,,,,,,,,,,,,,,,
DS단석,바이오에너지,,017860,대한민국,신규상장,주권,2023-12-22,,"엔에이치투자증권(주),KB증권(주)",기타 화학제품 제조업,500,"100,000","122,000,000","5,861,404",,,0.0,,, , ,,0% ,,,,,,,,,,,,,,,,,,,,,,,,
IBKS제23호스팩,기업인수 및 합병,,467930,대한민국,신규상장,주권,2023-12-22,,IBK투자증권(주),금융 지원 서비스업,100,"2,000","8,000,000","4,230,000",,,0.0,,, , ,,0% ,,,,,,,,,,,,,,,,,,,,,,,,
하나30호스팩,기업인수합병,,469880,대한민국,신규상장,주권,2023-12-22,,하나증권주식회사,금융 지원 서비스업,100,"2,000","14,000,000","7,305,000",,,0.0,,, , ,,0% ,,,,,,,,,,,,,,,,,,,,,,,,
블루엠텍,의약품 유통업,,439580,대한민국,신규상장,주권,2023-12-13,,"키움증권(주),하나증권주식회사",기타 전문 도매업,100,"19,000","26,600,000","10,650,189",,,0.0,,, , ,,0% ,,,,,,,,,,,,,,,,,,,,,,,,
LS머트리얼즈,울트라커패시터(셀 및 모듈),,417200,대한민국,신규상장,주권,2023-12-12,,"KB증권(주),키움증권(주)",전자부품 제조업,500,"6,000","87,750,000","67,652,659",,,0.0,,, , ,,0% ,,,,,,,,,,,,,,,,,,,,,,,,
케이엔에스,이차전지 자동화 설비,,432470,대한민국,신규상장,주권,2023-12-06,,신영증권(주),특수 목적용 기계 제조업,100,"23,000","17,250,000","3,883,557",,,0.0,,, , ,,0% ,,,,,,,,,,,,,,,,,,,,,,,,
와이바이오로직스,항체의약품 및 항체후보물질 연구개발,,338840,대한민국,신규상장,주권,2023-12-05,,유안타증권(주),자연과학 및 공학 연구개발업,500,"9,000","13,500,000","13,866,898",,,0.0,,, , ,,0% ,,,,,,,,,,,,,,,,,,,,,,,,
교보15호스팩,기업인수합병,,465320,대한민국,신규상장,주권,2023-12-05,,교보증권(주),금융 지원 서비스업,100,"2,000","7,000,000","3,810,000",,,0.0,,, , ,,0% ,,,,,,,,,,,,,,,,,,,,,,,,
삼성스팩9호,기업인수합병,,468510,대한민국,신규상장,주권,2023-12-04,,삼성증권(주),금융 지원 서비스업,100,"2,000","20,000,000","11,050,000",,,0.0,,, , ,,0% ,,,,,,,,,,,,,,,,,,,,,,,,
에이텀,평판형 트랜스,,355690,대한민국,신규상장,주권,2023-12-01,,하나증권주식회사,전자부품 제조업,500,"18,000","11,700,000","5,345,180",,,0.0,,, , ,,0% ,,,,,,,,,,,,,,,,,,,,,,,,
엔에이치스팩30호,금융지원서비스업,,466910,대한민국,신규상장,주권,2023-12-01,,엔에이치투자증권(주),금융 지원 서비스업,100,"2,000","16,000,000","9,100,000",,,0.0,,, , ,,0% ,,,,,,,,,,,,,,,,,,,,,,,,
에이에스텍,자외선 차단제 유기 원료,,453860,대한민국,신규상장,주권,2023-11-28,,미래에셋증권 주식회사,기타 화학제품 제조업,500,"28,000","39,396,000","5,657,215",,,0.0,,, , ,,0% ,,,,,,,,,,,,,,,,,,,,,,,,
그린리소스,반도체 및 디스플레이 장비 보호코팅 및 소재,,402490,대한민국,신규상장,주권,2023-11-24,,엔에이치투자증권(주),반도체 제조업,500,"17,000","27,880,000","8,183,944",,,0.0,,, , ,,0% ,,,,,,,,,,,,,,,,,,,,,,,,
한선엔지니어링,"계장용 피팅 및 밸브, 모듈",,452280,대한민국,신규상장,주권,2023-11-24,,대신증권(주),기타 금속 가공제품 제조업,500,"7,000","29,750,000","17,002,500",,,0.0,,, , ,,0% ,,,,,,,,,,,,,,,,,,,,,,,,
동인기연,"스포츠용품(등산용가방,골프백),금속압형제품,유아용품 제조,도소매,통신 판매/부동산 임대",,111380,대한민국,신규상장,주권,2023-11-21,,엔에이치투자증권(주),"가죽, 가방 및 유사제품 제조업",100,"30,000","44,112,000","6,128,000",,,0.0,,, , ,,0% ,,,,,,,,,,,,,,,,,,,,,,,,
에코아이,탄소배출권 및 탄소배출권 관련 컨설팅,,448280,대한민국,신규상장,주권,2023-11-21,,KB증권(주),기타 전문 서비스업,500,"34,700","72,141,300","9,877,043",,,0.0,,, , ,,0% ,,,,,,,,,,,,,,,,,,,,,,,,
스톰테크,"정수기 피팅, 밸브, 파우셋 등 부품",,352090,대한민국,신규상장,주권,2023-11-20,,iM증권,플라스틱제품 제조업,100,"11,000","36,850,000","13,436,499",,,0.0,,, , ,,0% ,,,,,,,,,,,,,,,,,,,,,,,,
에코프로머티,배터리 양극재용 핵심소재 하이니켈 전구체,,450080,대한민국,신규상장,주권,2023-11-17,,"미래에셋증권 주식회사,엔에이치투자증권(주)",일차전지 및 이차전지 제조업,500,"36,200","419,224,960","68,226,958",,,0.0,,, , ,,0% ,,,,,,,,,,,,,,,,,,,,,,,,
프로젠,바이오의약품,,296160,대한민국,신규상장,주권,2023-11-15,,하나증권(주),자연과학 및 공학 연구개발업,500,-,-,"11,552,500",,,0.0,,, , ,, ,,,,,,,,,,,,,,,,,,,,,,,,
캡스톤파트너스,벤처투자조합 등 조합 결성 및 운영,,452300,대한민국,신규상장,주권,2023-11-15,,엔에이치투자증권(주),기타 금융업,200,"4,000","6,384,000","13,346,380",,,0.0,,, , ,,0% ,,,,,,,,,,,,,,,,,,,,,,,,
에스와이스틸텍,데크플레이트,,365330,대한민국,신규상장,주권,2023-11-13,,KB증권(주),"구조용 금속제품, 탱크 및 증기발생기 제조업",500,"1,800","12,600,000","30,610,000",,,0.0,,, , ,,0% ,,,,,,,,,,,,,,,,,,,,,,,,
에이직랜드,"비메모리 반도체 설계및 제조, 전자회로 연구, 설계, 레이아웃 등",,445090,대한민국,신규상장,주권,2023-11-13,,삼성증권(주),반도체 제조업,500,"25,000","65,908,250","10,585,320",,,0.0,,, , ,,0% ,,,,,,,,,,,,,,,,,,,,,,,,
한국제13호스팩,기업인수합병,,464440,대한민국,신규상장,주권,2023-11-13,,한국투자증권(주),금융 지원 서비스업,100,"2,000","8,000,000","4,320,000",,,0.0,,, , ,,0% ,,,,,,,,,,,,,,,,,,,,,,,,
큐로셀,CAR-T 세포치료제,,372320,대한민국,신규상장,주권,2023-11-09,,"미래에셋증권 주식회사,삼성증권(주)",자연과학 및 공학 연구개발업,500,"20,000","32,000,000","13,612,736",,,0.0,,, , ,,0% ,,,,,,,,,,,,,,,,,,,,,,,,
비아이매트릭스,로우코드 기반 코딩 자동화 솔루션 등,,413640,대한민국,신규상장,주권,2023-11-09,,IBK투자증권(주),소프트웨어 개발 및 공급업,500,"13,000","15,600,000","7,206,940",,,0.0,,, , ,,0% ,,,,,,,,,,,,,,,,,,,,,,,,
메가터치,"배터리 핀, 반도체 핀",,446540,대한민국,신규상장,주권,2023-11-09,,엔에이치투자증권(주),일차전지 및 이차전지 제조업,500,"4,800","24,960,000","20,771,000",,,0.0,,, , ,,0% ,,,,,,,,,,,,,,,,,,,,,,,,
컨텍,"지상국 시스템 엔지니어링 솔루션, 위성영상 생성을 위한 데이터처리 솔루션",,451760,대한민국,신규상장,주권,2023-11-09,,대신증권(주),"컴퓨터 프로그래밍, 시스템 통합 및 관리업",500,"22,500","46,350,000","14,384,224",,,0.0,,, , ,,0% ,,,,,,,,,,,,,,,,,,,,,,,,
쏘닉스,RF필터 파운드리,,088280,대한민국,신규상장,주권,2023-11-07,,KB증권(주),반도체 제조업,"1,000","7,500","27,000,000","17,306,490",,,0.0,,, , ,,0% ,,,,,,,,,,,,,,,,,,,,,,,,
KB제27호스팩,기업인수합병,,464680,대한민국,신규상장,주권,2023-11-03,,KB증권(주),금융 지원 서비스업,100,"2,000","25,000,000","12,905,000",,,0.0,,, , ,,0% ,,,,,,,,,,,,,,,,,,,,,,,,
유투바이오,"체외진단검사서비스, 의료IT솔루션",,221800,대한민국,이전상장,주권,2023-11-02,,신한투자증권 주식회사,기타 과학기술 서비스업,500,"4,400","4,966,368","11,287,196",,,0.0,,, , ,,0% ,,,,,,,,,,,,,,,,,,,,,,,,
유진테크놀로지,이차전지 정밀금형 외,,240600,대한민국,신규상장,주권,2023-11-02,,엔에이치투자증권(주),기타 금속 가공제품 제조업,500,"17,000","17,841,194","6,261,485",,,0.0,,, , ,,0% ,,,,,,,,,,,,,,,,,,,,,,,,
퀄리타스반도체,초고속 통신용 반도체 IP,,432720,대한민국,신규상장,주권,2023-10-27,,한국투자증권(주),반도체 제조업,500,"17,000","30,600,000","10,193,520",,,0.0,,, , ,,0% ,,,,,,,,,,,,,,,,,,,,,,,,
미쥬,"여성의류, 골프의류 등",,351020,대한민국,신규상장,주권,2023-10-26,,아이비케이투자증권(주),봉제의복 제조업,100,-,-,"2,075,000",,,0.0,,, , ,, ,,,,,,,,,,,,,,,,,,,,,,,,
워트,초정밀 온습도 제어장비,,396470,대한민국,신규상장,주권,2023-10-26,,키움증권(주),특수 목적용 기계 제조업,100,"6,500","26,000,000","16,120,000",,,0.0,,, , ,,0% ,,,,,,,,,,,,,,,,,,,,,,,,
에스엘에스바이오,"의약품 품질관리, 신약개발지원, 체외진단기기",,246250,대한민국,이전상장,주권,2023-10-20,,하나증권주식회사,"그외 기타 전문, 과학 및 기술 서비스업",500,"7,000","5,390,000","7,674,103",,,0.0,,, , ,,0% ,,,,,,,,,,,,,,,,,,,,,,,,
신성에스티,전기차/2차전지 Busbar 및 배터리모듈 보호 부품 등,,416180,대한민국,신규상장,주권,2023-10-19,,미래에셋증권 주식회사,자동차 신품 부품 제조업,500,"26,000","52,000,000","9,039,778",,,0.0,,, , ,,0% ,,,,,,,,,,,,,,,,,,,,,,,,
퓨릿,"반도체용 케미컬, 디스플레이용 케미컬, 산업용 케미컬",,445180,대한민국,신규상장,주권,2023-10-18,,미래에셋증권 주식회사,기초 화학물질 제조업,500,"10,700","44,265,900","16,769,188",,,0.0,,, , ,,0% ,,,,,,,,,,,,,,,,,,,,,,,,
바이오텐,"일반식품, 건강기능식품, 보조사료",,289170,대한민국,신규상장,주권,2023-10-13,,아이비케이투자증권(주),도시락 및 식사용 조리식품 제조업,500,-,-,"3,511,509",,,0.0,,, , ,, ,,,,,,,,,,,,,,,,,,,,,,,,
에이치엠씨제6호스팩,합병,,462020,대한민국,신규상장,주권,2023-10-13,,현대차증권주식회사,금융 지원 서비스업,100,"2,000","8,000,000","4,345,000",,,0.0,,, , ,,0% ,,,,,,,,,,,,,,,,,,,,,,,,
아이엠티,건식세정 장비 및 EUV Mask Baking Laser,,451220,대한민국,신규상장,주권,2023-10-10,,유안타증권(주),특수 목적용 기계 제조업,500,"14,000","22,120,000","7,874,611",,,0.0,,, , ,,0% ,,,,,,,,,,,,,,,,,,,,,,,,
레뷰코퍼레이션,"REVU 서비스(컨텐츠마케팅, 로컬, 에이전시)",,443250,대한민국,신규상장,주권,2023-10-06,,삼성증권(주),광고업,500,"15,000","33,600,000","10,969,386",,,0.0,,, , ,,0% ,,,,,,,,,,,,,,,,,,,,,,,,
두산로보틱스,협동로봇,,454910,대한민국,신규상장,주권,2023-10-05,,"한국투자증권(주),CS증권 서울지점,KB증권(주),엔에이치투자증권(주),미래에셋증권 주식회사",특수 목적용 기계 제조업,500,"26,000","421,200,000","64,819,980",,,0.0,,, , ,,0% ,,,,,,,,,,,,,,,,,,,,,,,,
한싹,망간자료전송,,430690,대한민국,신규상장,주권,2023-10-04,,KB증권(주),소프트웨어 개발 및 공급업,500,"12,500","18,750,000","5,447,675",,,0.0,,, , ,,0% ,,,,,,,,,,,,,,,,,,,,,,,,
신한제11호스팩,금융서비스(기업인수목적 회사),,452980,대한민국,신규상장,주권,2023-10-04,,신한투자증권 주식회사,금융 지원 서비스업,100,"2,000","36,000,000","18,905,000",,,0.0,,, , ,,0% ,,,,,,,,,,,,,,,,,,,,,,,,
밀리의서재,전자책 정기구독 서비스,,418470,대한민국,신규상장,주권,2023-09-27,,미래에셋증권 주식회사,"서적, 잡지 및 기타 인쇄물 출판업",500,"23,000","34,500,000","8,110,389",,,0.0,,, , ,,0% ,,,,,,,,,,,,,,,,,,,,,,,,
인스웨이브시스템즈,"UI/UX 개발 솔루션, 엔터프라이즈 DX 솔루션, 금융 단말 솔루션 등",,450520,대한민국,신규상장,주권,2023-09-25,,신영증권(주),소프트웨어 개발 및 공급업,500,"24,000","26,400,000","4,901,526",,,0.0,,, , ,,0% ,,,,,,,,,,,,,,,,,,,,,,,,
STX그린로지스,해상운송업 및 물류업,,465770,대한민국,재상장,주권,2023-09-15,,신한투자증권 주식회사,해상 운송업,"2,500",-,-,"7,171,032",,,0.0,,, , ,, ,,,,,,,,,,,,,,,,,,,,,,,,
상상인제4호스팩,합병,,452670,대한민국,신규상장,주권,2023-09-14,,주식회사 상상인증권,금융 지원 서비스업,100,"2,000","9,000,000","5,220,000",,,0.0,,, , ,,0% ,,,,,,,,,,,,,,,,,,,,,,,,
한화플러스제4호스팩,-,,455310,대한민국,신규상장,주권,2023-09-07,,한화투자증권(주),금융 지원 서비스업,100,"2,000","9,500,000","5,060,000",,,0.0,,, , ,,0% ,,,,,,,,,,,,,,,,,,,,,,,,
대신밸런스제16호스팩,기타 금융서비스업,,457630,대한민국,신규상장,주권,2023-09-04,,대신증권(주),금융 지원 서비스업,100,"2,000","13,000,000","7,310,000",,,0.0,,, , ,,0% ,,,,,,,,,,,,,,,,,,,,,,,,
유안타제11호스팩,금융 지원 서비스업,,444920,대한민국,신규상장,주권,2023-09-01,,유안타증권(주),금융 지원 서비스업,100,"2,000","10,000,000","5,240,000",,,0.0,,, , ,,0% ,,,,,,,,,,,,,,,,,,,,,,,,
한국피아이엠,정밀 금속가공 부품,,448900,대한민국,신규상장,주권,2023-08-30,,아이비케이투자증권(주),자동차 신품 부품 제조업,500,-,-,"3,861,000",,,0.0,,, , ,, ,,,,,,,,,,,,,,,,,,,,,,,,
대신밸런스제15호스팩,금융 지원 서비스업,,457390,대한민국,신규상장,주권,2023-08-30,,대신증권(주),금융 지원 서비스업,100,"2,000","13,000,000","7,035,000",,,0.0,,, , ,,0% ,,,,,,,,,,,,,,,,,,,,,,,,
한국제12호스팩,기업인수합병,,458610,대한민국,신규상장,주권,2023-08-30,,한국투자증권(주),금융 지원 서비스업,100,"2,000","8,000,000","4,230,000",,,0.0,,, , ,,0% ,,,,,,,,,,,,,,,,,,,,,,,,
시큐레터,"SLE(이메일 보안), SLF(파일 보안)",,418250,대한민국,신규상장,주권,2023-08-24,,대신증권(주),소프트웨어 개발 및 공급업,500,"12,000","16,006,620","7,911,521",,,0.0,,, , ,,0% ,,,,,,,,,,,,,,,,,,,,,,,,
스마트레이더시스템,모빌리티 및 비모빌리티용 4D이미징레이다,,424960,대한민국,신규상장,주권,2023-08-22,,대신증권(주),"측정, 시험, 항해, 제어 및 기타 정밀기기 제조업; 광학기기 제외",500,"8,000","17,760,000","14,836,340",,,0.0,,, , ,,0% ,,,,,,,,,,,,,,,,,,,,,,,,
넥스틸,"OCTG Pipe, Line Pipe, Standard Pipe, 일반관",,092790,대한민국,신규상장,주권,2023-08-21,,하나증권주식회사,1차 철강 제조업,500,"11,500","80,500,000","26,002,000",,,0.0,,, , ,,0% ,,,,,,,,,,,,,,,,,,,,,,,,
빅텐츠,"방송영상 제작, 공급",,210120,대한민국,이전상장,주권,2023-08-17,,엔에이치투자증권(주),"영화, 비디오물, 방송프로그램 제작 및 배급업",500,"23,000","10,768,600","3,144,610",,,0.0,,, , ,,0% ,,,,,,,,,,,,,,,,,,,,,,,,
SK증권제10호스팩,기업인수합병,,457940,대한민국,신규상장,주권,2023-08-11,,SK증권(주),금융 지원 서비스업,100,"2,000","6,000,000","3,310,000",,,0.0,,, , ,,0% ,,,,,,,,,,,,,,,,,,,,,,,,
큐리옥스바이오시스템즈,세포 전처리 자동화기기 등,,445680,대한민국,신규상장,주권,2023-08-10,,키움증권(주),의료용 기기 제조업,500,"13,000","18,200,000","8,010,968",,,0.0,,, , ,,0% ,,,,,,,,,,,,,,,,,,,,,,,,
코츠테크놀로지,"싱글보드컴퓨터(SBC), 군용 전시기 등",,448710,대한민국,신규상장,주권,2023-08-10,,한국투자증권(주),컴퓨터 및 주변장치 제조업,100,"13,000","13,000,000","5,081,792",,,0.0,,, , ,,0% ,,,,,,,,,,,,,,,,,,,,,,,,
하나28호스팩,기업인수합병,,454750,대한민국,신규상장,주권,2023-08-10,,하나증권주식회사,금융 지원 서비스업,100,"2,000","13,000,000","7,202,000",,,0.0,,, , ,,0% ,,,,,,,,,,,,,,,,,,,,,,,,
KB제26호스팩,기업인수목적,,458320,대한민국,신규상장,주권,2023-08-10,,KB증권(주),금융 지원 서비스업,100,"2,000","10,000,000","5,505,000",,,0.0,,, , ,,0% ,,,,,,,,,,,,,,,,,,,,,,,,
NICE평가정보,"개인 및 기업정보, 솔루션",,030190,대한민국,이전상장,주권,2023-08-08,,대신증권(주),기타 정보 서비스업,500,-,-,"60,714,820",,,0.0,,, , ,, ,,,,,,,,,,,,,,,,,,,,,,,,
파두,SSD 컨트롤러,,440110,대한민국,신규상장,주권,2023-08-07,,"한국투자증권(주),엔에이치투자증권(주)",반도체 제조업,100,"31,000","193,750,000","48,052,977",,,0.0,,, , ,,0% ,,,,,,,,,,,,,,,,,,,,,,,,
엠아이큐브솔루션,"스마트팩토리 솔루션, 제조지능화 솔루션",,373170,대한민국,신규상장,주권,2023-08-04,,한국투자증권(주),소프트웨어 개발 및 공급업,100,"12,000","14,520,000","4,831,300",,,0.0,,, , ,,0% ,,,,,,,,,,,,,,,,,,,,,,,,
시지트로닉스,특화반도체 소자,,429270,대한민국,신규상장,주권,2023-08-03,,유안타증권(주),반도체 제조업,500,"25,000","22,500,000","4,506,250",,,0.0,,, , ,,0% ,,,,,,,,,,,,,,,,,,,,,,,,
에피바이오텍,탈모 치료제,,446440,대한민국,신규상장,주권,2023-07-31,,한국투자증권(주),자연과학 및 공학 연구개발업,500,-,-,"2,297,504",,,0.0,,, , ,, ,,,,,,,,,,,,,,,,,,,,,,,,
조선내화,내화 요업제품,,462520,대한민국,재상장,주권,2023-07-28,,대신증권(주),"내화, 비내화 요업제품 제조업",500,-,-,"11,855,168",,,0.0,,, , ,, ,,,,,,,,,,,,,,,,,,,,,,,,
에이엘티,반도체 테스트 및 패키징(반도체 후공정),,172670,대한민국,신규상장,주권,2023-07-27,,미래에셋증권 주식회사,반도체 제조업,500,"25,000","22,500,000","8,489,671",,,0.0,,, , ,,0% ,,,,,,,,,,,,,,,,,,,,,,,,
파로스아이바이오,PHI-101 급성골수성백혈병 치료제 및 재발성난소암 치료제,,388870,대한민국,신규상장,주권,2023-07-27,,한국투자증권(주),자연과학 및 공학 연구개발업,500,"14,000","19,600,000","12,918,962",,,0.0,,, , ,,0% ,,,,,,,,,,,,,,,,,,,,,,,,
유안타제14호스팩,금융 지원 서비스,,450940,대한민국,신규상장,주권,2023-07-27,,유안타증권(주),금융 지원 서비스업,100,"2,000","8,000,000","4,540,000",,,0.0,,, , ,,0% ,,,,,,,,,,,,,,,,,,,,,,,,
버넥트,산업용 XR 솔루션,,438700,대한민국,신규상장,주권,2023-07-26,,대신증권(주),소프트웨어 개발 및 공급업,500,"16,000","30,720,000","10,869,600",,,0.0,,, , ,,0% ,,,,,,,,,,,,,,,,,,,,,,,,
길교이앤씨,강합성 라멘교,,456700,대한민국,신규상장,주권,2023-07-26,,SK증권(주),"건축기술, 엔지니어링 및 관련 기술 서비스업",500,-,-,"900,000",,,0.0,,, , ,, ,,,,,,,,,,,,,,,,,,,,,,,,
뷰티스킨,"화장품 제조, 브랜드, 유통 사업",,406820,대한민국,신규상장,주권,2023-07-24,,DB증권주식회사,기타 화학제품 제조업,500,"26,000","11,440,000","3,534,040",,,0.0,,, , ,,0% ,,,,,,,,,,,,,,,,,,,,,,,,
SK증권제9호스팩,기업인수목적회사,,455910,대한민국,신규상장,주권,2023-07-21,,SK증권(주),금융 지원 서비스업,100,"2,000","8,000,000","5,020,000",,,0.0,,, , ,,0% ,,,,,,,,,,,,,,,,,,,,,,,,
와이랩,만화출판물의 제작 및 영상물 제작,,432430,대한민국,신규상장,주권,2023-07-20,,한국투자증권(주),"영화, 비디오물, 방송프로그램 제작 및 배급업",500,"9,000","27,000,000","15,831,354",,,0.0,,, , ,,0% ,,,,,,,,,,,,,,,,,,,,,,,,
센서뷰,"T&M 케이블, 초소형 전송선로",,321370,대한민국,신규상장,주권,2023-07-19,,삼성증권(주),절연선 및 케이블 제조업,500,"4,500","17,550,000","25,937,910",,,0.0,,, , ,,0% ,,,,,,,,,,,,,,,,,,,,,,,,
아이엠지티,치료용 집속초음파 기기,,456570,대한민국,신규상장,주권,2023-07-19,,미래에셋증권(주),의료용품 및 기타 의약 관련제품 제조업,500,-,-,"4,762,195",,,0.0,,, , ,, ,,,,,,,,,,,,,,,,,,,,,,,,
필에너지,2차전지 제조장비,,378340,대한민국,신규상장,주권,2023-07-14,,미래에셋증권 주식회사,특수 목적용 기계 제조업,500,"34,000","95,625,000","9,404,412",,,0.0,,, , ,,0% ,,,,,,,,,,,,,,,,,,,,,,,,
DB금융스팩11호,기업인수목적,,456440,대한민국,신규상장,주권,2023-07-12,,DB증권주식회사,기타 금융업,100,"2,000","10,000,000","5,315,000",,,0.0,,, , ,,0% ,,,,,,,,,,,,,,,,,,,,,,,,
이노시뮬레이션,"스마트 모빌리티 시뮬레이터, XR 가상훈련 시스템 등",,274400,대한민국,신규상장,주권,2023-07-06,,하나증권주식회사,소프트웨어 개발 및 공급업,500,"15,000","13,500,000","7,819,826",,,0.0,,, , ,,0% ,,,,,,,,,,,,,,,,,,,,,,,,
교보14호스팩,기업 인수 및 합병,,456490,대한민국,신규상장,주권,2023-07-06,,교보증권(주),금융 지원 서비스업,100,"2,000","7,700,000","4,200,000",,,0.0,,, , ,,0% ,,,,,,,,,,,,,,,,,,,,,,,,
이브이파킹서비스,전기차 충전 솔루션 및 인프라,,419700,대한민국,신규상장,주권,2023-07-05,,해당없음,기계장비 및 관련 물품 도매업,100,-,-,"15,266,666",,,0.0,,, , ,, ,,,,,,,,,,,,,,,,,,,,,,,,
알멕,알루미늄 압출 제품,,354320,대한민국,신규상장,주권,2023-06-30,,엔에이치투자증권(주),1차 비철금속 제조업,500,"50,000","50,000,000","5,966,381",,,0.0,,, , ,,0% ,,,,,,,,,,,,,,,,,,,,,,,,
오픈놀,미니인턴플랫폼(커리어 및 채용 플랫폼),,440320,대한민국,신규상장,주권,2023-06-30,,하나증권주식회사,소프트웨어 개발 및 공급업,100,"10,000","16,500,000","9,687,820",,,0.0,,, , ,,0% ,,,,,,,,,,,,,,,,,,,,,,,,
시큐센,"디지털 금융 서비스 구축, 모바일 보안솔루션, 생체인증 전자서명",,232830,대한민국,이전상장,주권,2023-06-29,,신한투자증권 주식회사,소프트웨어 개발 및 공급업,500,"3,000","5,844,000","11,515,472",,,0.0,,, , ,,0% ,,,,,,,,,,,,,,,,,,,,,,,,
하나29호스팩,기업인수합병,,454640,대한민국,신규상장,주권,2023-06-28,,하나증권주식회사,금융 지원 서비스업,100,"2,000","9,000,000","5,401,000",,,0.0,,, , ,,0% ,,,,,,,,,,,,,,,,,,,,,,,,
엔에이치스팩29호,금융 지원 서비스업,,451700,대한민국,신규상장,주권,2023-06-23,,엔에이치투자증권(주),금융 지원 서비스업,100,"2,000","25,500,000","14,350,000",,,0.0,,, , ,,0% ,,,,,,,,,,,,,,,,,,,,,,,,
KB제25호스팩,기업인수합병,,455250,대한민국,신규상장,주권,2023-06-23,,KB증권(주),금융 지원 서비스업,100,"2,000","8,000,000","4,305,000",,,0.0,,, , ,,0% ,,,,,,,,,,,,,,,,,,,,,,,,
하이제8호스팩,기업인수합병,,450050,대한민국,신규상장,주권,2023-06-22,,iM증권,금융 지원 서비스업,100,"2,000","8,500,000","5,014,000",,,0.0,,, , ,,0% ,,,,,,,,,,,,,,,,,,,,,,,,
비에이치,FPCB (연성인쇄회로기판),,090460,대한민국,이전상장,주권,2023-06-20,,엔에이치투자증권(주),전자부품 제조업,500,-,-,"34,464,379",,,0.0,,, , ,, ,,,,,,,,,,,,,,,,,,,,,,,,
가이아코퍼레이션,"유아용품, 완구, 굿즈",,296520,대한민국,신규상장,주권,2023-06-20,,키움증권(주),생활용품 도매업,500,-,-,"4,667,008",,,0.0,,, , ,, ,,,,,,,,,,,,,,,,,,,,,,,,
프로테옴텍,알레르기 진단 제품,,303360,대한민국,이전상장,주권,2023-06-16,,키움증권(주),의료용 기기 제조업,500,"4,500","7,200,000","12,874,715",,,0.0,,, , ,,0% ,,,,,,,,,,,,,,,,,,,,,,,,
동국씨엠,"냉연강판, 칼라강판",,460850,대한민국,재상장,주권,2023-06-16,,대신증권(주),1차 철강 제조업,"5,000",-,-,"29,898,656",,,0.0,,, , ,, ,,,,,,,,,,,,,,,,,,,,,,,,
동국제강,"봉강,형강,후판,냉연강판,칼라강판",,460860,대한민국,재상장,주권,2023-06-16,,대신증권(주),1차 철강 제조업,"5,000",-,-,"49,608,017",,,0.0,,, , ,, ,,,,,,,,,,,,,,,,,,,,,,,,
큐라티스,"백신 및 면역증강제 개발제조업, CMO/CDMO",,348080,대한민국,신규상장,주권,2023-06-15,,"대신증권(주),신영증권(주)",자연과학 및 공학 연구개발업,500,"4,000","14,000,000","26,876,911",,,0.0,,, , ,,0% ,,,,,,,,,,,,,,,,,,,,,,,,
마녀공장,자연주의 기능성 화장품,,439090,대한민국,신규상장,주권,2023-06-08,,한국투자증권(주),기타 화학제품 제조업,100,"16,000","32,000,000","16,378,260",,,0.0,,, , ,,0% ,,,,,,,,,,,,,,,,,,,,,,,,
나라셀라,와인 도소매,,405920,대한민국,신규상장,주권,2023-06-02,,신영증권(주),음·식료품 및 담배 도매업,"5,000","20,000","29,000,000","6,439,038",,,0.0,,, , ,,0% ,,,,,,,,,,,,,,,,,,,,,,,,
진영,"가구용 ASA플라스틱 시트, 엣지밴드",,285800,대한민국,신규상장,주권,2023-06-01,,iM증권,플라스틱제품 제조업,100,"5,000","21,250,000","17,105,570",,,0.0,,, , ,,0% ,,,,,,,,,,,,,,,,,,,,,,,,
이수스페셜티케미컬,석유화학제품 및 정밀화학제품,,457190,대한민국,재상장,주권,2023-05-31,,엔에이치투자증권(주),기초 화학물질 제조업,"5,000",-,-,"5,508,749",,,0.0,,, , ,, ,,,,,,,,,,,,,,,,,,,,,,,,
OCI,"폴리실리콘,타르제품,카본블랙,무수프탈산,농약원제,석탄화학제품,정밀화학제품,플라스틱창호재 제조,판매",,456040,대한민국,재상장,주권,2023-05-30,,엔에이치투자증권(주),기초 화학물질 제조업,"5,000",-,-,"7,436,729",,,0.0,,, , ,, ,,,,,,,,,,,,,,,,,,,,,,,,
기가비스,반도체 기판용 광학검사 및 수리장비,,420770,대한민국,신규상장,주권,2023-05-24,,삼성증권(주),특수 목적용 기계 제조업,200,"43,000","95,385,094","12,675,758",,,0.0,,, , ,,0% ,,,,,,,,,,,,,,,,,,,,,,,,
씨유박스,"AI얼굴인식 시스템, AI얼굴인증 솔루션, AI 객체인식 솔루션, AI데이터 플랫폼",,340810,대한민국,신규상장,주권,2023-05-19,,"신한투자증권 주식회사,SK증권(주)",소프트웨어 개발 및 공급업,500,"15,000","22,500,000","9,966,633",,,0.0,,, , ,,0% ,,,,,,,,,,,,,,,,,,,,,,,,
모니터랩,"웹방화벽,유해사이트솔루션,가시성SSL 솔루션, SASE플랫폼기반 SECaaS",,434480,대한민국,신규상장,주권,2023-05-19,,미래에셋증권 주식회사,소프트웨어 개발 및 공급업,100,"9,800","19,600,000","11,788,850",,,0.0,,, , ,,0% ,,,,,,,,,,,,,,,,,,,,,,,,
큐라켐,방사성동위원소 표지화합물 합성,,456190,대한민국,신규상장,주권,2023-05-18,,아이비케이투자증권(주),의료용품 및 기타 의약 관련제품 제조업,500,-,-,"1,754,286",,,0.0,,, , ,, ,,,,,,,,,,,,,,,,,,,,,,,,
트루엔,"IP 카메라, 영상스트리밍솔루션, IoT기기 및 서비스",,417790,대한민국,신규상장,주권,2023-05-17,,미래에셋증권 주식회사,영상 및 음향기기 제조업,100,"12,000","30,000,000","10,999,650",,,0.0,,, , ,,0% ,,,,,,,,,,,,,,,,,,,,,,,,
키움제8호스팩,기업 인수합병,,446840,대한민국,신규상장,주권,2023-05-17,,키움증권(주),금융 지원 서비스업,100,"2,000","10,000,000","5,880,000",,,0.0,,, , ,,0% ,,,,,,,,,,,,,,,,,,,,,,,,
삼미금속,상용차/중장비/선박엔진 부품,,012210,대한민국,신규상장,주권,2023-05-16,,아이비케이투자증권(주),기타 금속 가공제품 제조업,500,-,-,"31,599,885",,,0.0,,, , ,, ,,,,,,,,,,,,,,,,,,,,,,,,
에스바이오메딕스,줄기세포 치료제 연구 및 개발,,304360,대한민국,신규상장,주권,2023-05-04,,미래에셋증권 주식회사,의약품 제조업,500,"18,000","13,500,000","10,992,276",,,0.0,,, , ,,0% ,,,,,,,,,,,,,,,,,,,,,,,,
토마토시스템,"UI/UX솔루션, 대학정보화사업 SW",,393210,대한민국,이전상장,주권,2023-04-27,,교보증권(주),소프트웨어 개발 및 공급업,500,"18,200","15,652,000","5,194,222",,,0.0,,, , ,,0% ,,,,,,,,,,,,,,,,,,,,,,,,
마이크로투나노,메모리 테스트용 프로브 카드,,424980,대한민국,신규상장,주권,2023-04-26,,한국투자증권(주),반도체 제조업,500,"15,500","15,500,000","5,918,890",,,0.0,,, , ,,0% ,,,,,,,,,,,,,,,,,,,,,,,,
SK오션플랜트,해상풍력 하부구조물,,100090,대한민국,이전상장,주권,2023-04-19,,"한국투자증권(주),삼성증권(주)",1차 철강 제조업,500,-,-,"53,235,012",,,0.0,,, , ,, ,,,,,,,,,,,,,,,,,,,,,,,,
노보믹스,위암 예후예측 진단키트,,283100,대한민국,신규상장,주권,2023-04-19,,대신증권(주),자연과학 및 공학 연구개발업,500,-,-,"6,531,568",,,0.0,,, , ,, ,,,,,,,,,,,,,,,,,,,,,,,,
삼성FN리츠,대치타워 및 에스원빌딩,,448730,대한민국,신규상장,부동산투자회사,2023-04-10,,"한국투자증권(주),삼성증권(주)",부동산 임대 및 공급업,500,"5,000","118,900,000","77,300,000",,,0.0,,, , ,,0% ,,,,,,,,,,,,,,,,,,,,,,,,
현대그린푸드,"푸드서비스(단체급식), 식자재유통서비스, 공산품/생식품 유통서비스",,453340,대한민국,재상장,주권,2023-04-10,,삼성증권(주),종합 소매업,500,-,-,"33,880,914",,,0.0,,, , ,, ,,,,,,,,,,,,,,,,,,,,,,,,
미래에셋비전스팩3호,기업인수목적회사(기타금융서비스),,448830,대한민국,신규상장,주권,2023-04-07,,미래에셋증권 주식회사,금융 지원 서비스업,100,"2,000","9,000,000","4,920,000",,,0.0,,, , ,,0% ,,,,,,,,,,,,,,,,,,,,,,,,
하나27호스팩,기업인수합병,,448370,대한민국,신규상장,주권,2023-04-06,,하나증권주식회사,금융 지원 서비스업,100,"2,000","10,000,000","5,620,000",,,0.0,,, , ,,0% ,,,,,,,,,,,,,,,,,,,,,,,,
IBKS제22호스팩,기업인수 및 합병,,448760,대한민국,신규상장,주권,2023-04-06,,IBK투자증권(주),금융 지원 서비스업,100,"2,000","8,000,000","4,430,000",,,0.0,,, , ,,0% ,,,,,,,,,,,,,,,,,,,,,,,,
한화갤러리아,백화점,,452260,대한민국,재상장,주권,2023-03-31,,엔에이치투자증권(주),종합 소매업,500,-,-,"196,764,080",,,0.0,,, , ,, ,,,,,,,,,,,,,,,,,,,,,,,,
지아이이노베이션,면역항암제 및 알레르기 치료제,,358570,대한민국,신규상장,주권,2023-03-30,,"엔에이치투자증권(주),하나증권주식회사,삼성증권(주)",자연과학 및 공학 연구개발업,500,"13,000","26,000,000","22,004,200",,,0.0,,, , ,,0% ,,,,,,,,,,,,,,,,,,,,,,,,
LB인베스트먼트,중소기업 창업투자,,309960,대한민국,신규상장,주권,2023-03-29,,미래에셋증권 주식회사,기타 금융업,"1,000","5,100","23,552,040","23,217,239",,,0.0,,, , ,,0% ,,,,,,,,,,,,,,,,,,,,,,,,
한화리츠,부동산투자,,451800,대한민국,신규상장,부동산투자회사,2023-03-27,,"한국투자증권(주),한화투자증권(주)",부동산 임대 및 공급업,500,"5,000","116,000,000","70,600,000",,,0.0,,, , ,,0% ,,,,,,,,,,,,,,,,,,,,,,,,
유안타제12호스팩,기업인수합병,,446150,대한민국,신규상장,주권,2023-03-17,,유안타증권(주),금융 지원 서비스업,100,"2,000","9,000,000","4,770,000",,,0.0,,, , ,,0% ,,,,,,,,,,,,,,,,,,,,,,,,
미래에셋드림스팩1호,기업인수합병,,442900,대한민국,신규상장,주권,2023-03-15,,미래에셋증권 주식회사,금융 지원 서비스업,500,"10,000","70,000,000","7,680,000",,,0.0,,, , ,,0% ,,,,,,,,,,,,,,,,,,,,,,,,
금양그린파워,"플랜트, 발전소 및 신재생에너지 발전소 공사 및 용역",,282720,대한민국,신규상장,주권,2023-03-13,,삼성증권(주),전기 및 통신 공사업,500,"10,000","30,073,200","12,119,500",,,0.0,,, , ,,0% ,,,,,,,,,,,,,,,,,,,,,,,,
엔에이치스팩28호,기타 금융 지원 서비스업,,450410,대한민국,신규상장,주권,2023-03-09,,엔에이치투자증권(주),금융 지원 서비스업,100,"2,000","6,800,000","3,920,000",,,0.0,,, , ,,0% ,,,,,,,,,,,,,,,,,,,,,,,,
자람테크놀로지,"XGSPON, 기가와이어, 광트랜시버 등",,389020,대한민국,신규상장,주권,2023-03-07,,신영증권(주),반도체 제조업,500,"22,000","20,460,000","6,197,730",,,0.0,,, , ,,0% ,,,,,,,,,,,,,,,,,,,,,,,,
하나26호스팩,기업인수합병,,446750,대한민국,신규상장,주권,2023-03-07,,하나증권주식회사,금융 지원 서비스업,100,"2,000","11,000,000","6,030,000",,,0.0,,, , ,,0% ,,,,,,,,,,,,,,,,,,,,,,,,
나노팀,전기차용 방열제품,,417010,대한민국,신규상장,주권,2023-03-03,,한국투자증권(주),일반 목적용 기계 제조업,500,"13,000","26,650,000","19,154,328",,,0.0,,, , ,,0% ,,,,,,,,,,,,,,,,,,,,,,,,
바이오인프라,"생동성시험, 검체 분석",,199730,대한민국,신규상장,주권,2023-03-02,,DB증권주식회사,자연과학 및 공학 연구개발업,500,"21,000","13,650,000","4,796,867",,,0.0,,, , ,,0% ,,,,,,,,,,,,,,,,,,,,,,,,
삼성스팩8호,기업인수합병,,448740,대한민국,신규상장,주권,2023-03-02,,삼성증권(주),금융 지원 서비스업,500,"10,000","40,000,000","4,664,000",,,0.0,,, , ,,0% ,,,,,,,,,,,,,,,,,,,,,,,,
유안타제13호스팩,금융 지원 서비스,,449020,대한민국,신규상장,주권,2023-02-28,,유안타증권(주),금융 지원 서비스업,100,"2,000","17,000,000","9,730,000",,,0.0,,, , ,,0% ,,,,,,,,,,,,,,,,,,,,,,,,
미래에셋비전스팩2호,기업인수합병,,446190,대한민국,신규상장,주권,2023-02-24,,미래에셋증권 주식회사,금융 지원 서비스업,100,"2,000","9,300,000","4,950,000",,,0.0,,, , ,,0% ,,,,,,,,,,,,,,,,,,,,,,,,
이노진,"탈모케어제품(볼빅), 피부케어제품(Dr.메디션)",,344860,대한민국,이전상장,주권,2023-02-20,,IBK투자증권(주),기타 화학제품 제조업,100,"3,000","7,800,000","12,030,000",,,0.0,,, , ,,0% ,,,,,,,,,,,,,,,,,,,,,,,,
제이오,"탄소나노튜브, 금속탱크 및 유사용기",,418550,대한민국,신규상장,주권,2023-02-16,,한국투자증권(주),"건축기술, 엔지니어링 및 관련 기술 서비스업",100,"13,000","52,000,000","31,336,273",,,0.0,,, , ,,0% ,,,,,,,,,,,,,,,,,,,,,,,,
샌즈랩,사이버 위협 인텔리전스(CTI),,411080,대한민국,신규상장,주권,2023-02-15,,키움증권(주),소프트웨어 개발 및 공급업,100,"10,500","38,850,000","15,095,238",,,0.0,,, , ,,0% ,,,,,,,,,,,,,,,,,,,,,,,,
꿈비,"놀이방매트, 유아거실가구 등",,407400,대한민국,신규상장,주권,2023-02-09,,키움증권(주),가구 제조업,100,"5,000","10,000,000","7,938,930",,,0.0,,, , ,,0% ,,,,,,,,,,,,,,,,,,,,,,,,
스튜디오미르,애니메이션 제작,,408900,대한민국,신규상장,주권,2023-02-07,,미래에셋증권 주식회사,"영화, 비디오물, 방송프로그램 제작 및 배급업",100,"19,500","19,500,000","5,150,550",,,0.0,,, , ,,0% ,,,,,,,,,,,,,,,,,,,,,,,,
삼기이브이,배터리(이차전지) 부품 (엔드플레이트),,419050,대한민국,신규상장,주권,2023-02-03,,대신증권(주),자동차 신품 부품 제조업,100,"11,000","39,072,407","14,299,060",,,0.0,,, , ,,0% ,,,,,,,,,,,,,,,,,,,,,,,,
코오롱모빌리티그룹,수입자동차 유통 및 정비업,,450140,대한민국,재상장,주권,2023-01-31,,엔에이치투자증권(주),자동차 판매업,500,-,-,"65,233,370",,,0.0,,, , ,, ,,,,,,,,,,,,,,,,,,,,,,,,
오브젠,CRM 소프트웨어,,417860,대한민국,신규상장,주권,2023-01-30,,한국투자증권(주),소프트웨어 개발 및 공급업,500,"18,000","13,967,208","3,879,775",,,0.0,,, , ,,0% ,,,,,,,,,,,,,,,,,,,,,,,,
미래반도체,반도체,,254490,대한민국,신규상장,주권,2023-01-27,,신한투자증권 주식회사,기타 전문 도매업,100,"6,000","21,600,000","14,438,000",,,0.0,,, , ,,0% ,,,,,,,,,,,,,,,,,,,,,,,,
태양3C,"와이어링 하네스 커넥터, 초음파 프로브 케이블",,052960,대한민국,신규상장,주권,2023-01-26,,키움증권(주),자동차 부품 및 내장품 판매업,500,-,-,"4,887,078",,,0.0,,, , ,, ,,,,,,,,,,,,,,,,,,,,,,,,
지슨,무선 도청·해킹·불법촬영 탐지시스템,,289860,대한민국,신규상장,주권,2023-01-26,,키움증권(주),소프트웨어 개발 및 공급업,500,-,-,"16,774,024",,,0.0,,, , ,, ,,,,,,,,,,,,,,,,,,,,,,,,
한주라이트메탈,알루미늄 기반 경량화 자동차 부품,,198940,대한민국,신규상장,주권,2023-01-19,,"미래에셋증권 주식회사,현대차증권주식회사",1차 비철금속 제조업,500,"3,100","20,150,000","19,435,815",,,0.0,,, , ,,0% ,,,,,,,,,,,,,,,,,,,,,,,,
티이엠씨,반도체용 특수가스,,425040,대한민국,신규상장,주권,2023-01-19,,한화투자증권(주),기초 화학물질 제조업,500,"28,000","50,400,000","10,623,114",,,0.0,,, , ,,0% ,,,,,,,,,,,,,,,,,,,,,,,,
타이드,"PLC모뎀, DCU",,346010,대한민국,신규상장,주권,2022-12-28,,한화투자증권(주),전자부품 제조업,500,-,-,"4,860,062",,,0.0,,, , ,, ,,,,,,,,,,,,,,,,,,,,,,,,
아이오바이오,정량광형광기술을 활용한 구강질환 진단검사 의료기기,,447690,대한민국,신규상장,주권,2022-12-28,,키움증권(주),의료용 기기 제조업,500,-,-,"2,564,067",,,0.0,,, , ,, ,,,,,,,,,,,,,,,,,,,,,,,,
신영스팩9호,기업인수,,445970,대한민국,신규상장,주권,2022-12-27,,신영증권(주),금융 지원 서비스업,100,"2,000","10,300,000","5,360,000",,,0.0,,, , ,,0% ,,,,,,,,,,,,,,,,,,,,,,,,
지에프씨생명과학,화장품 바이오 소재 및 임상실험,,388610,대한민국,신규상장,주권,2022-12-23,,대신증권(주),기타 화학제품 제조업,500,-,-,"1,036,526",,,0.0,,, , ,, ,,,,,,,,,,,,,,,,,,,,,,,,
카이바이오텍,방사성 진단 및 치료 의약품,,446600,대한민국,신규상장,주권,2022-12-23,,해당없음,의약품 제조업,"5,000",-,-,"981,281",,,0.0,,, , ,, ,,,,,,,,,,,,,,,,,,,,,,,,
바이오노트,"Rapid 반제품 및 완제품, 동물용신속진단 키트",,377740,대한민국,신규상장,주권,2022-12-22,,"한국투자증권(주),엔에이치투자증권(주)",의료용품 및 기타 의약 관련제품 제조업,500,"9,000","93,600,000","101,876,048",,,0.0,,, , ,,0% ,,,,,,,,,,,,,,,,,,,,,,,,
비엔케이제1호스팩,기업인수합병,,445360,대한민국,신규상장,주권,2022-12-22,,(주)비엔케이투자증권,금융 지원 서비스업,100,"2,000","8,000,000","4,310,000",,,0.0,,, , ,,0% ,,,,,,,,,,,,,,,,,,,,,,,,
애니메디솔루션,"맞춤형 수술솔루션(시뮬레이터, 수술가이드, 보형물)",,390110,대한민국,신규상장,주권,2022-12-21,,신한투자증권(주),의료용 기기 제조업,500,-,-,"8,975,797",,,0.0,,, , ,, ,,,,,,,,,,,,,,,,,,,,,,,,
마이크로엔엑스,의료용구(전동기),,448780,대한민국,신규상장,주권,2022-12-21,,교보증권(주),의료용 기기 제조업,500,-,-,"2,608,600",,,0.0,,, , ,, ,,,,,,,,,,,,,,,,,,,,,,,,
엔에이치스팩27호,기타 금융 지원 서비스업,,440820,대한민국,신규상장,주권,2022-12-16,,엔에이치투자증권(주),금융 지원 서비스업,100,"2,000","13,000,000","7,800,000",,,0.0,,, , ,,0% ,,,,,,,,,,,,,,,,,,,,,,,,
IBKS제21호스팩,기업인수 및 합병,,442770,대한민국,신규상장,주권,2022-12-16,,IBK투자증권(주),금융 지원 서비스업,100,"2,000","8,000,000","4,210,000",,,0.0,,, , ,,0% ,,,,,,,,,,,,,,,,,,,,,,,,
SAMG엔터,애니메이션 IP 기획 및 관련 제품 제작,,419530,대한민국,신규상장,주권,2022-12-06,,엔에이치투자증권(주),"영화, 비디오물, 방송프로그램 제작 및 배급업",500,"17,000","23,800,000","8,590,930",,,0.0,,, , ,,0% ,,,,,,,,,,,,,,,,,,,,,,,,
대신밸런스제14호스팩,금융 지원 서비스업,,442310,대한민국,신규상장,주권,2022-12-05,,대신증권(주),금융 지원 서비스업,100,"2,000","11,000,000","6,710,000",,,0.0,,, , ,,0% ,,,,,,,,,,,,,,,,,,,,,,,,
엔에이치스팩26호,기타 금융 지원 서비스업,,439410,대한민국,신규상장,주권,2022-12-01,,엔에이치투자증권(주),금융 지원 서비스업,100,"2,000","15,000,000","8,800,000",,,0.0,,, , ,,0% ,,,,,,,,,,,,,,,,,,,,,,,,
유진스팩9호,기업인수합병,,442130,대한민국,신규상장,주권,2022-12-01,,유진투자증권(주),금융 지원 서비스업,100,"2,000","6,500,000","3,460,000",,,0.0,,, , ,,0% ,,,,,,,,,,,,,,,,,,,,,,,,
아하,"전자칠판, 전자교탁 등",,102950,대한민국,신규상장,주권,2022-11-30,,하나증권(주),전자부품 제조업,500,-,-,"12,751,903",,,0.0,,, , ,, ,,,,,,,,,,,,,,,,,,,,,,,,
에이아이더뉴트리진,"건강기능식품, AI솔루션, 분자진단키트",,311960,대한민국,신규상장,주권,2022-11-29,,아이비케이투자증권(주),도시락 및 식사용 조리식품 제조업,500,-,-,"3,062,664",,,0.0,,, , ,, ,,,,,,,,,,,,,,,,,,,,,,,,
대신밸런스제13호스팩,금융 지원 서비스업,,438220,대한민국,신규상장,주권,2022-11-28,,대신증권(주),금융 지원 서비스업,100,"2,000","10,000,000","5,640,000",,,0.0,,, , ,,0% ,,,,,,,,,,,,,,,,,,,,,,,,
유니드비티플러스,MDF 등,,446070,대한민국,재상장,주권,2022-11-28,,엔에이치투자증권(주),제재 및 목재 가공업,"1,000",-,-,"10,611,215",,,0.0,,, , ,, ,,,,,,,,,,,,,,,,,,,,,,,,
펨트론,3D 정밀측정 검사장비,,168360,대한민국,신규상장,주권,2022-11-24,,하나증권주식회사,특수 목적용 기계 제조업,500,"8,000","8,800,000","10,644,142",,,0.0,,, , ,,0% ,,,,,,,,,,,,,,,,,,,,,,,,
인벤티지랩,마이크로/나노 입자 기반 약물전달 플랫폼 및 관련 제품,,389470,대한민국,신규상장,주권,2022-11-22,,한국투자증권(주),의약품 제조업,500,"12,000","12,480,000","8,205,348",,,0.0,,, , ,,0% ,,,,,,,,,,,,,,,,,,,,,,,,
유비온,학습관리시스템 등 에듀테크 플랫폼 (코스모스) 및 교육서비스,,084440,대한민국,이전상장,주권,2022-11-18,,미래에셋증권 주식회사,소프트웨어 개발 및 공급업,100,"2,000","5,520,000","19,712,800",,,0.0,,, , ,,0% ,,,,,,,,,,,,,,,,,,,,,,,,
엔젯,"EHD 잉크젯 프린터, EHD 코터",,419080,대한민국,신규상장,주권,2022-11-18,,미래에셋증권 주식회사,특수 목적용 기계 제조업,500,"10,000","21,000,000","10,517,817",,,0.0,,, , ,,0% ,,,,,,,,,,,,,,,,,,,,,,,,
티쓰리,온라인 및 모바일 게임 등,,204610,대한민국,신규상장,주권,2022-11-17,,미래에셋증권 주식회사,소프트웨어 개발 및 공급업,100,"1,700","28,900,000","65,587,752",,,0.0,,, , ,,0% ,,,,,,,,,,,,,,,,,,,,,,,,
티에프이,"COK, Board, Test Socket",,425420,대한민국,신규상장,주권,2022-11-17,,IBK투자증권(주),전자부품 제조업,100,"10,500","28,350,000","11,381,000",,,0.0,,, , ,,0% ,,,,,,,,,,,,,,,,,,,,,,,,
윤성에프앤씨,2차전지용 믹싱시스템,,372170,대한민국,신규상장,주권,2022-11-14,,미래에셋증권 주식회사,"구조용 금속제품, 탱크 및 증기발생기 제조업",100,"49,000","97,743,338","7,979,048",,,0.0,,, , ,,0% ,,,,,,,,,,,,,,,,,,,,,,,,
디티앤씨알오,비임상 및 임상시험 대체 용역,,383930,대한민국,신규상장,주권,2022-11-11,,키움증권(주),자연과학 및 공학 연구개발업,500,"17,000","23,800,000","6,315,256",,,0.0,,, , ,,0% ,,,,,,,,,,,,,,,,,,,,,,,,
뉴로메카,"협동로봇, 협동로봇 자동화 플랫폼, 로봇제어기 등",,348340,대한민국,신규상장,주권,2022-11-04,,대신증권(주),특수 목적용 기계 제조업,500,"16,900","25,350,000","9,855,420",,,0.0,,, , ,,0% ,,,,,,,,,,,,,,,,,,,,,,,,
제이아이테크,반도체 프리커서 및 쿼츠/블랭크/포토마스크용 케이스,,417500,대한민국,신규상장,주권,2022-11-04,,미래에셋증권 주식회사,기타 화학제품 제조업,100,"16,000","27,661,920","8,196,186",,,0.0,,, , ,,0% ,,,,,,,,,,,,,,,,,,,,,,,,
LX세미콘,Display Driver IC,,108320,대한민국,이전상장,주권,2022-11-03,,KB증권(주),반도체 제조업,500,-,-,"16,264,300",,,0.0,,, , ,, ,,,,,,,,,,,,,,,,,,,,,,,,
엔에이치스팩25호,기업인수합병,,438580,대한민국,신규상장,주권,2022-11-03,,엔에이치투자증권(주),금융 지원 서비스업,100,"2,000","5,000,000","3,020,000",,,0.0,,, , ,,0% ,,,,,,,,,,,,,,,,,,,,,,,,
케이비제23호스팩,기업인수목적,,440200,대한민국,신규상장,주권,2022-11-03,,KB증권(주),금융 지원 서비스업,100,"2,000","12,000,000","6,125,000",,,0.0,,, , ,,0% ,,,,,,,,,,,,,,,,,,,,,,,,
큐알티,반도체 신뢰성 검사 및 종합분석,,405100,대한민국,신규상장,주권,2022-11-02,,미래에셋증권 주식회사,"그외 기타 전문, 과학 및 기술 서비스업",500,"44,000","43,582,000","3,984,556",,,0.0,,, , ,,0% ,,,,,,,,,,,,,,,,,,,,,,,,
교보13호스팩,기업 인수 및 합병,,440790,대한민국,신규상장,주권,2022-11-02,,교보증권(주),금융 지원 서비스업,100,"2,000","7,600,000","4,050,000",,,0.0,,, , ,,0% ,,,,,,,,,,,,,,,,,,,,,,,,
저스템,반도체 습도제어 System,,417840,대한민국,신규상장,주권,2022-10-28,,미래에셋증권 주식회사,특수 목적용 기계 제조업,500,"10,500","18,060,000","6,941,600",,,0.0,,, , ,,0% ,,,,,,,,,,,,,,,,,,,,,,,,
IBKS제20호스팩,기업인수 및 합병,,439730,대한민국,신규상장,주권,2022-10-28,,IBK투자증권(주),금융 지원 서비스업,100,"2,000","8,000,000","4,310,000",,,0.0,,, , ,,0% ,,,,,,,,,,,,,,,,,,,,,,,,
산돌,리테일 폰트 등,,419120,대한민국,신규상장,주권,2022-10-27,,KB증권(주),소프트웨어 개발 및 공급업,500,"18,800","28,012,000","7,671,826",,,0.0,,, , ,,0% ,,,,,,,,,,,,,,,,,,,,,,,,
삼성스팩7호,기업인수합병,,439250,대한민국,신규상장,주권,2022-10-26,,삼성증권(주),금융 지원 서비스업,500,"10,000","30,000,000","3,502,000",,,0.0,,, , ,,0% ,,,,,,,,,,,,,,,,,,,,,,,,
탈로스,군용 리튬이온 이차전지,,434190,대한민국,신규상장,주권,2022-10-24,,DB증권(주),일차전지 및 이차전지 제조업,"1,000",-,-,"2,943,280",,,0.0,,, , ,, ,,,,,,,,,,,,,,,,,,,,,,,,
플라즈맵,플라즈마 멸균기 및 표면처리기기,,405000,대한민국,신규상장,주권,2022-10-21,,미래에셋증권 주식회사,의료용 기기 제조업,500,"7,000","12,397,000","17,706,940",,,0.0,,, , ,,0% ,,,,,,,,,,,,,,,,,,,,,,,,
핀텔,AI 영상 분석 솔루션 및 소프트웨어,,291810,대한민국,신규상장,주권,2022-10-20,,대신증권(주),소프트웨어 개발 및 공급업,500,"8,900","17,800,000","9,957,412",,,0.0,,, , ,,0% ,,,,,,,,,,,,,,,,,,,,,,,,
하나금융25호스팩,기업인수합병,,435620,대한민국,신규상장,주권,2022-10-20,,하나증권주식회사,금융 지원 서비스업,500,"10,000","40,000,000","4,302,000",,,0.0,,, , ,,0% ,,,,,,,,,,,,,,,,,,,,,,,,
한국제11호스팩,기업인수합병,,436610,대한민국,신규상장,주권,2022-10-20,,한국투자증권(주),금융 지원 서비스업,100,"2,000","10,000,000","6,020,000",,,0.0,,, , ,,0% ,,,,,,,,,,,,,,,,,,,,,,,,
엔에이치스팩24호,기업인수합병,,437780,대한민국,신규상장,주권,2022-10-20,,엔에이치투자증권(주),금융 지원 서비스업,100,"2,000","8,600,000","5,030,000",,,0.0,,, , ,,0% ,,,,,,,,,,,,,,,,,,,,,,,,
샤페론,합성신약 및 항체치료제신약 기술제품 및 기술이전,,378800,대한민국,신규상장,주권,2022-10-19,,엔에이치투자증권(주),기초 의약물질 제조업,500,"5,000","13,735,000","22,231,781",,,0.0,,, , ,,0% ,,,,,,,,,,,,,,,,,,,,,,,,
탑머티리얼,"이차전지 시스템 엔지니어링, 전극소재, 양극소재",,360070,대한민국,신규상장,주권,2022-10-18,,한국투자증권(주),일차전지 및 이차전지 제조업,500,"30,000","60,000,000","7,984,343",,,0.0,,, , ,,0% ,,,,,,,,,,,,,,,,,,,,,,,,
에스비비테크,"베어링, 감속기",,389500,대한민국,신규상장,주권,2022-10-17,,미래에셋증권 주식회사,일반 목적용 기계 제조업,500,"12,400","22,320,000","5,944,490",,,0.0,,, , ,,0% ,,,,,,,,,,,,,,,,,,,,,,,,
오에스피,프리미엄 반려동물 사료,,368970,대한민국,신규상장,주권,2022-10-14,,대신증권(주),기타 식품 제조업,500,"8,400","17,270,400","9,346,160",,,0.0,,, , ,,0% ,,,,,,,,,,,,,,,,,,,,,,,,
이노룰스,"InnoRules, InnoProduct",,296640,대한민국,신규상장,주권,2022-10-07,,엔에이치투자증권(주),소프트웨어 개발 및 공급업,500,"12,500","14,434,300","5,141,760",,,0.0,,, , ,,0% ,,,,,,,,,,,,,,,,,,,,,,,,
모델솔루션,"하이엔드 프로토타입 제조, 다품종 소량생산 서비스",,417970,대한민국,신규상장,주권,2022-10-07,,KB증권(주),특수 목적용 기계 제조업,500,"27,000","27,000,000","6,396,700",,,0.0,,, , ,,0% ,,,,,,,,,,,,,,,,,,,,,,,,
파인엠텍,IT부품,,441270,대한민국,재상장,주권,2022-10-07,,엔에이치투자증권(주),전자부품 제조업,500,-,-,"29,269,312",,,0.0,,, , ,, ,,,,,,,,,,,,,,,,,,,,,,,,
KB스타리츠,"벨기에 North Galaxy Towers, 영국 Samsung Europe HQ",,432320,대한민국,신규상장,부동산투자회사,2022-10-06,,KB증권(주),부동산 임대 및 공급업,500,"5,000","153,500,000","101,414,285",,,0.0,,, , ,,0% ,,,,,,,,,,,,,,,,,,,,,,,,
유안타제10호스팩,기업인수목적회사,,435380,대한민국,신규상장,주권,2022-10-06,,유안타증권(주),금융 지원 서비스업,100,"2,000","11,000,000","5,730,000",,,0.0,,, , ,,0% ,,,,,,,,,,,,,,,,,,,,,,,,
SK증권제8호스팩,기업인수목적회사,,435870,대한민국,신규상장,주권,2022-10-06,,SK증권(주),금융 지원 서비스업,100,"2,000","7,000,000","3,720,000",,,0.0,,, , ,,0% ,,,,,,,,,,,,,,,,,,,,,,,,
선바이오,"PEG유도체 제품 (62%), 기술료수입 (38%)",,067370,대한민국,이전상장,주권,2022-10-05,,하나증권주식회사,의약품 제조업,500,"11,000","6,776,000","12,313,555",,,0.0,,, , ,,0% ,,,,,,,,,,,,,,,,,,,,,,,,
더블유씨피,이차전지용 분리막,,393890,대한민국,신규상장,주권,2022-09-30,,"신한투자증권 주식회사,KB증권(주)",일차전지 및 이차전지 제조업,500,"60,000","432,000,000","33,696,518",,,0.0,,, , ,,0% ,,,,,,,,,,,,,,,,,,,,,,,,
알피바이오,연질캡슐 제형의 의약품 및 건강기능식품,,314140,대한민국,신규상장,주권,2022-09-29,,한국투자증권(주),의약품 제조업,500,"13,000","15,600,000","7,823,942",,,0.0,,, , ,,0% ,,,,,,,,,,,,,,,,,,,,,,,,
하나금융24호스팩,기업인수합병,,430230,대한민국,신규상장,주권,2022-09-29,,하나증권주식회사,금융 지원 서비스업,100,"2,000","14,000,000","8,004,000",,,0.0,,, , ,,0% ,,,,,,,,,,,,,,,,,,,,,,,,
한화플러스제3호스팩,기업 인수 합병,,430460,대한민국,신규상장,주권,2022-09-29,,한화투자증권(주),금융 지원 서비스업,100,"2,000","10,000,000","5,920,000",,,0.0,,, , ,,0% ,,,,,,,,,,,,,,,,,,,,,,,,
티엘엔지니어링,클린룸 설계 및 시공,,413300,대한민국,신규상장,주권,2022-09-27,,아이비케이투자증권(주),"건축기술, 엔지니어링 및 관련 기술 서비스업",500,-,-,"1,200,000",,,0.0,,, , ,, ,,,,,,,,,,,,,,,,,,,,,,,,
오픈엣지테크놀로지,시스템 반도체 IP,,394280,대한민국,신규상장,주권,2022-09-26,,삼성증권(주),소프트웨어 개발 및 공급업,100,"10,000","33,850,000","20,870,474",,,0.0,,, , ,,0% ,,,,,,,,,,,,,,,,,,,,,,,,
케이비제22호스팩,기업인수목적,,436530,대한민국,신규상장,주권,2022-09-22,,KB증권(주),금융 지원 서비스업,100,"2,000","10,000,000","5,220,000",,,0.0,,, , ,,0% ,,,,,,,,,,,,,,,,,,,,,,,,
하나금융23호스팩,기업인수합병,,427950,대한민국,신규상장,주권,2022-09-15,,하나증권주식회사,금융 지원 서비스업,100,"2,000","9,000,000","4,830,000",,,0.0,,, , ,,0% ,,,,,,,,,,,,,,,,,,,,,,,,
키움제7호스팩,기업 인수합병,,433530,대한민국,신규상장,주권,2022-09-07,,키움증권(주),금융 지원 서비스업,100,"2,000","8,000,000","4,105,000",,,0.0,,, , ,,0% ,,,,,,,,,,,,,,,,,,,,,,,,
IBKS19호스팩,기업인수 및 합병,,426550,대한민국,신규상장,주권,2022-08-26,,IBK투자증권(주),금융 지원 서비스업,100,"2,000","9,500,000","5,080,000",,,0.0,,, , ,,0% ,,,,,,,,,,,,,,,,,,,,,,,,
신영스팩8호,기업인수,,430220,대한민국,신규상장,주권,2022-08-26,,신영증권(주),금융 지원 서비스업,100,"2,000","12,500,000","6,760,000",,,0.0,,, , ,,0% ,,,,,,,,,,,,,,,,,,,,,,,,
대성하이텍,"정밀부품, 스위스턴 자동선반, 컴팩트 머시닝센터",,129920,대한민국,신규상장,주권,2022-08-22,,신한투자증권 주식회사,특수 목적용 기계 제조업,100,"9,000","29,903,040","13,278,546",,,0.0,,, , ,,0% ,,,,,,,,,,,,,,,,,,,,,,,,
쏘카,"카셰어링, 모빌리티 플랫폼 등",,403550,대한민국,신규상장,주권,2022-08-22,,미래에셋증권 주식회사,운송장비 임대업,100,"28,000","101,920,000","32,725,652",,,0.0,,, , ,,0% ,,,,,,,,,,,,,,,,,,,,,,,,
에이치와이티씨,2차전지 장비 초정밀 부품,,148930,대한민국,신규상장,주권,2022-08-09,,신영증권(주),기타 금속 가공제품 제조업,500,"15,000","33,900,000","10,075,713",,,0.0,,, , ,,0% ,,,,,,,,,,,,,,,,,,,,,,,,
새빗켐,"폐전지재활용소재, 폐산재활용",,107600,대한민국,신규상장,주권,2022-08-04,,한국투자증권(주),기타 화학제품 제조업,500,"35,000","37,450,000","4,754,545",,,0.0,,, , ,,0% ,,,,,,,,,,,,,,,,,,,,,,,,
유안타제9호스팩,기업인수목적회사,,430700,대한민국,신규상장,주권,2022-08-04,,유안타증권(주),금융 지원 서비스업,100,"2,000","10,000,000","5,240,000",,,0.0,,, , ,,0% ,,,,,,,,,,,,,,,,,,,,,,,,
수산인더스트리,전력발전설비 정비 용역,,126720,대한민국,신규상장,주권,2022-08-01,,삼성증권(주),건물설비 설치 공사업,200,"35,000","200,025,000","14,286,000",,,0.0,,, , ,,0% ,,,,,,,,,,,,,,,,,,,,,,,,
아이씨에이치,스마트기기용 필름형 안테나,,368600,대한민국,신규상장,주권,2022-07-29,,삼성증권(주),그외 기타 제품 제조업,500,"34,000","40,120,000","5,664,755",,,0.0,,, , ,,0% ,,,,,,,,,,,,,,,,,,,,,,,,
신한제10호스팩,금융서비스(기업인수목적 회사),,418210,대한민국,신규상장,주권,2022-07-29,,신한투자증권 주식회사,금융 지원 서비스업,100,"2,000","6,500,000","3,660,000",,,0.0,,, , ,,0% ,,,,,,,,,,,,,,,,,,,,,,,,
성일하이텍,"코발트, 니켈, 리튬 등",,365340,대한민국,신규상장,주권,2022-07-28,,"대신증권(주),KB증권(주)",기초 화학물질 제조업,500,"50,000","133,500,000","11,613,649",,,0.0,,, , ,,0% ,,,,,,,,,,,,,,,,,,,,,,,,
에이프릴바이오,항체의약품 및 재조합 단백질 의약품,,397030,대한민국,신규상장,주권,2022-07-28,,엔에이치투자증권(주),자연과학 및 공학 연구개발업,"1,000","16,000","20,736,000","10,514,725",,,0.0,,, , ,,0% ,,,,,,,,,,,,,,,,,,,,,,,,
퓨쳐메디신,뉴클레오사이드 유도체 기반 합성의약품,,341170,대한민국,신규상장,주권,2022-07-27,,엔에이치투자증권(주),자연과학 및 공학 연구개발업,500,-,-,"9,275,470",,,0.0,,, , ,, ,,,,,,,,,,,,,,,,,,,,,,,,
IBKS제18호스팩,기업인수 및 합병,,424760,대한민국,신규상장,주권,2022-07-22,,IBK투자증권(주),금융 지원 서비스업,100,"2,000","8,000,000","4,230,000",,,0.0,,, , ,,0% ,,,,,,,,,,,,,,,,,,,,,,,,
루닛,Lunit INSIGHT,,328130,대한민국,신규상장,주권,2022-07-21,,엔에이치투자증권(주),소프트웨어 개발 및 공급업,500,"30,000","36,474,000","10,519,873",,,0.0,,, , ,,0% ,,,,,,,,,,,,,,,,,,,,,,,,
바스칸바이오제약,"일반의약품, 전문의약품, 의료기기",,354390,대한민국,신규상장,주권,2022-07-20,,아이비케이투자증권(주),의약품 제조업,"2,500",-,-,"7,018,247",,,0.0,,, , ,, ,,,,,,,,,,,,,,,,,,,,,,,,
HPSP,고압 수소 어닐링 장비,,403870,대한민국,신규상장,주권,2022-07-15,,엔에이치투자증권(주),특수 목적용 기계 제조업,500,"25,000","75,000,000","19,749,715",,,0.0,,, , ,,0% ,,,,,,,,,,,,,,,,,,,,,,,,
영창케미칼,반도체 및 디스플레이용 화학소재,,112290,대한민국,신규상장,주권,2022-07-14,,하나증권주식회사,기타 화학제품 제조업,"1,000","18,600","44,640,000","10,110,545",,,0.0,,, , ,,0% ,,,,,,,,,,,,,,,,,,,,,,,,
대신밸런스제12호스팩,금융 지원 서비스업,,426670,대한민국,신규상장,주권,2022-07-14,,대신증권(주),금융 지원 서비스업,100,"2,000","10,000,000","5,810,000",,,0.0,,, , ,,0% ,,,,,,,,,,,,,,,,,,,,,,,,
코난테크놀로지,"AI 기반 검색엔진(Konan Search), AI기반 영상인식 솔루션(D: Watcher)",,402030,대한민국,신규상장,주권,2022-07-07,,한국투자증권(주),소프트웨어 개발 및 공급업,500,"25,000","30,000,000","5,680,444",,,0.0,,, , ,,0% ,,,,,,,,,,,,,,,,,,,,,,,,
넥스트칩,"차량 및 자율주행차용 비메모리 반도체(ISP, AHD, ADAS/AD)",,396270,대한민국,신규상장,주권,2022-07-01,,대신증권(주),반도체 제조업,500,"13,000","33,800,000","17,384,240",,,0.0,,, , ,,0% ,,,,,,,,,,,,,,,,,,,,,,,,
삼성스팩6호,기업인수합병,,425290,대한민국,신규상장,주권,2022-06-30,,삼성증권(주),금융 지원 서비스업,100,"2,000","10,000,000","5,520,000",,,0.0,,, , ,,0% ,,,,,,,,,,,,,,,,,,,,,,,,
엔에이치스팩23호,금융 지원 서비스,,422040,대한민국,신규상장,주권,2022-06-28,,엔에이치투자증권(주),금융 지원 서비스업,100,"2,000","12,300,000","7,160,000",,,0.0,,, , ,,0% ,,,,,,,,,,,,,,,,,,,,,,,,
보로노이,표적치료제,,310210,대한민국,신규상장,주권,2022-06-24,,"한국투자증권(주),미래에셋증권 주식회사",기초 의약물질 제조업,500,"40,000","52,000,000","12,638,949",,,0.0,,, , ,,0% ,,,,,,,,,,,,,,,,,,,,,,,,
레이저쎌,"에어리어 레이저솔루션, LSR, LCB, LSB, BSOM 등",,412350,대한민국,신규상장,주권,2022-06-24,,삼성증권(주),특수 목적용 기계 제조업,500,"16,000","25,600,000","8,425,772",,,0.0,,, , ,,0% ,,,,,,,,,,,,,,,,,,,,,,,,
교보12호스팩,기업인수 및 합병,,421800,대한민국,신규상장,주권,2022-06-24,,교보증권(주),금융 지원 서비스업,100,"2,000","11,500,000","5,980,000",,,0.0,,, , ,,0% ,,,,,,,,,,,,,,,,,,,,,,,,
위니아에이드,"전자제품 소매, 물류주선, 서비스대행",,377460,대한민국,신규상장,주권,2022-06-23,,신한투자증권 주식회사,기타 운송관련 서비스업,500,"16,200","86,930,609","15,393,405",,,0.0,,, , ,,0% ,,,,,,,,,,,,,,,,,,,,,,,,
케이비제21호스팩,기업인수목적회사,,424140,대한민국,신규상장,주권,2022-06-23,,KB증권(주),금융 지원 서비스업,100,"2,000","15,000,000","7,710,000",,,0.0,,, , ,,0% ,,,,,,,,,,,,,,,,,,,,,,,,
비플라이소프트,"아이서퍼, 위고몬 등",,148780,대한민국,이전상장,주권,2022-06-20,,IBK투자증권(주),소프트웨어 개발 및 공급업,500,"10,000","8,000,000","6,073,318",,,0.0,,, , ,,0% ,,,,,,,,,,,,,,,,,,,,,,,,
범한퓨얼셀,"잠수함용 연료전지모듈, 건물용 연료전지 시스템, 수소충전소 구축",,382900,대한민국,신규상장,주권,2022-06-17,,"한국투자증권(주),엔에이치투자증권(주)","전동기, 발전기 및 전기 변환 · 공급 · 제어 장치 제조업",500,"40,000","85,440,000","8,761,000",,,0.0,,, , ,,0% ,,,,,,,,,,,,,,,,,,,,,,,,
코나솔,"합금강, 기계부품 제조",,176590,대한민국,신규상장,주권,2022-06-15,,한국투자증권(주),특수 목적용 기계 제조업,500,-,-,"5,823,333",,,0.0,,, , ,, ,,,,,,,,,,,,,,,,,,,,,,,,
청담글로벌,글로벌 화장품 유통,,362320,대한민국,신규상장,주권,2022-06-03,,"대신증권(주),KB증권(주)",생활용품 도매업,500,"6,000","30,440,094","20,551,290",,,0.0,,, , ,,0% ,,,,,,,,,,,,,,,,,,,,,,,,
마스턴프리미어리츠,"프랑스 파리 소재 크리스탈파크, 프랑스 아마존 라스트마일 물류센터, 인천 항동 스마트물류센터",,357430,대한민국,신규상장,부동산투자회사,2022-05-31,,삼성증권(주),부동산 임대 및 공급업,"1,000","5,000","59,300,000","26,580,000",,,0.0,,, , ,,0% ,,,,,,,,,,,,,,,,,,,,,,,,
하나금융22호스팩,기업인수합병,,418170,대한민국,신규상장,주권,2022-05-26,,하나증권주식회사,금융 지원 서비스업,100,"2,000","10,000,000","6,010,000",,,0.0,,, , ,,0% ,,,,,,,,,,,,,,,,,,,,,,,,
가온칩스,설계 솔루션 및 주문형 반도체,,399720,대한민국,신규상장,주권,2022-05-20,,대신증권(주),반도체 제조업,500,"14,000","28,000,000","11,488,320",,,0.0,,, , ,,0% ,,,,,,,,,,,,,,,,,,,,,,,,
대명에너지,신재생에너지 발전 공사 및 용역,,389260,대한민국,신규상장,주권,2022-05-16,,"한국투자증권(주),삼성증권(주)",건물 건설업,100,"15,000","37,500,000","17,000,000",,,0.0,,, , ,,0% ,,,,,,,,,,,,,,,,,,,,,,,,
상상인제3호스팩,기업인수 및 합병,,415580,대한민국,신규상장,주권,2022-04-29,,주식회사 상상인증권,금융 지원 서비스업,100,"2,000","9,000,000","5,310,000",,,0.0,,, , ,,0% ,,,,,,,,,,,,,,,,,,,,,,,,
포바이포,광고영화 및 비디오물 제작업,,389140,대한민국,신규상장,주권,2022-04-28,,미래에셋증권 주식회사,"영화, 비디오물, 방송프로그램 제작 및 배급업",500,"17,000","30,174,439","10,224,235",,,0.0,,, , ,,0% ,,,,,,,,,,,,,,,,,,,,,,,,
신영스팩7호,기업인수,,419270,대한민국,신규상장,주권,2022-04-28,,신영증권(주),금융 지원 서비스업,100,"2,000","8,400,000","4,305,000",,,0.0,,, , ,,0% ,,,,,,,,,,,,,,,,,,,,,,,,
신한제9호스팩,SPAC 합병,,405640,대한민국,신규상장,주권,2022-04-27,,신한투자증권 주식회사,금융 지원 서비스업,100,"2,000","8,000,000","4,535,000",,,0.0,,, , ,,0% ,,,,,,,,,,,,,,,,,,,,,,,,
미래에셋비전스팩1호,기업인수합병,,412930,대한민국,신규상장,주권,2022-04-21,,미래에셋증권 주식회사,금융 지원 서비스업,100,"2,000","11,700,000","6,176,000",,,0.0,,, , ,,0% ,,,,,,,,,,,,,,,,,,,,,,,,
키움제6호스팩,기업 인수합병,,413600,대한민국,신규상장,주권,2022-04-07,,키움증권(주),금융 지원 서비스업,100,"2,000","6,400,000","3,430,000",,,0.0,,, , ,,0% ,,,,,,,,,,,,,,,,,,,,,,,,
지투파워,"수·배전반, 태양광발전시스템, 인버터(PCS)",,388050,대한민국,신규상장,주권,2022-04-01,,"한국투자증권(주),KB증권(주)","전동기, 발전기 및 전기 변환 · 공급 · 제어 장치 제조업",500,"16,400","14,514,000","3,686,835",,,0.0,,, , ,,0% ,,,,,,,,,,,,,,,,,,,,,,,,
유진스팩8호,기업인수합병,,413630,대한민국,신규상장,주권,2022-03-31,,유진투자증권(주),금융 지원 서비스업,100,"2,000","10,000,000","5,920,000",,,0.0,,, , ,,0% ,,,,,,,,,,,,,,,,,,,,,,,,
코람코더원리츠,서울 영등포구 여의도 소재 하나금융투자 빌딩,,417310,대한민국,신규상장,부동산투자회사,2022-03-28,,"삼성증권(주),하나증권주식회사",부동산 임대 및 공급업,500,"5,000","97,500,000","40,400,000",,,0.0,,, , ,,0% ,,,,,,,,,,,,,,,,,,,,,,,,
세아메카닉스,"TV스탠드, 전기 수소차 부품 등",,396300,대한민국,신규상장,주권,2022-03-24,,신한투자증권 주식회사,기타 금속 가공제품 제조업,100,"4,400","29,260,000","26,489,500",,,0.0,,, , ,,0% ,,,,,,,,,,,,,,,,,,,,,,,,
공구우먼,플러스사이즈 여성용 의류 및 잡화,,366030,대한민국,신규상장,주권,2022-03-23,,미래에셋증권 주식회사,"섬유, 의복, 신발 및 가죽제품 소매업",100,"20,000","22,400,000","3,672,100",,,0.0,,, , ,,0% ,,,,,,,,,,,,,,,,,,,,,,,,
유일로보틱스,"취출로봇, 사출장비 및 자동화시스템",,388720,대한민국,신규상장,주권,2022-03-18,,한국투자증권(주),특수 목적용 기계 제조업,500,"10,000","21,500,000","8,580,846",,,0.0,,, , ,,0% ,,,,,,,,,,,,,,,,,,,,,,,,
모아데이타,인공지능 기반 ICT 시스템 이상탐지 및 예측 솔루션,,288980,대한민국,신규상장,주권,2022-03-10,,하나증권주식회사,소프트웨어 개발 및 공급업,500,"20,000","16,000,000","5,361,072",,,0.0,,, , ,,0% ,,,,,,,,,,,,,,,,,,,,,,,,
에스케이증권7호스팩,기업인수합병,,408920,대한민국,신규상장,주권,2022-03-07,,SK증권(주),금융 지원 서비스업,100,"2,000","6,000,000","3,620,000",,,0.0,,, , ,,0% ,,,,,,,,,,,,,,,,,,,,,,,,
비씨엔씨,반도체용 합성쿼츠 포커스링,,146320,대한민국,신규상장,주권,2022-03-03,,엔에이치투자증권(주),반도체 제조업,500,"13,000","32,500,000","12,367,923",,,0.0,,, , ,,0% ,,,,,,,,,,,,,,,,,,,,,,,,
노을,융복합 체외진단 플랫폼,,376930,대한민국,신규상장,주권,2022-03-03,,"한국투자증권(주),삼성증권(주)",의료용 기기 제조업,500,"10,000","15,000,000","10,425,050",,,0.0,,, , ,,0% ,,,,,,,,,,,,,,,,,,,,,,,,
풍원정밀,OLED 증착용 Metal Mask,,371950,대한민국,신규상장,주권,2022-02-28,,대신증권(주),전자부품 제조업,500,"15,200","45,600,000","21,040,488",,,0.0,,, , ,,0% ,,,,,,,,,,,,,,,,,,,,,,,,
스톤브릿지벤처스,"창업투자, 사모투자",,330730,대한민국,신규상장,주권,2022-02-25,,"KB증권(주),삼성증권(주)",기타 금융업,500,"8,000","32,400,000","17,878,830",,,0.0,,, , ,,0% ,,,,,,,,,,,,,,,,,,,,,,,,
하나금융21호스팩,기업인수합병,,406760,대한민국,신규상장,주권,2022-02-25,,하나증권주식회사,금융 지원 서비스업,100,"2,000","12,000,000","7,410,000",,,0.0,,, , ,,0% ,,,,,,,,,,,,,,,,,,,,,,,,
브이씨,골프용 거리측정기,,365900,대한민국,신규상장,주권,2022-02-24,,한국투자증권(주),운동 및 경기용구 제조업,500,"15,000","15,000,000","6,987,800",,,0.0,,, , ,,0% ,,,,,,,,,,,,,,,,,,,,,,,,
퓨런티어,"전장카메라모듈장비, 모바일카메라모듈장비, PC및 광원",,370090,대한민국,신규상장,주권,2022-02-23,,"신한투자증권 주식회사,유안타증권(주)","측정, 시험, 항해, 제어 및 기타 정밀기기 제조업; 광학기기 제외",500,"15,000","24,000,000","7,965,980",,,0.0,,, , ,,0% ,,,,,,,,,,,,,,,,,,,,,,,,
바이오에프디엔씨,식물세포 유래 유효물질 및 약리물질,,251120,대한민국,신규상장,주권,2022-02-21,,DB증권주식회사,기초 의약물질 제조업,500,"28,000","36,400,000","8,695,700",,,0.0,,, , ,,0% ,,,,,,,,,,,,,,,,,,,,,,,,
한국제10호스팩,기업인수합병,,409570,대한민국,신규상장,주권,2022-02-21,,한국투자증권(주),금융 지원 서비스업,100,"2,000","9,000,000","5,410,000",,,0.0,,, , ,,0% ,,,,,,,,,,,,,,,,,,,,,,,,
IBKS제17호스팩,금융 지원 서비스,,405350,대한민국,신규상장,주권,2022-02-18,,IBK투자증권(주),금융 지원 서비스업,100,"2,000","5,000,000","2,720,000",,,0.0,,, , ,,0% ,,,,,,,,,,,,,,,,,,,,,,,,
인카금융서비스,보험 판매,,211050,대한민국,이전상장,주권,2022-02-16,,한국투자증권(주),보험 및 연금관련 서비스업,500,"18,000","15,836,400","5,137,980",,,0.0,,, , ,,0% ,,,,,,,,,,,,,,,,,,,,,,,,
나래나노텍,"디스플레이 장비 (포토, 코팅, 모듈 장비)",,137080,대한민국,신규상장,주권,2022-02-08,,미래에셋증권 주식회사,특수 목적용 기계 제조업,500,"17,500","54,250,000","11,059,422",,,0.0,,, , ,,0% ,,,,,,,,,,,,,,,,,,,,,,,,
아셈스,핫멜트 접착 필름,,136410,대한민국,신규상장,주권,2022-02-07,,한국투자증권(주),플라스틱제품 제조업,500,"8,000","16,000,000","11,019,106",,,0.0,,, , ,,0% ,,,,,,,,,,,,,,,,,,,,,,,,
스코넥,"XR 교육/훈련 시스템, VR 게임 콘텐츠 등",,276040,대한민국,신규상장,주권,2022-02-04,,신영증권(주),소프트웨어 개발 및 공급업,500,"13,000","28,941,900","12,072,009",,,0.0,,, , ,,0% ,,,,,,,,,,,,,,,,,,,,,,,,
이지트로닉스,전력변환장치,,377330,대한민국,신규상장,주권,2022-02-04,,엔에이치투자증권(주),"전동기, 발전기 및 전기 변환 · 공급 · 제어 장치 제조업",500,"22,000","43,560,000","7,965,454",,,0.0,,, , ,,0% ,,,,,,,,,,,,,,,,,,,,,,,,
LG에너지솔루션,"2차전지 (소형,ESS,자동차전지)",,373220,대한민국,신규상장,주권,2022-01-27,,"KB증권(주),모간스탠리인터내셔날증권회사 서울지점",일차전지 및 이차전지 제조업,500,"300,000","12,750,000,000","234,000,000",,,0.0,,, , ,,0% ,,,,,,,,,,,,,,,,,,,,,,,,
케이옥션,미술품 경매 및 판매,,102370,대한민국,신규상장,주권,2022-01-24,,신영증권(주),상품 중개업,500,"20,000","32,000,000","8,909,420",,,0.0,,, , ,,0% ,,,,,,,,,,,,,,,,,,,,,,,,
애드바이오텍,"동물용약품,영양제,단미사료(네오폐녹스),보조사료 제조,도매/식품첨가물,화장품 도소매,무역",,179530,대한민국,이전상장,주권,2022-01-24,,대신증권(주),의약품 제조업,500,"7,000","9,520,000","9,093,844",,,0.0,,, , ,,0% ,,,,,,,,,,,,,,,,,,,,,,,,
코스텍시스템,"반도체 웨이퍼 이송장비, 본딩장비",,169670,대한민국,신규상장,주권,2022-01-21,,대신증권(주),특수 목적용 기계 제조업,500,-,-,"2,868,401",,,0.0,,, , ,, ,,,,,,,,,,,,,,,,,,,,,,,,
오토앤,자동차 지급품 및 애프터마켓 제품,,353590,대한민국,신규상장,주권,2022-01-20,,미래에셋증권 주식회사,자동차 부품 및 내장품 판매업,500,"5,300","15,251,169","12,875,570",,,0.0,,, , ,,0% ,,,,,,,,,,,,,,,,,,,,,,,,
디비금융스팩10호,인수목적,,404950,대한민국,신규상장,주권,2022-01-20,,DB증권주식회사,기타 금융업,100,"2,000","10,000,000","5,840,000",,,0.0,,, , ,,0% ,,,,,,,,,,,,,,,,,,,,,,,,
래몽래인,드라마 제작,,200350,대한민국,이전상장,주권,2021-12-30,,IBK투자증권(주),"영화, 비디오물, 방송프로그램 제작 및 배급업",500,"15,000","18,000,000","6,248,519",,,0.0,,, , ,,0% ,,,,,,,,,,,,,,,,,,,,,,,,
하나금융20호스팩,금융지원 서비스업,,400560,대한민국,신규상장,주권,2021-12-27,,하나증권주식회사,금융 지원 서비스업,100,"2,000","6,000,000","3,050,000",,,0.0,,, , ,,0% ,,,,,,,,,,,,,,,,,,,,,,,,
엔에이치스팩22호,금융 지원 서비스,,396770,대한민국,신규상장,주권,2021-12-24,,엔에이치투자증권(주),금융 지원 서비스업,100,"2,000","12,000,000","6,440,000",,,0.0,,, , ,,0% ,,,,,,,,,,,,,,,,,,,,,,,,
교보11호스팩,기업인수 및 합병,,397880,대한민국,신규상장,주권,2021-12-20,,교보증권(주),금융 지원 서비스업,100,"2,000","8,400,000","4,440,000",,,0.0,,, , ,,0% ,,,,,,,,,,,,,,,,,,,,,,,,
하이제7호스팩,기업인수합병,,400840,대한민국,신규상장,주권,2021-12-20,,iM증권,금융 지원 서비스업,100,"2,000","5,000","5,120,000",,,0.0,,, , ,,0% ,,,,,,,,,,,,,,,,,,,,,,,,
케이티비네트워크,"창업투자금융, 벤처기업투자 등",,298870,대한민국,신규상장,주권,2021-12-16,,한국투자증권(주),기타 금융업,500,"5,800","116,000,000","100,000,000",,,0.0,,, , ,,0% ,,,,,,,,,,,,,,,,,,,,,,,,
예스피치,"AI 가상비서 서비스, 화자인증 서비스",,403360,대한민국,신규상장,주권,2021-12-14,,한국투자증권(주),소프트웨어 개발 및 공급업,500,-,-,"2,904,000",,,0.0,,, , ,, ,,,,,,,,,,,,,,,,,,,,,,,,
제이엠멀티,목재 데크로드 시스템,,254160,대한민국,신규상장,주권,2021-12-13,,아이비케이투자증권(주),제재 및 목재 가공업,500,-,-,"5,160,000",,,0.0,,, , ,, ,,,,,,,,,,,,,,,,,,,,,,,,
툴젠,유전자교정 플랫폼 관련 제품,,199800,대한민국,이전상장,주권,2021-12-10,,한국투자증권(주),자연과학 및 공학 연구개발업,500,"70,000","70,000,000","7,852,427",,,0.0,,, , ,,0% ,,,,,,,,,,,,,,,,,,,,,,,,
신한서부티엔디리츠,부동산투자,,404990,대한민국,신규상장,부동산투자회사,2021-12-10,,한국투자증권(주),부동산 임대 및 공급업,"1,000","5,000","134,889,210","55,955,884",,,0.0,,, , ,,0% ,,,,,,,,,,,,,,,,,,,,,,,,
미래에셋글로벌리츠,부동산 임대업,,396690,대한민국,신규상장,부동산투자회사,2021-12-03,,미래에셋증권 주식회사,부동산 임대 및 공급업,"1,000","5,000","75,100,000","29,060,000",,,0.0,,, , ,,0% ,,,,,,,,,,,,,,,,,,,,,,,,
대신밸런스제11호스팩,금융 지원 서비스업,,397500,대한민국,신규상장,주권,2021-12-02,,대신증권(주),금융 지원 서비스업,100,"2,000","13,000,000","7,610,000",,,0.0,,, , ,,0% ,,,,,,,,,,,,,,,,,,,,,,,,
켈스,체외진단 의료기기,,402420,대한민국,신규상장,주권,2021-11-30,,키움증권(주),의료용 기기 제조업,500,-,-,"2,226,540",,,0.0,,, , ,, ,,,,,,,,,,,,,,,,,,,,,,,,
SK스퀘어,지주회사,,402340,대한민국,재상장,주권,2021-11-29,,엔에이치투자증권(주),기타 금융업,100,-,-,"141,467,571",,,0.0,,, , ,, ,,,,,,,,,,,,,,,,,,,,,,,,
마인즈랩,종합 인공지능 엔진 및 플랫폼,,377480,대한민국,신규상장,주권,2021-11-23,,"엔에이치투자증권(주),하나증권주식회사",소프트웨어 개발 및 공급업,500,"30,000","18,133,770","5,064,283",,,0.0,,, , ,,0% ,,,,,,,,,,,,,,,,,,,,,,,,
알비더블유,음반 및 음원 등(콘텐츠),,361570,대한민국,신규상장,주권,2021-11-22,,미래에셋증권 주식회사,오디오물 출판 및 원판 녹음업,500,"21,400","26,814,200","7,930,590",,,0.0,,, , ,,0% ,,,,,,,,,,,,,,,,,,,,,,,,
바이옵트로,인쇄회로기판(PCB) 전기검사기,,222160,대한민국,이전상장,주권,2021-11-18,,한국투자증권(주),특수 목적용 기계 제조업,500,"7,500","7,500,000","8,143,866",,,0.0,,, , ,,0% ,,,,,,,,,,,,,,,,,,,,,,,,
NH올원리츠,부동산투자,,400760,대한민국,신규상장,부동산투자회사,2021-11-18,,한국투자증권(주),부동산 임대 및 공급업,500,"5,000","140,500,000","42,200,000",,,0.0,,, , ,,0% ,,,,,,,,,,,,,,,,,,,,,,,,
트윔,AI 기반 스마트팩토리 검사 소프트웨어 및 설비,,290090,대한민국,신규상장,주권,2021-11-17,,대신증권(주),소프트웨어 개발 및 공급업,500,"22,000","26,840,000","7,254,894",,,0.0,,, , ,,0% ,,,,,,,,,,,,,,,,,,,,,,,,
지오엘리먼트,"센서, 캐니스터",,311320,대한민국,신규상장,주권,2021-11-11,,엔에이치투자증권(주),전자부품 제조업,500,"10,000","15,470,000","6,193,410",,,0.0,,, , ,,0% ,,,,,,,,,,,,,,,,,,,,,,,,
아이티아이즈,"디지털금융솔루션 제공 및 AI, Big Data 서비스, 클라우드 통합 플랫폼 (GURMWI)",,372800,대한민국,신규상장,주권,2021-11-11,,신한투자증권 주식회사,소프트웨어 개발 및 공급업,500,"14,300","25,411,100","5,776,980",,,0.0,,, , ,,0% ,,,,,,,,,,,,,,,,,,,,,,,,
비트나인,"그래프데이터베이스, 그래프분석서비스",,357880,대한민국,신규상장,주권,2021-11-10,,하나증권주식회사,소프트웨어 개발 및 공급업,500,"11,000","22,781,000","10,353,956",,,0.0,,, , ,,0% ,,,,,,,,,,,,,,,,,,,,,,,,
디어유,"모바일 어플리케이션(DearU bubble, Lysn)",,376300,대한민국,신규상장,주권,2021-11-10,,한국투자증권(주),소프트웨어 개발 및 공급업,500,"26,000","85,800,000","20,151,230",,,0.0,,, , ,,0% ,,,,,,,,,,,,,,,,,,,,,,,,
지니너스,"NGS기반 조직생검 암유전체 동반진단(CancerSCAN), 액체생검 암유전체 동반진단(LiquidSCAN), 단일세포분석(Celinus) 등",,389030,대한민국,신규상장,주권,2021-11-08,,대신증권(주),자연과학 및 공학 연구개발업,500,"20,000","40,000,000","10,869,315",,,0.0,,, , ,,0% ,,,,,,,,,,,,,,,,,,,,,,,,
피코그램,"정수기, 정수기 필터",,376180,대한민국,신규상장,주권,2021-11-03,,IBK투자증권(주),그외 기타 제품 제조업,100,"12,500","12,500,000","3,061,578",,,0.0,,, , ,,0% ,,,,,,,,,,,,,,,,,,,,,,,,
카카오페이,"간편결제, 간편송금 및 기타 금융서비스",,377300,대한민국,신규상장,주권,2021-11-03,,"삼성증권(주),골드만삭스증권 서울지점,제이피모간증권회사 서울지점",금융 지원 서비스업,500,"90,000","1,530,000,000","130,367,125",,,0.0,,, , ,,0% ,,,,,,,,,,,,,,,,,,,,,,,,
엔켐,2차전지 전해액,,348370,대한민국,신규상장,주권,2021-11-01,,"신한투자증권 주식회사,대신증권(주)",기초 화학물질 제조업,500,"42,000","95,030,250","15,107,973",,,0.0,,, , ,,0% ,,,,,,,,,,,,,,,,,,,,,,,,
리파인,권리조사,,377450,대한민국,신규상장,주권,2021-10-29,,KB증권(주),기타 정보 서비스업,100,"21,000","90,930,000","17,330,000",,,0.0,,, , ,,0% ,,,,,,,,,,,,,,,,,,,,,,,,
지앤비에스엔지니어링,"스크러버, 트랩, 백연제거장치 등",,382800,대한민국,신규상장,주권,2021-10-29,,삼성증권(주),특수 목적용 기계 제조업,500,"17,400","24,795,000","7,164,618",,,0.0,,, , ,,0% ,,,,,,,,,,,,,,,,,,,,,,,,
아이패밀리에스씨,"색조화장품 브랜드 `롬앤(Rom&nd)', IT기반 웨딩서비스 브랜드 `아이웨딩`",,114840,대한민국,신규상장,주권,2021-10-28,,삼성증권(주),기타 화학제품 제조업,500,"25,000","20,480,000","4,120,276",,,0.0,,, , ,,0% ,,,,,,,,,,,,,,,,,,,,,,,,
젬,LED 조명장치,,248020,대한민국,신규상장,주권,2021-10-22,,해당없음,전구 및 조명장치 제조업,"5,000",-,-,"477,105",,,0.0,,, , ,, ,,,,,,,,,,,,,,,,,,,,,,,,
차백신연구소,백신 및 면역증강제 등,,261780,대한민국,신규상장,주권,2021-10-22,,삼성증권(주),자연과학 및 공학 연구개발업,500,"11,000","43,450,000","26,429,162",,,0.0,,, , ,,0% ,,,,,,,,,,,,,,,,,,,,,,,,
지아이텍,"SLOT DIE, SLIT NOZZLE, REPAIR, 기타",,382480,대한민국,신규상장,주권,2021-10-21,,미래에셋증권 주식회사,특수 목적용 기계 제조업,500,"14,000","37,800,000","7,871,428",,,0.0,,, , ,,0% ,,,,,,,,,,,,,,,,,,,,,,,,
엔에이치스팩21호,금융 지원 서비스(SPAC),,391710,대한민국,신규상장,주권,2021-10-15,,엔에이치투자증권(주),금융 지원 서비스업,100,"2,000","12,500,000","7,460,000",,,0.0,,, , ,,0% ,,,,,,,,,,,,,,,,,,,,,,,,
토마토시스템,UI솔루션,,393210,대한민국,신규상장,주권,2021-10-14,,교보증권(주),소프트웨어 개발 및 공급업,500,-,-,"3,833,470",,,0.0,,, , ,, ,,,,,,,,,,,,,,,,,,,,,,,,
케이카,오프라인 및 온라인 중고차 매매업,,381970,대한민국,신규상장,주권,2021-10-13,,"엔에이치투자증권(주),골드만삭스증권 서울지점",자동차 판매업,500,"25,000","336,605,775","48,086,533",,,0.0,,, , ,,0% ,,,,,,,,,,,,,,,,,,,,,,,,
씨유테크,"휴대폰, 전장 등 실장부품",,376290,대한민국,신규상장,주권,2021-10-08,,대신증권(주),전자부품 제조업,500,"6,000","31,500,000","17,657,500",,,0.0,,, , ,,0% ,,,,,,,,,,,,,,,,,,,,,,,,
아스플로,"강관, 피팅, 밸브류 등",,159010,대한민국,신규상장,주권,2021-10-07,,미래에셋증권 주식회사,일반 목적용 기계 제조업,500,"25,000","15,750,000","4,444,913",,,0.0,,, , ,,0% ,,,,,,,,,,,,,,,,,,,,,,,,
원준,2차전지용 열처리 장비,,382840,대한민국,신규상장,주권,2021-10-07,,엔에이치투자증권(주),특수 목적용 기계 제조업,100,"65,000","65,312,455","5,020,191",,,0.0,,, , ,,0% ,,,,,,,,,,,,,,,,,,,,,,,,
하나금융19호스팩,기업인수목적,,388220,대한민국,신규상장,주권,2021-10-07,,하나증권주식회사,금융 지원 서비스업,100,"2,000","11,000,000","6,310,000",,,0.0,,, , ,,0% ,,,,,,,,,,,,,,,,,,,,,,,,
엔에이치스팩20호,기업 인수합병,,391060,대한민국,신규상장,주권,2021-10-05,,엔에이치투자증권(주),금융 지원 서비스업,100,"2,000","40,000,000","25,500,000",,,0.0,,, , ,,0% ,,,,,,,,,,,,,,,,,,,,,,,,
실리콘투,화장품 유통,,257720,대한민국,신규상장,주권,2021-09-29,,"미래에셋증권 주식회사,삼성증권(주)",상품 종합 도매업,500,"27,200","44,988,800","10,024,764",,,0.0,,, , ,,0% ,,,,,,,,,,,,,,,,,,,,,,,,
에스앤디,"일반기능식품소재, 건강기능식품소재",,260970,대한민국,이전상장,주권,2021-09-29,,유진투자증권(주),도시락 및 식사용 조리식품 제조업,500,"28,000","28,644,000","4,059,420",,,0.0,,, , ,,0% ,,,,,,,,,,,,,,,,,,,,,,,,
프롬바이오,개별인정형 건강기능식품,,377220,대한민국,신규상장,주권,2021-09-28,,엔에이치투자증권(주),도시락 및 식사용 조리식품 제조업,100,"18,000","43,200,000","13,835,000",,,0.0,,, , ,,0% ,,,,,,,,,,,,,,,,,,,,,,,,
바이오플러스,"생체재료 개질 기술을 사용한 히알루론산(HA) 기반 더말필러, 유착방지제 및 그 응용제품",,099430,대한민국,신규상장,주권,2021-09-27,,키움증권(주),기초 의약물질 제조업,500,"31,500","44,100,000","13,910,746",,,0.0,,, , ,,0% ,,,,,,,,,,,,,,,,,,,,,,,,
신한제8호스팩,SPAC합병,,393360,대한민국,신규상장,주권,2021-09-27,,신한투자증권 주식회사,금융 지원 서비스업,100,"2,000","12,500,000","7,350,000",,,0.0,,, , ,,0% ,,,,,,,,,,,,,,,,,,,,,,,,
현대중공업,"선박, 해양플랜트 및 엔진기계 등",,329180,대한민국,신규상장,주권,2021-09-17,,"한국투자증권(주),CS증권 서울지점,미래에셋증권 주식회사",선박 및 보트 건조업,"5,000","60,000","1,080,000,000","88,773,116",,,0.0,,, , ,,0% ,,,,,,,,,,,,,,,,,,,,,,,,
대신밸런스제10호스팩,금융 지원 서비스업,,387310,대한민국,신규상장,주권,2021-09-17,,대신증권(주),금융 지원 서비스업,100,"2,000","10,000,000","5,460,000",,,0.0,,, , ,,0% ,,,,,,,,,,,,,,,,,,,,,,,,
SK리츠,서울 중구 소재 SK서린빌딩 및 전국 116개 주유소 임대 운영,,395400,대한민국,신규상장,부동산투자회사,2021-09-14,,"한국투자증권(주),삼성증권(주)",부동산 임대 및 공급업,500,"5,000","232,551,330","155,020,532",,,0.0,,, , ,,0% ,,,,,,,,,,,,,,,,,,,,,,,,
유진스팩7호,합병,,388800,대한민국,신규상장,주권,2021-09-13,,유진투자증권(주),금융 지원 서비스업,100,"2,000","8,000,000","5,010,000",,,0.0,,, , ,,0% ,,,,,,,,,,,,,,,,,,,,,,,,
와이엠텍,계전기(EV Relay),,273640,대한민국,신규상장,주권,2021-09-10,,KB증권(주),"전동기, 발전기 및 전기 변환 · 공급 · 제어 장치 제조업",500,"28,000","16,800,000","5,393,000",,,0.0,,, , ,,0% ,,,,,,,,,,,,,,,,,,,,,,,,
에이비온,"표적 항암제, 바이오 베터 신약",,203400,대한민국,이전상장,주권,2021-09-08,,"미래에셋증권 주식회사,한화투자증권(주)",자연과학 및 공학 연구개발업,500,"17,000","38,760,000","15,249,795",,,0.0,,, , ,,0% ,,,,,,,,,,,,,,,,,,,,,,,,
IBKS제16호스팩,금융 지원 서비스,,388790,대한민국,신규상장,주권,2021-09-03,,IBK투자증권(주),금융 지원 서비스업,100,"2,000","6,380,000","3,410,000",,,0.0,,, , ,,0% ,,,,,,,,,,,,,,,,,,,,,,,,
일진하이솔루스,"수소승용용기, 매연저감장치 등",,271940,대한민국,신규상장,주권,2021-09-01,,"미래에셋증권 주식회사,삼성증권(주)",그외 기타 운송장비 제조업,500,"34,300","373,663,857","36,313,190",,,0.0,,, , ,,0% ,,,,,,,,,,,,,,,,,,,,,,,,
디앤디플랫폼리츠,부동산 투자 및 관리,,377190,대한민국,신규상장,부동산투자회사,2021-08-27,,"신한투자증권 주식회사,엔에이치투자증권(주),대신증권(주)",부동산 임대 및 공급업,"1,000","5,000","175,000,000","64,400,000",,,0.0,,, , ,,0% ,,,,,,,,,,,,,,,,,,,,,,,,
바이젠셀,"면역세포치료제 (면역항암제, 면역조절치료제 등)",,308080,대한민국,신규상장,주권,2021-08-25,,"대신증권(주),KB증권(주)",자연과학 및 공학 연구개발업,500,"52,700","99,417,496","9,432,400",,,0.0,,, , ,,0% ,,,,,,,,,,,,,,,,,,,,,,,,
아주스틸,"프리미엄 가전용 고품질 컬러강판, 건자재 등",,139990,대한민국,신규상장,주권,2021-08-20,,미래에셋증권 주식회사,1차 철강 제조업,500,"15,100","104,756,250","26,452,189",,,0.0,,, , ,,0% ,,,,,,,,,,,,,,,,,,,,,,,,
롯데렌탈,"렌터카, 카셰어링(그린카), 중고차매매, 일반렌탈(측정기,OA, 리프트 등)",,089860,대한민국,신규상장,주권,2021-08-19,,"한국투자증권(주),엔에이치투자증권(주)",운송장비 임대업,"5,000","59,000","850,898,000","36,634,063",,,0.0,,, , ,,0% ,,,,,,,,,,,,,,,,,,,,,,,,
브레인즈컴퍼니,IT 인프라 통합관리 솔루션,,099390,대한민국,신규상장,주권,2021-08-19,,키움증권(주),소프트웨어 개발 및 공급업,500,"25,000","15,000,000","4,108,796",,,0.0,,, , ,,0% ,,,,,,,,,,,,,,,,,,,,,,,,
딥노이드,"의료 인공지능플랫폼, 인공지능 임상의사결정 시스템",,315640,대한민국,신규상장,주권,2021-08-17,,KB증권(주),소프트웨어 개발 및 공급업,500,"42,000","12,600,000","4,290,997",,,0.0,,, , ,,0% ,,,,,,,,,,,,,,,,,,,,,,,,
한컴라이프케어,"공기호흡기, 방독면, 보호복 등",,372910,대한민국,신규상장,주권,2021-08-17,,미래에셋증권 주식회사,의료용 기기 제조업,200,"13,700","113,741,798","27,674,406",,,0.0,,, , ,,0% ,,,,,,,,,,,,,,,,,,,,,,,,
엠로,"SCM구축 및 용역, 라이선스, 기술료, 클라우드사용료",,058970,대한민국,이전상장,주권,2021-08-13,,한국투자증권(주),소프트웨어 개발 및 공급업,500,"22,600","22,963,950","5,426,060",,,0.0,,, , ,,0% ,,,,,,,,,,,,,,,,,,,,,,,,
플래티어,E-Commerce Platform 구축,,367000,대한민국,신규상장,주권,2021-08-12,,KB증권(주),소프트웨어 개발 및 공급업,500,"11,000","19,800,000","8,269,707",,,0.0,,, , ,,0% ,,,,,,,,,,,,,,,,,,,,,,,,
원티드랩,채용 플랫폼,,376980,대한민국,신규상장,주권,2021-08-11,,한국투자증권(주),소프트웨어 개발 및 공급업,500,"35,000","25,550,000","4,703,068",,,0.0,,, , ,,0% ,,,,,,,,,,,,,,,,,,,,,,,,
크래프톤,등 게임 소프트웨어,,259960,대한민국,신규상장,주권,2021-08-10,,미래에셋증권 주식회사,소프트웨어 개발 및 공급업,100,"498,000","4,309,806,540","48,898,070",,,0.0,,, , ,,0% ,,,,,,,,,,,,,,,,,,,,,,,,
PI첨단소재,PI(Polyimide)필름,,178920,대한민국,이전상장,주권,2021-08-09,,엔에이치투자증권(주),플라스틱제품 제조업,500,-,-,"29,366,322",,,0.0,,, , ,, ,,,,,,,,,,,,,,,,,,,,,,,,
HK이노엔,"전문의약품, 숙취해소음료",,195940,대한민국,신규상장,주권,2021-08-09,,"한국투자증권(주),제이피모간증권회사 서울지점,삼성증권(주)",의약품 제조업,500,"59,000","596,903,000","28,904,499",,,0.0,,, , ,,0% ,,,,,,,,,,,,,,,,,,,,,,,,
카카오뱅크,은행 및 금융서비스,,323410,대한민국,신규상장,주권,2021-08-06,,"KB증권(주),CS증권 서울지점",은행 및 저축기관,"5,000","39,000","2,552,550,000","475,100,237",,,0.0,,, , ,,0% ,,,,,,,,,,,,,,,,,,,,,,,,
한화플러스제2호스팩,-,,386580,대한민국,신규상장,주권,2021-08-05,,한화투자증권(주),금융 지원 서비스업,100,"2,000","7,500,000","4,160,000",,,0.0,,, , ,,0% ,,,,,,,,,,,,,,,,,,,,,,,,
에브리봇,"물걸레 로봇청소기, 흡입형 로봇청소기",,270660,대한민국,이전상장,주권,2021-07-28,,엔에이치투자증권(주),가정용 기기 제조업,500,"36,700","41,104,000","6,095,671",,,0.0,,, , ,,0% ,,,,,,,,,,,,,,,,,,,,,,,,
맥스트,AR 개발 플랫폼/AR솔루션,,377030,대한민국,신규상장,주권,2021-07-27,,하나증권주식회사,소프트웨어 개발 및 공급업,500,"15,000","15,000,000","8,533,491",,,0.0,,, , ,,0% ,,,,,,,,,,,,,,,,,,,,,,,,
큐라클,혈관질환치료제 등,,365270,대한민국,신규상장,주권,2021-07-22,,삼성증권(주),자연과학 및 공학 연구개발업,500,"25,000","53,333,325","13,355,968",,,0.0,,, , ,,0% ,,,,,,,,,,,,,,,,,,,,,,,,
에스디바이오센서,STANDARD Q 항원/항체 진단키트(COVID-19 진단키트),,137310,대한민국,신규상장,주권,2021-07-16,,"한국투자증권(주),엔에이치투자증권(주)",의료용 기기 제조업,500,"52,000","776,380,800","103,271,353",,,0.0,,, , ,,0% ,,,,,,,,,,,,,,,,,,,,,,,,
오비고,스마트카 소프트웨어 플랫폼,,352910,대한민국,신규상장,주권,2021-07-13,,엔에이치투자증권(주),"컴퓨터 프로그래밍, 시스템 통합 및 관리업",500,"14,300","34,791,929","11,283,858",,,0.0,,, , ,,0% ,,,,,,,,,,,,,,,,,,,,,,,,
엠씨넥스,"모바일 카메라모듈,전장 카메라모듈,블랙박스,IP 카메라",,097520,대한민국,이전상장,주권,2021-07-06,,한국투자증권(주),영상 및 음향기기 제조업,500,-,-,"17,863,482",,,0.0,,, , ,, ,,,,,,,,,,,,,,,,,,,,,,,,
아모센스,무선충전 차폐시트,,357580,대한민국,신규상장,주권,2021-06-25,,신한투자증권 주식회사,전자부품 제조업,500,"12,400","34,470,239","11,200,076",,,0.0,,, , ,,0% ,,,,,,,,,,,,,,,,,,,,,,,,
타임기술,"ILS(종합군수지원), IETM(전자식기술교범), CBT(전자식교보재), 기술번역",,318660,대한민국,신규상장,주권,2021-06-24,,한국투자증권(주),소프트웨어 개발 및 공급업,500,-,-,"2,122,101",,,0.0,,, , ,, ,,,,,,,,,,,,,,,,,,,,,,,,
이노뎁,영상인식 및 데이터플랫폼 솔루션,,303530,대한민국,신규상장,주권,2021-06-18,,iM증권,소프트웨어 개발 및 공급업,500,"18,000","18,900,000","6,950,135",,,0.0,,, , ,,0% ,,,,,,,,,,,,,,,,,,,,,,,,
라온테크,반도체 및 FPD용 로봇시스템,,232680,대한민국,이전상장,주권,2021-06-17,,KB증권(주),특수 목적용 기계 제조업,500,"18,000","9,000,000","4,886,005",,,0.0,,, , ,,0% ,,,,,,,,,,,,,,,,,,,,,,,,
삼성머스트스팩5호,기업인수합병,,380320,대한민국,신규상장,주권,2021-06-17,,삼성증권(주),금융 지원 서비스업,100,"2,000","8,000,000","4,810,000",,,0.0,,, , ,,0% ,,,,,,,,,,,,,,,,,,,,,,,,
엘비루셈,디스플레이 구동 반도체(Driver IC),,376190,대한민국,신규상장,주권,2021-06-11,,"한국투자증권(주),KB증권(주)",반도체 제조업,500,"14,000","84,000,000","24,600,000",,,0.0,,, , ,,0% ,,,,,,,,,,,,,,,,,,,,,,,,
이성씨엔아이,원자력발전소 계측제어 서비스(경상정비),,379390,대한민국,신규상장,주권,2021-06-04,,교보증권(주),"건축기술, 엔지니어링 및 관련 기술 서비스업",500,-,-,"2,841,460",,,0.0,,, , ,, ,,,,,,,,,,,,,,,,,,,,,,,,
에이디엠코리아,임상 CRO 서비스,,187660,대한민국,신규상장,주권,2021-06-03,,하나증권주식회사,자연과학 및 공학 연구개발업,100,"3,800","17,100,000","21,836,250",,,0.0,,, , ,,0% ,,,,,,,,,,,,,,,,,,,,,,,,
에코프로에이치엔,환경오염 방지 관련 소재 및 설비,,383310,대한민국,재상장,주권,2021-05-28,,대신증권(주),기타 화학제품 제조업,500,-,-,"3,826,233",,,0.0,,, , ,, ,,,,,,,,,,,,,,,,,,,,,,,,
LX홀딩스,지주회사,,383800,대한민국,재상장,주권,2021-05-27,,미래에셋증권 주식회사,기타 금융업,"1,000",-,-,"77,745,975",,,0.0,,, , ,, ,,,,,,,,,,,,,,,,,,,,,,,,
제주맥주,맥주,,276730,대한민국,신규상장,주권,2021-05-26,,대신증권(주),알코올음료 제조업,500,"3,200","26,758,400","55,995,890",,,0.0,,, , ,,0% ,,,,,,,,,,,,,,,,,,,,,,,,
진시스템,분자진단기반 플랫폼 개발 및 제조·판매,,363250,대한민국,신규상장,주권,2021-05-26,,삼성증권(주),의료용 기기 제조업,500,"20,000","28,500,000","6,811,080",,,0.0,,, , ,,0% ,,,,,,,,,,,,,,,,,,,,,,,,
삼영에스앤씨,"칩형 온습도센서, 상대습도센서, 미세먼지센서, 공기질 통합센서 노드 및 트랜스미터",,361670,대한민국,신규상장,주권,2021-05-21,,미래에셋증권 주식회사,전자부품 제조업,500,"11,000","12,155,000","5,557,158",,,0.0,,, , ,,0% ,,,,,,,,,,,,,,,,,,,,,,,,
삼성스팩4호,기업인수합병,,377630,대한민국,신규상장,주권,2021-05-21,,삼성증권(주),금융 지원 서비스업,100,"2,000","7,400,000","4,020,000",,,0.0,,, , ,,0% ,,,,,,,,,,,,,,,,,,,,,,,,
엔에이치스팩19호,기타 금융지원(SPAC),,380440,대한민국,신규상장,주권,2021-05-21,,엔에이치투자증권(주),금융 지원 서비스업,100,"2,000","96,000,000","51,290,000",,,0.0,,, , ,,0% ,,,,,,,,,,,,,,,,,,,,,,,,
F&F,"MLB, MLB KIDS, DISCOVERY 등 패션의류제품",,383220,대한민국,재상장,주권,2021-05-21,,대신증권(주),봉제의복 제조업,500,-,-,"7,661,415",,,0.0,,, , ,, ,,,,,,,,,,,,,,,,,,,,,,,,
샘씨엔에스,세라믹 STF(다층 세라믹 기판),,252990,대한민국,신규상장,주권,2021-05-20,,대신증권(주),전자부품 제조업,500,"6,500","78,000,000","50,153,846",,,0.0,,, , ,,0% ,,,,,,,,,,,,,,,,,,,,,,,,
씨앤씨인터내셔널,색조 화장품,,352480,대한민국,신규상장,주권,2021-05-17,,엔에이치투자증권(주),기타 화학제품 제조업,100,"47,500","70,300,000","5,909,052",,,0.0,,, , ,,0% ,,,,,,,,,,,,,,,,,,,,,,,,
에이치피오,"건강기능식품(유산균, 비타민 등)",,357230,대한민국,신규상장,주권,2021-05-14,,대신증권(주),도시락 및 식사용 조리식품 제조업,500,"22,200","88,525,430","19,938,160",,,0.0,,, , ,,0% ,,,,,,,,,,,,,,,,,,,,,,,,
SK아이이테크놀로지,2차전지용 습식 분리막 및 폴더블 커버 윈도우,,361610,대한민국,신규상장,주권,2021-05-11,,"미래에셋증권 주식회사,제이피모간증권회사 서울지점",일차전지 및 이차전지 제조업,"1,000","105,000","2,245,950,000","71,297,592",,,0.0,,, , ,,0% ,,,,,,,,,,,,,,,,,,,,,,,,
하이제6호스팩,기업인수합병,,377400,대한민국,신규상장,주권,2021-05-10,,iM증권,금융 지원 서비스업,100,"2,000","8,500,000","5,407,500",,,0.0,,, , ,,0% ,,,,,,,,,,,,,,,,,,,,,,,,
쿠콘,"페이먼트서비스(65.2%), 데이터서비스(29.1%) 등",,294570,대한민국,신규상장,주권,2021-04-28,,"삼성증권(주),하나증권주식회사",기타 정보 서비스업,500,"45,000","72,554,355","7,945,838",,,0.0,,, , ,,0% ,,,,,,,,,,,,,,,,,,,,,,,,
해성티피씨,기어 및 동력전달장치,,059270,대한민국,신규상장,주권,2021-04-21,,한국투자증권(주),기타 금속 가공제품 제조업,500,"13,000","13,000,000","4,630,000",,,0.0,,, , ,,0% ,,,,,,,,,,,,,,,,,,,,,,,,
이삭엔지니어링,공장자동화 설비제어,,351330,대한민국,신규상장,주권,2021-04-21,,신한투자증권 주식회사,"컴퓨터 프로그래밍, 시스템 통합 및 관리업",500,"11,500","24,150,000","7,803,000",,,0.0,,, , ,,0% ,,,,,,,,,,,,,,,,,,,,,,,,
유진스팩6호,합병,,373340,대한민국,신규상장,주권,2021-04-08,,유진투자증권(주),금융 지원 서비스업,100,"2,000","5,600,000","3,020,000",,,0.0,,, , ,,0% ,,,,,,,,,,,,,,,,,,,,,,,,
유안타제8호스팩,금융지원 서비스,,367480,대한민국,신규상장,주권,2021-04-05,,유안타증권(주),금융 지원 서비스업,100,"2,000","12,500,000","6,490,000",,,0.0,,, , ,,0% ,,,,,,,,,,,,,,,,,,,,,,,,
엔시스,2차전지 머신비전 검사장비,,333620,대한민국,신규상장,주권,2021-04-01,,미래에셋증권 주식회사,기타 전기장비 제조업,100,"19,000","43,700,000","10,402,631",,,0.0,,, , ,,0% ,,,,,,,,,,,,,,,,,,,,,,,,
자이언트스텝,"광고VFX, 영상VFX 및 리얼타임 콘텐츠 제작",,289220,대한민국,신규상장,주권,2021-03-24,,한국투자증권(주),"영화, 비디오물, 방송프로그램 제작 및 배급업",500,"11,000","15,400,000","9,427,965",,,0.0,,, , ,,0% ,,,,,,,,,,,,,,,,,,,,,,,,
제노코,"위성탑재체, 위성운용국, 항공전자 등",,361390,대한민국,신규상장,주권,2021-03-24,,DB증권주식회사,통신 및 방송 장비 제조업,500,"36,000","17,640,000","2,442,140",,,0.0,,, , ,,0% ,,,,,,,,,,,,,,,,,,,,,,,,
라이프시맨틱스,"소프트웨어(개인건강기록 플랫폼,진료기록번역플랫폼,질병분류기호 검색) 개발,공급/의료기기 도매/자문,컨설팅/전자상거래,통신판매",,347700,대한민국,신규상장,주권,2021-03-23,,한국투자증권(주),소프트웨어 개발 및 공급업,500,"12,500","12,500,000","9,776,917",,,0.0,,, , ,,0% ,,,,,,,,,,,,,,,,,,,,,,,,
SK바이오사이언스,백신 제품 및 제제,,302440,대한민국,신규상장,주권,2021-03-18,,엔에이치투자증권(주),기초 의약물질 제조업,500,"65,000","1,491,750,000","76,500,000",,,0.0,,, , ,,0% ,,,,,,,,,,,,,,,,,,,,,,,,
바이오다인,액상세포검사 장비 및 소모품,,314930,대한민국,신규상장,주권,2021-03-17,,대신증권(주),의료용 기기 제조업,500,"30,000","30,000,000","5,918,200",,,0.0,,, , ,,0% ,,,,,,,,,,,,,,,,,,,,,,,,
DB금융스팩9호,기업인수 및 합병,,367360,대한민국,신규상장,주권,2021-03-16,,DB증권주식회사,금융 지원 서비스업,100,"2,000","8,000,000","4,840,000",,,0.0,,, , ,,0% ,,,,,,,,,,,,,,,,,,,,,,,,
네오이뮨텍,면역항암제,,950220,미국,신규상장,주식예탁증권,2021-03-16,,"미래에셋증권 주식회사,하나증권주식회사",자연과학 및 공학 연구개발업,0,"7,500","112,500,000","98,392,010",,,0.0,,, , ,,0% ,,,,,,,,,,,,,,,,,,,,,,,,
화승알앤에이,자동차용 고무제품,,378850,대한민국,재상장,주권,2021-03-15,,대신증권(주),자동차 신품 부품 제조업,500,-,-,"18,993,623",,,0.0,,, , ,, ,,,,,,,,,,,,,,,,,,,,,,,,
프레스티지바이오로직스,바이오시밀러 제조,,334970,대한민국,신규상장,주권,2021-03-11,,"미래에셋증권 주식회사,유안타증권(주)",의약품 제조업,500,"12,400","91,140,000","42,851,915",,,0.0,,, , ,,0% ,,,,,,,,,,,,,,,,,,,,,,,,
싸이버원,보안관제 및 보안컨설팅 등,,356890,대한민국,신규상장,주권,2021-03-11,,키움증권(주),소프트웨어 개발 및 공급업,500,"9,500","12,929,500","4,640,830",,,0.0,,, , ,,0% ,,,,,,,,,,,,,,,,,,,,,,,,
나노씨엠에스,"근적외선 흡수/반사 안료, 자외선 유기형광 안료, 적외선 발광체",,247660,대한민국,신규상장,주권,2021-03-09,,키움증권(주),전자부품 제조업,500,"20,000","16,000,000","3,942,587",,,0.0,,, , ,,0% ,,,,,,,,,,,,,,,,,,,,,,,,
하나머스트7호스팩,기업인수목적,,372290,대한민국,신규상장,주권,2021-03-05,,하나증권주식회사,금융 지원 서비스업,100,"2,000","7,000,000","4,304,000",,,0.0,,, , ,,0% ,,,,,,,,,,,,,,,,,,,,,,,,
뷰노,"뷰노메드 음성솔루션, 뷰노메드 영상솔루션, 기타 솔루션 등",,338220,대한민국,신규상장,주권,2021-02-26,,"미래에셋증권 주식회사,삼성증권(주)","자료처리, 호스팅, 포털 및 기타 인터넷 정보매개 서비스업",100,"21,000","37,800,000","10,825,069",,,0.0,,, , ,,0% ,,,,,,,,,,,,,,,,,,,,,,,,
IBKS제15호스팩,기업 인수 합병,,373200,대한민국,신규상장,주권,2021-02-26,,IBK투자증권(주),금융 지원 서비스업,100,"2,000","6,400,000","3,520,000",,,0.0,,, , ,,0% ,,,,,,,,,,,,,,,,,,,,,,,,
유일에너테크,2차전지 제조장비,,340930,대한민국,신규상장,주권,2021-02-25,,신영증권(주),특수 목적용 기계 제조업,500,"16,000","38,643,200","10,590,044",,,0.0,,, , ,,0% ,,,,,,,,,,,,,,,,,,,,,,,,
씨이랩,빅데이터플랫폼,,189330,대한민국,이전상장,주권,2021-02-24,,IBK투자증권(주),소프트웨어 개발 및 공급업,500,"35,000","22,750,000","2,956,642",,,0.0,,, , ,,0% ,,,,,,,,,,,,,,,,,,,,,,,,
오로스테크놀로지,반도체 Overlay 계측 장비,,322310,대한민국,신규상장,주권,2021-02-24,,키움증권(주),특수 목적용 기계 제조업,500,"21,000","39,900,000","9,309,542",,,0.0,,, , ,,0% ,,,,,,,,,,,,,,,,,,,,,,,,
피엔에이치테크,OLED 소재,,239890,대한민국,이전상장,주권,2021-02-16,,한국투자증권(주),기초 화학물질 제조업,500,"18,000","12,384,000","4,516,016",,,0.0,,, , ,,0% ,,,,,,,,,,,,,,,,,,,,,,,,
하나금융17호스팩,기업인수합병,,363260,대한민국,신규상장,주권,2021-02-10,,하나증권주식회사,금융 지원 서비스업,100,"2,000","12,000,000","6,810,000",,,0.0,,, , ,,0% ,,,,,,,,,,,,,,,,,,,,,,,,
아이퀘스트,"패키지 ERP, 구축형 ERP 등",,262840,대한민국,신규상장,주권,2021-02-05,,미래에셋증권 주식회사,소프트웨어 개발 및 공급업,100,"11,000","22,000,000","9,860,000",,,0.0,,, , ,,0% ,,,,,,,,,,,,,,,,,,,,,,,,
피비파마,바이오시밀러 및 항체의약품 신약,,950210,싱가포르,신규상장,주식예탁증권,2021-02-05,,삼성증권(주),자연과학 및 공학 연구개발업,무액면,"32,000","490,932,480","60,096,155",,,0.0,,, , ,,0% ,,,,,,,,,,,,,,,,,,,,,,,,
신한제7호스팩,SPAC,,366330,대한민국,신규상장,주권,2021-02-04,,신한투자증권 주식회사,금융 지원 서비스업,100,"2,000","8,000,000","4,550,000",,,0.0,,, , ,,0% ,,,,,,,,,,,,,,,,,,,,,,,,
레인보우로보틱스,"협동로봇, 천문마운트시스템, 이족보행로봇 등",,277810,대한민국,신규상장,주권,2021-02-03,,"대신증권(주),미래에셋증권 주식회사",특수 목적용 기계 제조업,500,"10,000","26,500,000","15,584,500",,,0.0,,, , ,,0% ,,,,,,,,,,,,,,,,,,,,,,,,
와이더플래닛,빅데이터/인공지능 마케팅플랫폼 및 데이터플랫폼,,321820,대한민국,신규상장,주권,2021-02-03,,한국투자증권(주),소프트웨어 개발 및 공급업,500,"16,000","16,000,000","6,763,282",,,0.0,,, , ,,0% ,,,,,,,,,,,,,,,,,,,,,,,,
솔루엠,"POWER, 3in1 Board, ESL 등",,248070,대한민국,신규상장,주권,2021-02-02,,"미래에셋증권 주식회사,KB증권(주)",전자부품 제조업,500,"17,000","108,800,000","42,508,362",,,0.0,,, , ,,0% ,,,,,,,,,,,,,,,,,,,,,,,,
핑거,"스마트 금융 플랫폼, 핀테크 금융 솔루션",,163730,대한민국,신규상장,주권,2021-01-29,,대신증권(주),소프트웨어 개발 및 공급업,500,"16,000","20,800,000","8,839,014",,,0.0,,, , ,,0% ,,,,,,,,,,,,,,,,,,,,,,,,
모비릭스,모바일 게임 개발 및 퍼블리싱,,348030,대한민국,신규상장,주권,2021-01-28,,한국투자증권(주),소프트웨어 개발 및 공급업,100,"14,000","25,200,000","9,279,000",,,0.0,,, , ,,0% ,,,,,,,,,,,,,,,,,,,,,,,,
씨앤투스성진,"에어필터, 산업용 및 보건용 마스크",,352700,대한민국,신규상장,주권,2021-01-28,,미래에셋증권 주식회사,기타 섬유제품 제조업,500,"32,000","51,200,000","9,191,670",,,0.0,,, , ,,0% ,,,,,,,,,,,,,,,,,,,,,,,,
선진뷰티사이언스,화장품 원료,,086710,대한민국,신규상장,주권,2021-01-27,,"신한투자증권 주식회사,삼성증권(주)",기타 화학제품 제조업,500,"11,500","21,102,500","6,115,650",,,0.0,,, , ,,0% ,,,,,,,,,,,,,,,,,,,,,,,,
DL이앤씨,토목 건설 사업,,375500,대한민국,재상장,주권,2021-01-25,,삼성증권(주),토목 건설업,"5,000",-,-,"21,472,623",,,0.0,,, , ,, ,,,,,,,,,,,,,,,,,,,,,,,,
엔비티,모바일 포인트 광고 플랫폼,,236810,대한민국,신규상장,주권,2021-01-21,,미래에셋증권 주식회사,광고업,100,"19,000","15,808,000","8,314,948",,,0.0,,, , ,,0% ,,,,,,,,,,,,,,,,,,,,,,,,
한국9호스팩,기타 금융업,,368770,대한민국,신규상장,주권,2021-01-21,,한국투자증권(주),금융 지원 서비스업,100,"2,000","8,000,000","4,810,000",,,0.0,,, , ,,0% ,,,,,,,,,,,,,,,,,,,,,,,,
나우코스,"화장품, 동물용의약외품",,257990,대한민국,신규상장,주권,2020-12-30,,한화투자증권(주),기타 화학제품 제조업,500,-,-,"3,912,595",,,0.0,,, , ,, ,,,,,,,,,,,,,,,,,,,,,,,,
에이스캠퍼,캠핑카,,322190,대한민국,신규상장,주권,2020-12-29,,해당없음,자동차 차체나 트레일러 제조업,100,-,-,"7,505,197",,,0.0,,, , ,, ,,,,,,,,,,,,,,,,,,,,,,,,
유안타제7호스팩,금융지원 서비스,,367460,대한민국,신규상장,주권,2020-12-28,,유안타증권(주),금융 지원 서비스업,100,"2,000","8,700,000","5,500,000",,,0.0,,, , ,,0% ,,,,,,,,,,,,,,,,,,,,,,,,
루트락,"인공슬관절, 척추 임플란트(의료기기 도·소매)",,253610,대한민국,신규상장,주권,2020-12-24,,신한투자증권(주),기타 전문 도매업,500,-,-,"7,486,011",,,0.0,,, , ,, ,,,,,,,,,,,,,,,,,,,,,,,,
지놈앤컴퍼니,"마이크로바이옴 기반 치료제, 화장품, 건강기능식품",,314130,대한민국,이전상장,주권,2020-12-23,,한국투자증권(주),기초 의약물질 제조업,500,"40,000","80,000,000","13,188,237",,,0.0,,, , ,,0% ,,,,,,,,,,,,,,,,,,,,,,,,
석경에이티,바이오 및 전기전자 나노 소재,,357550,대한민국,신규상장,주권,2020-12-23,,한국투자증권(주),기초 화학물질 제조업,500,"10,000","10,000,000","5,455,000",,,0.0,,, , ,,0% ,,,,,,,,,,,,,,,,,,,,,,,,
ESR켄달스퀘어리츠,부동산투자,,365550,대한민국,신규상장,부동산투자회사,2020-12-23,,"한국투자증권(주),씨티그룹글로벌마켓증권(주),모간스탠리인터내셔날증권회사 서울지점",부동산 임대 및 공급업,"1,000","5,000","357,295,000","143,259,000",,,0.0,,, , ,,0% ,,,,,,,,,,,,,,,,,,,,,,,,
대신밸런스제9호스팩,기업 인수 및 합병,,369370,대한민국,신규상장,주권,2020-12-23,,대신증권(주),금융 지원 서비스업,100,"2,000","7,000,000","4,210,000",,,0.0,,, , ,,0% ,,,,,,,,,,,,,,,,,,,,,,,,
프리시젼바이오,체외진단 기기 및 시약,,335810,대한민국,신규상장,주권,2020-12-22,,한국투자증권(주),의료용 기기 제조업,500,"12,500","18,750,000","11,243,846",,,0.0,,, , ,,0% ,,,,,,,,,,,,,,,,,,,,,,,,
알체라,"얼굴인식 AI, 이상상황 감지 AI 등",,347860,대한민국,신규상장,주권,2020-12-21,,신영증권(주),소프트웨어 개발 및 공급업,500,"10,000","20,000,000","13,368,794",,,0.0,,, , ,,0% ,,,,,,,,,,,,,,,,,,,,,,,,
엔에이치스팩18호,기타 금융지원(SPAC),,365590,대한민국,신규상장,주권,2020-12-21,,엔에이치투자증권(주),금융 지원 서비스업,100,"2,000","7,000,000","4,600,000",,,0.0,,, , ,,0% ,,,,,,,,,,,,,,,,,,,,,,,,
에프앤가이드,"금융정보서비스, INDEX, 펀드평가 등",,064850,대한민국,이전상장,주권,2020-12-17,,신영증권(주),기타 정보 서비스업,500,"7,000","11,383,330","12,037,235",,,0.0,,, , ,,0% ,,,,,,,,,,,,,,,,,,,,,,,,
에이치엠씨제5호스팩,합병을 유일한 사업목적으로 함,,353060,대한민국,신규상장,주권,2020-12-16,,현대차증권주식회사,금융 지원 서비스업,100,"2,000","10,000,000","5,115,000",,,0.0,,, , ,,0% ,,,,,,,,,,,,,,,,,,,,,,,,
티엘비,SSD Module / DRAM Module PCB,,356860,대한민국,신규상장,주권,2020-12-14,,DB증권주식회사,전자부품 제조업,500,"38,000","38,000,000","4,916,315",,,0.0,,, , ,,0% ,,,,,,,,,,,,,,,,,,,,,,,,
씨엔티드림,화장품 제조 및 도소매,,286000,대한민국,신규상장,주권,2020-12-11,,엔에이치투자증권(주),기타 화학제품 제조업,500,-,-,"4,535,340",,,0.0,,, , ,, ,,,,,,,,,,,,,,,,,,,,,,,,
인바이오,"살균제, 살충제, 제초제 등",,352940,대한민국,신규상장,주권,2020-12-11,,한국투자증권(주),"비료, 농약 및 살균, 살충제 제조업",500,"5,800","9,454,000","10,084,400",,,0.0,,, , ,,0% ,,,,,,,,,,,,,,,,,,,,,,,,
엔젠바이오,"유전체 분야 진단시약 제조 및 유전체 분야 소프트웨어 연구,개발,판매",,354200,대한민국,신규상장,주권,2020-12-10,,삼성증권(주),"그외 기타 전문, 과학 및 기술 서비스업","1,000","14,000","34,216,000","12,215,562",,,0.0,,, , ,,0% ,,,,,,,,,,,,,,,,,,,,,,,,
퀀타매트릭스,신속항균제검사 장비 및 키트,,317690,대한민국,신규상장,주권,2020-12-09,,미래에셋증권 주식회사,의료용 기기 제조업,500,"25,500","43,528,500","14,589,324",,,0.0,,, , ,,0% ,,,,,,,,,,,,,,,,,,,,,,,,
DB금융스팩8호,기업인수 및 합병,,367340,대한민국,신규상장,주권,2020-12-09,,DB증권주식회사,기타 금융업,100,"2,000","10,000,000","6,050,000",,,0.0,,, , ,,0% ,,,,,,,,,,,,,,,,,,,,,,,,
명신산업,자동차차체부품,,009900,대한민국,신규상장,주권,2020-12-07,,"미래에셋증권 주식회사,현대차증권주식회사",자동차 신품 부품 제조업,500,"6,500","102,237,142","40,779,120",,,0.0,,, , ,,0% ,,,,,,,,,,,,,,,,,,,,,,,,
클리노믹스,"Geno Series, CD-PRIME, Cancer Prime",,352770,대한민국,신규상장,주권,2020-12-04,,대신증권(주),의료용품 및 기타 의약 관련제품 제조업,100,"13,900","27,415,290","13,205,141",,,0.0,,, , ,,0% ,,,,,,,,,,,,,,,,,,,,,,,,
포인트모바일,산업용 PDA,,318020,대한민국,신규상장,주권,2020-12-03,,하나증권주식회사,컴퓨터 및 주변장치 제조업,100,"15,000","16,423,095","6,165,000",,,0.0,,, , ,,0% ,,,,,,,,,,,,,,,,,,,,,,,,
앱코,"게이밍기어, 뉴라이프가전 등",,129890,대한민국,신규상장,주권,2020-12-02,,미래에셋증권 주식회사,컴퓨터 및 주변장치 제조업,500,"24,300","60,920,100","9,688,732",,,0.0,,, , ,,0% ,,,,,,,,,,,,,,,,,,,,,,,,
엔에프씨,화장품 원료 제조 및 판매,,265740,대한민국,신규상장,주권,2020-12-02,,삼성증권(주),기타 화학제품 제조업,100,"13,400","26,800,000","8,690,000",,,0.0,,, , ,,0% ,,,,,,,,,,,,,,,,,,,,,,,,
제일전기공업,"PCB Assay, 배선기구, 분전반 등",,199820,대한민국,신규상장,주권,2020-11-26,,하나증권주식회사,"전동기, 발전기 및 전기 변환 · 공급 · 제어 장치 제조업",500,"17,000","49,300,000","11,110,000",,,0.0,,, , ,,0% ,,,,,,,,,,,,,,,,,,,,,,,,
하나기술,"이차전지 제조장비(조립공정장비 83.07%, PACK공정 장비 12.92% 등)",,299030,대한민국,신규상장,주권,2020-11-25,,하나증권주식회사,특수 목적용 기계 제조업,500,"35,000","28,000,000","3,234,533",,,0.0,,, , ,,0% ,,,,,,,,,,,,,,,,,,,,,,,,
에이플러스에셋,보험대리 및 중개업,,244920,대한민국,신규상장,주권,2020-11-20,,"엔에이치투자증권(주),IBK투자증권(주)",보험 및 연금관련 서비스업,500,"7,500","16,788,518","22,607,693",,,0.0,,, , ,,0% ,,,,,,,,,,,,,,,,,,,,,,,,
티앤엘,"창상치료재, 정형외과용 고정재",,340570,대한민국,신규상장,주권,2020-11-20,,한국투자증권(주),의료용품 및 기타 의약 관련제품 제조업,500,"36,000","28,800,000","4,064,000",,,0.0,,, , ,,0% ,,,,,,,,,,,,,,,,,,,,,,,,
고바이오랩,마이크로바이옴 치료제 및 건강기능식품,,348150,대한민국,신규상장,주권,2020-11-18,,"대신증권(주),삼성증권(주)",자연과학 및 공학 연구개발업,500,"15,000","30,000,000","15,415,766",,,0.0,,, , ,,0% ,,,,,,,,,,,,,,,,,,,,,,,,
네패스아크,반도체 테스트 서비스,,330860,대한민국,신규상장,주권,2020-11-17,,미래에셋증권 주식회사,"그외 기타 전문, 과학 및 기술 서비스업",500,"26,500","62,020,600","8,626,115",,,0.0,,, , ,,0% ,,,,,,,,,,,,,,,,,,,,,,,,
교촌에프앤비,치킨 프랜차이즈,,339770,대한민국,신규상장,주권,2020-11-12,,미래에셋증권 주식회사,음·식료품 및 담배 도매업,500,"12,300","71,340,000","24,982,540",,,0.0,,, , ,,0% ,,,,,,,,,,,,,,,,,,,,,,,,
소룩스,"실내등(형광등, LED등), 실외등, 특수등",,290690,대한민국,신규상장,주권,2020-11-06,,미래에셋증권 주식회사,전구 및 조명장치 제조업,100,"10,000","19,736,700","8,158,160",,,0.0,,, , ,,0% ,,,,,,,,,,,,,,,,,,,,,,,,
위드텍,"AMCs 모니터링 시스템, 공정 프로세스 모니터링 시스템, TMS",,348350,대한민국,신규상장,주권,2020-10-30,,하나증권주식회사,"측정, 시험, 항해, 제어 및 기타 정밀기기 제조업; 광학기기 제외",500,"25,000","26,500,000","5,091,800",,,0.0,,, , ,,0% ,,,,,,,,,,,,,,,,,,,,,,,,
센코,"가스센서 및 모듈, 휴대용 및 고정형 가스검지기, 악취 & 미세먼지 모니터링 시스템",,347000,대한민국,신규상장,주권,2020-10-29,,한국투자증권(주),전자부품 제조업,500,"13,000","20,956,000","7,770,644",,,0.0,,, , ,,0% ,,,,,,,,,,,,,,,,,,,,,,,,
바이브컴퍼니,"소셜 빅데이터 기반 인공지능 서비스 (소셜메트릭스), 문제 해결 솔루션 (AI Solver)",,301300,대한민국,신규상장,주권,2020-10-28,,한국투자증권(주),소프트웨어 개발 및 공급업,500,"28,000","18,200,000","5,394,170",,,0.0,,, , ,,0% ,,,,,,,,,,,,,,,,,,,,,,,,
원포유,영상 및 음성 통신 서비스,,122830,대한민국,신규상장,주권,2020-10-23,,대신증권(주),전기 통신업,500,-,-,"6,550,397",,,0.0,,, , ,, ,,,,,,,,,,,,,,,,,,,,,,,,
미코바이오메드,체외진단용 의료기기,,214610,대한민국,이전상장,주권,2020-10-22,,KB증권(주),의료용 기기 제조업,500,"15,000","37,500,000","16,716,042",,,0.0,,, , ,,0% ,,,,,,,,,,,,,,,,,,,,,,,,
피플바이오,올리고머화 베타-아밀로이드 검사제품(알츠하이머병 진단),,304840,대한민국,신규상장,주권,2020-10-19,,키움증권(주),의료용품 및 기타 의약 관련제품 제조업,500,"20,000","10,000,000","5,504,470",,,0.0,,, , ,,0% ,,,,,,,,,,,,,,,,,,,,,,,,
빅히트,"음악 기획/제작, 퍼블리싱, 아티스트 매니지먼트",,352820,대한민국,신규상장,주권,2020-10-15,,"한국투자증권(주),제이피모간증권회사 서울지점,엔에이치투자증권(주)",오디오물 출판 및 원판 녹음업,500,"135,000","962,550,000","33,846,192",,,0.0,,, , ,,0% ,,,,,,,,,,,,,,,,,,,,,,,,
넥스틴,반도체 전공정용 패턴결함 검사장비(AEGIS 등),,348210,대한민국,신규상장,주권,2020-10-08,,KB증권(주),특수 목적용 기계 제조업,500,"75,400","24,128,000","3,134,160",,,0.0,,, , ,,0% ,,,,,,,,,,,,,,,,,,,,,,,,
원방테크,클린룸 설비,,053080,대한민국,신규상장,주권,2020-09-24,,미래에셋증권 주식회사,일반 목적용 기계 제조업,500,"54,300","69,651,479","4,294,143",,,0.0,,, , ,,0% ,,,,,,,,,,,,,,,,,,,,,,,,
비나텍,초고용량 커패시터(슈퍼커패시터),,126340,대한민국,이전상장,주권,2020-09-23,,대신증권(주),일차전지 및 이차전지 제조업,500,"33,000","19,800,000","4,871,300",,,0.0,,, , ,,0% ,,,,,,,,,,,,,,,,,,,,,,,,
엔에이치스팩17호,금융 지원 서비스,,359090,대한민국,신규상장,주권,2020-09-23,,엔에이치투자증권(주),금융 지원 서비스업,100,"2,000","12,000,000","7,010,000",,,0.0,,, , ,,0% ,,,,,,,,,,,,,,,,,,,,,,,,
박셀바이오,"항암면역세포치료제(자연살해세포, 수지상세포, CAR-T 및 인터루킨 기반 항암제)",,323990,대한민국,신규상장,주권,2020-09-22,,하나증권주식회사,자연과학 및 공학 연구개발업,500,"30,000","29,554,800","7,523,000",,,0.0,,, , ,,0% ,,,,,,,,,,,,,,,,,,,,,,,,
티와이홀딩스,지주사업,,363280,대한민국,재상장,주권,2020-09-22,,한국투자증권(주),기타 금융업,500,-,-,"38,756,240",,,0.0,,, , ,, ,,,,,,,,,,,,,,,,,,,,,,,,
비비씨,덴탈 케어용 소재(테이퍼모 등),,318410,대한민국,신규상장,주권,2020-09-21,,미래에셋증권 주식회사,그외 기타 제품 제조업,500,"30,700","36,840,000","5,358,683",,,0.0,,, , ,,0% ,,,,,,,,,,,,,,,,,,,,,,,,
핌스,OLED Metal Mask,,347770,대한민국,신규상장,주권,2020-09-18,,DB증권주식회사,전자부품 제조업,500,"19,000","38,000,000","7,264,943",,,0.0,,, , ,,0% ,,,,,,,,,,,,,,,,,,,,,,,,
교보10호기업인수목적,기업 인수 및 합병,,355150,대한민국,신규상장,주권,2020-09-18,,교보증권(주),기타 금융업,100,"2,000","7,500,000","5,320,000",,,0.0,,, , ,,0% ,,,,,,,,,,,,,,,,,,,,,,,,
압타머사이언스,압타머기반 신약개발 및 진단제품 개발,,291650,대한민국,신규상장,주권,2020-09-16,,키움증권(주),자연과학 및 공학 연구개발업,500,"25,000","32,500,000","8,466,126",,,0.0,,, , ,,0% ,,,,,,,,,,,,,,,,,,,,,,,,
이오플로우,웨어러블 인슐린펌프,,294090,대한민국,신규상장,주권,2020-09-14,,하나증권주식회사,의료용 기기 제조업,100,"19,000","26,600,000","10,906,640",,,0.0,,, , ,,0% ,,,,,,,,,,,,,,,,,,,,,,,,
카카오게임즈,"모바일, PC게임 퍼블리싱",,293490,대한민국,신규상장,주권,2020-09-10,,"한국투자증권(주),삼성증권(주)",소프트웨어 개발 및 공급업,100,"24,000","384,000,000","73,204,731",,,0.0,,, , ,,0% ,,,,,,,,,,,,,,,,,,,,,,,,
피엔케이,피부인체적용시험,,347740,대한민국,신규상장,주권,2020-09-09,,미래에셋증권 주식회사,"그외 기타 전문, 과학 및 기술 서비스업",500,"18,300","40,863,900","7,502,644",,,0.0,,, , ,,0% ,,,,,,,,,,,,,,,,,,,,,,,,
코람코에너지리츠,부동산 투자 및 관리,,357120,대한민국,신규상장,부동산투자회사,2020-08-31,,엔에이치투자증권(주),부동산 임대 및 공급업,500,"5,000","106,600,000","69,620,000",,,0.0,,, , ,,0% ,,,,,,,,,,,,,,,,,,,,,,,,
미래에셋대우스팩 5호,금융 지원 서비스업,,353490,대한민국,신규상장,주권,2020-08-28,,미래에셋증권 주식회사,금융 지원 서비스업,100,"2,000","9,400,000","5,060,000",,,0.0,,, , ,,0% ,,,,,,,,,,,,,,,,,,,,,,,,
아이디피,"카드인쇄용 프린터, 카드인쇄용 리본",,332370,대한민국,신규상장,주권,2020-08-24,,키움증권(주),컴퓨터 및 주변장치 제조업,500,"9,800","15,680,000","6,636,863",,,0.0,,, , ,,0% ,,,,,,,,,,,,,,,,,,,,,,,,
셀레믹스,타겟캡처키트,,331920,대한민국,신규상장,주권,2020-08-21,,대신증권(주),기초 의약물질 제조업,500,"20,000","26,400,000","7,804,083",,,0.0,,, , ,,0% ,,,,,,,,,,,,,,,,,,,,,,,,
데이드림엔터,드라마 및 영화제작,,348840,대한민국,신규상장,주권,2020-08-18,,KB증권(주),"영화, 비디오물, 방송프로그램 제작 및 배급업",500,-,-,"842,500",,,0.0,,, , ,, ,,,,,,,,,,,,,,,,,,,,,,,,
미투젠,"캐주얼게임, 소셜카지노게임",,950190,홍콩,신규상장,주식예탁증권,2020-08-18,,미래에셋증권 주식회사,소프트웨어 개발 및 공급업,무액면,"27,000","86,378,400","12,889,592",,,0.0,,, , ,,0% ,,,,,,,,,,,,,,,,,,,,,,,,
브랜드엑스코퍼레이션,"애슬레저의류, 생활/청결 용품",,337930,대한민국,신규상장,주권,2020-08-13,,"대신증권(주),삼성증권(주)",기타 정보 서비스업,500,"13,000","49,363,717","19,062,968",,,0.0,,, , ,,0% ,,,,,,,,,,,,,,,,,,,,,,,,
영림원소프트랩,"ERP Package, 유지 관리 등",,060850,대한민국,신규상장,주권,2020-08-12,,미래에셋증권 주식회사,소프트웨어 개발 및 공급업,500,"11,500","19,550,000","8,131,000",,,0.0,,, , ,,0% ,,,,,,,,,,,,,,,,,,,,,,,,
한국파마,"완제의약품(정신신경계, 소화기계, 순환기계, 항생항균, 기타)",,032300,대한민국,신규상장,주권,2020-08-10,,미래에셋증권 주식회사,의약품 제조업,500,"9,000","29,187,000","10,906,701",,,0.0,,, , ,,0% ,,,,,,,,,,,,,,,,,,,,,,,,
제이알글로벌리츠,벨기에 파이낸스 타워,,348950,대한민국,신규상장,부동산투자회사,2020-08-07,,"메리츠증권 주식회사,KB증권(주)",부동산 임대 및 공급업,"1,000","5,000","485,000,000","165,600,000",,,0.0,,, , ,,0% ,,,,,,,,,,,,,,,,,,,,,,,,
이루다,레이저 및 고주파 의료기기,,164060,대한민국,신규상장,주권,2020-08-06,,미래에셋증권 주식회사,의료용 기기 제조업,500,"9,000","13,500,000","7,065,000",,,0.0,,, , ,,0% ,,,,,,,,,,,,,,,,,,,,,,,,
솔브레인,반도체 및 디스플레이 관련 화학재료 제조ㆍ판매 등,,357780,대한민국,재상장,주권,2020-08-06,,엔에이치투자증권(주),기타 화학제품 제조업,500,-,-,"7,778,566",,,0.0,,, , ,, ,,,,,,,,,,,,,,,,,,,,,,,,
이지스레지던스리츠,"부동산투자, 취득, 매매, 임대",,350520,대한민국,신규상장,부동산투자회사,2020-08-05,,삼성증권(주),부동산 임대 및 공급업,"1,000","5,000","89,500,000","20,600,000",,,0.0,,, , ,,0% ,,,,,,,,,,,,,,,,,,,,,,,,
미래에셋맵스리츠,부동산 임대업,,357250,대한민국,신규상장,부동산투자회사,2020-08-05,,미래에셋증권 주식회사,부동산 임대 및 공급업,"1,000","5,000","72,000,000","20,100,000",,,0.0,,, , ,,0% ,,,,,,,,,,,,,,,,,,,,,,,,
와이팜,전력증폭기 모듈(PAM),,332570,대한민국,신규상장,주권,2020-07-31,,엔에이치투자증권(주),전자부품 제조업,500,"11,000","81,710,992","37,141,356",,,0.0,,, , ,,0% ,,,,,,,,,,,,,,,,,,,,,,,,
이엔드디,자동차 배출가스 저감용 촉매 및 촉매시스템,,101360,대한민국,이전상장,주권,2020-07-30,,IBK투자증권(주),기타 화학제품 제조업,500,"14,400","33,696,000","9,353,300",,,0.0,,, , ,,0% ,,,,,,,,,,,,,,,,,,,,,,,,
엠투아이,"스마트HMI, 스마트SCADA, 스마트팩토리솔루션",,347890,대한민국,신규상장,주권,2020-07-29,,미래에셋증권 주식회사,"측정, 시험, 항해, 제어 및 기타 정밀기기 제조업; 광학기기 제외",100,"15,600","52,026,000","8,399,102",,,0.0,,, , ,,0% ,,,,,,,,,,,,,,,,,,,,,,,,
에이치엠씨제4호스팩,기업인수합병,,353070,대한민국,신규상장,주권,2020-07-29,,현대차증권주식회사,금융 지원 서비스업,100,"2,000","8,000,000","4,310,000",,,0.0,,, , ,,0% ,,,,,,,,,,,,,,,,,,,,,,,,
더네이쳐홀딩스,"의류, 여행용 가방 및 잡화류",,298540,대한민국,신규상장,주권,2020-07-27,,한국투자증권(주),"섬유, 의복, 신발 및 가죽제품 소매업",500,"46,000","55,200,000","7,182,381",,,0.0,,, , ,,0% ,,,,,,,,,,,,,,,,,,,,,,,,
제놀루션,"핵산추출기기 및 시약, RNAi 사업 등",,225220,대한민국,이전상장,주권,2020-07-24,,신영증권(주),기초 의약물질 제조업,500,"14,000","11,200,000","4,065,584",,,0.0,,, , ,,0% ,,,,,,,,,,,,,,,,,,,,,,,,
솔트룩스,인공지능 및 빅데이터 소프트웨어,,304100,대한민국,신규상장,주권,2020-07-23,,한국투자증권(주),소프트웨어 개발 및 공급업,500,"25,000","18,750,000","5,031,515",,,0.0,,, , ,,0% ,,,,,,,,,,,,,,,,,,,,,,,,
하나금융16호스팩,기업인수합병,,343510,대한민국,신규상장,주권,2020-07-23,,하나증권주식회사,금융 지원 서비스업,100,"2,000","7,000,000","4,010,000",,,0.0,,, , ,,0% ,,,,,,,,,,,,,,,,,,,,,,,,
바이오인프라생명과학,i-FINDER(바이오마커 진단),,266470,대한민국,신규상장,주권,2020-07-22,,키움증권(주),자연과학 및 공학 연구개발업,500,-,-,"14,089,847",,,0.0,,, , ,, ,,,,,,,,,,,,,,,,,,,,,,,,
티에스아이,"2차전지 장비(믹싱시스템, 믹싱제작품, 믹싱 공사, 코터건조시스템)",,277880,대한민국,이전상장,주권,2020-07-22,,한국투자증권(주),특수 목적용 기계 제조업,500,"10,000","18,470,000","9,267,115",,,0.0,,, , ,,0% ,,,,,,,,,,,,,,,,,,,,,,,,
에이프로,"2차전지 장비 등(일반충방전기, 고온가압 충방전기 등)",,262260,대한민국,신규상장,주권,2020-07-16,,엔에이치투자증권(주),기타 전기장비 제조업,500,"21,600","29,547,007","6,345,954",,,0.0,,, , ,,0% ,,,,,,,,,,,,,,,,,,,,,,,,
이지스밸류플러스리츠,"부동산투자, 취득, 매매, 임대",,334890,대한민국,신규상장,부동산투자회사,2020-07-16,,삼성증권(주),부동산 임대 및 공급업,"1,000","5,000","118,500,000","24,000,000",,,0.0,,, , ,,0% ,,,,,,,,,,,,,,,,,,,,,,,,
IBKS제13호스팩,기업인수 및 합병,,351340,대한민국,신규상장,주권,2020-07-15,,IBK투자증권(주),금융 지원 서비스업,100,"2,000","9,500,000","5,170,000",,,0.0,,, , ,,0% ,,,,,,,,,,,,,,,,,,,,,,,,
소마젠,"유전체 분석 서비스 (NGS, CES 등)",,950200,미국,신규상장,주식예탁증권,2020-07-13,,신한투자증권 주식회사,"그외 기타 전문, 과학 및 기술 서비스업",0.1,"11,000","46,200,000","16,861,261",,,0.0,,, , ,,0% ,,,,,,,,,,,,,,,,,,,,,,,,
신도기연,"OLED용 후공정장비(라미네이터, 오토클레이브 등)",,290520,대한민국,신규상장,주권,2020-07-06,,한국투자증권(주),특수 목적용 기계 제조업,500,"16,000","20,800,000","8,061,280",,,0.0,,, , ,,0% ,,,,,,,,,,,,,,,,,,,,,,,,
위더스제약,의약품 제조 및 도소매(순환기용제 등),,330350,대한민국,신규상장,주권,2020-07-03,,"엔에이치투자증권(주),삼성증권(주)",의약품 제조업,200,"15,900","25,440,000","8,792,415",,,0.0,,, , ,,0% ,,,,,,,,,,,,,,,,,,,,,,,,
에스케이바이오팜,신경질환 및 정신질환을 포함한 중추신경 관련 신약 개발,,326030,대한민국,신규상장,주권,2020-07-02,,"엔에이치투자증권(주),씨티그룹글로벌마켓증권(주)",자연과학 및 공학 연구개발업,500,"49,000","959,337,190","78,313,250",,,0.0,,, , ,,0% ,,,,,,,,,,,,,,,,,,,,,,,,
마크로밀엠브레인,온라인 및 오프라인 리서치,,169330,대한민국,신규상장,주권,2020-07-01,,엔에이치투자증권(주),시장조사 및 여론조사업,500,"6,800","9,520,000","8,968,459",,,0.0,,, , ,,0% ,,,,,,,,,,,,,,,,,,,,,,,,
젠큐릭스,유방암 예후진단 및 폐암/대장암 동반진단 제품/검사서비스,,229000,대한민국,이전상장,주권,2020-06-25,,미래에셋증권 주식회사,의료용품 및 기타 의약 관련제품 제조업,500,"22,700","18,160,000","6,216,726",,,0.0,,, , ,,0% ,,,,,,,,,,,,,,,,,,,,,,,,
폭스소프트,"교육 정보화 사업(SI), Apple IT제품 유통(교육용)",,354230,대한민국,신규상장,주권,2020-06-25,,해당없음,소프트웨어 개발 및 공급업,500,-,-,"600,000",,,0.0,,, , ,, ,,,,,,,,,,,,,,,,,,,,,,,,
무진메디,나노-유전자 편집 기술 기반 대장암·탈모 등 치료제,,322970,대한민국,신규상장,주권,2020-06-24,,한국투자증권(주),자연과학 및 공학 연구개발업,500,-,-,"6,670,631",,,0.0,,, , ,, ,,,,,,,,,,,,,,,,,,,,,,,,
엘이티,"디스플레이 제조용 장비(도포기, 조립기, 검사기)",,297890,대한민국,신규상장,주권,2020-06-22,,미래에셋증권 주식회사,특수 목적용 기계 제조업,500,"7,800","17,136,600","7,109,450",,,0.0,,, , ,,0% ,,,,,,,,,,,,,,,,,,,,,,,,
IBKS제14호스팩,기업인수목적회사,,351320,대한민국,신규상장,주권,2020-06-22,,IBK투자증권(주),기타 금융업,100,"2,000","8,000,000","4,330,000",,,0.0,,, , ,,0% ,,,,,,,,,,,,,,,,,,,,,,,,
에스씨엠생명과학,세포치료제,,298060,대한민국,신규상장,주권,2020-06-17,,한국투자증권(주),의약품 제조업,500,"17,000","30,600,000","11,026,646",,,0.0,,, , ,,0% ,,,,,,,,,,,,,,,,,,,,,,,,
엔에이치스팩16호,금융지원 서비스,,353190,대한민국,신규상장,주권,2020-06-17,,엔에이치투자증권(주),금융 지원 서비스업,100,"2,000","7,500,000","4,310,000",,,0.0,,, , ,,0% ,,,,,,,,,,,,,,,,,,,,,,,,
이지바이오,"자돈사료, 사료첨가제",,353810,대한민국,재상장,주권,2020-06-05,,미래에셋증권 주식회사,기타 식품 제조업,500,-,-,"2,286,728",,,0.0,,, , ,, ,,,,,,,,,,,,,,,,,,,,,,,,
드림씨아이에스,시판후조사대행(rPMS),,223250,대한민국,신규상장,주권,2020-05-22,,엔에이치투자증권(주),자연과학 및 공학 연구개발업,500,"14,900","20,186,311","5,419,150",,,0.0,,, , ,,0% ,,,,,,,,,,,,,,,,,,,,,,,,
대덕전자,"PCB(Printed Circuit Board, 인쇄회로기판)의 제조 및 판매",,353200,대한민국,재상장,주권,2020-05-21,,엔에이치투자증권(주),전자부품 제조업,500,-,-,"51,512,444",,,0.0,,, , ,, ,,,,,,,,,,,,,,,,,,,,,,,,
이베스트스팩5호,해당없음,,349720,대한민국,신규상장,주권,2020-05-20,,엘에스증권 주식회사,금융 지원 서비스업,100,"2,000","7,000,000","3,620,000",,,0.0,,, , ,,0% ,,,,,,,,,,,,,,,,,,,,,,,,
오션스톤,"간고등어 제품, 냉동수산물 유통",,329020,대한민국,신규상장,주권,2020-05-07,,해당없음,음·식료품 및 담배 도매업,500,-,-,"800,000",,,0.0,,, , ,, ,,,,,,,,,,,,,,,,,,,,,,,,
이노진,탈모케어제품(볼빅 등) 및 피부케어제품(Dr.메디션 등),,344860,대한민국,신규상장,주권,2020-04-27,,아이비케이투자증권(주),기타 화학제품 제조업,500,-,-,"2,090,000",,,0.0,,, , ,, ,,,,,,,,,,,,,,,,,,,,,,,,
단디바이오,"패혈증 치료제, 면역항암제 전달기술 등",,343090,대한민국,신규상장,주권,2020-04-24,,신한투자증권(주),의료용품 및 기타 의약 관련제품 제조업,"1,000",-,-,"5,458,325",,,0.0,,, , ,, ,,,,,,,,,,,,,,,,,,,,,,,,
케이프이에스제4호,기타금융지원서비스업,,347140,대한민국,신규상장,주권,2020-03-24,,케이프투자증권주식회사,기타 금융업,100,"2,000","5,000,000","3,009,000",,,0.0,,, , ,,0% ,,,,,,,,,,,,,,,,,,,,,,,,
엔피디,스마트폰 OLED용 FPCA,,198080,대한민국,신규상장,주권,2020-03-16,,유안타증권(주),전자부품 제조업,500,"5,400","40,770,000","21,535,185",,,0.0,,, , ,,0% ,,,,,,,,,,,,,,,,,,,,,,,,
플레이디,온라인 광고 대행,,237820,대한민국,신규상장,주권,2020-03-12,,KB증권(주),광고업,500,"8,500","31,359,220","12,827,140",,,0.0,,, , ,,0% ,,,,,,,,,,,,,,,,,,,,,,,,
SK6호스팩,,,340350,대한민국,신규상장,주권,2020-03-11,,SK증권(주),금융 지원 서비스업,100,"2,000","11,000,000","5,710,000",,,0.0,,, , ,,0% ,,,,,,,,,,,,,,,,,,,,,,,,
서울바이오시스,"Visible LED, UV LED",,092190,대한민국,신규상장,주권,2020-03-06,,KB증권(주),반도체 제조업,500,"7,500","15,000,000","38,223,653",,,0.0,,, , ,,0% ,,,,,,,,,,,,,,,,,,,,,,,,
제이앤티씨,"강화유리, 커넥터",,204270,대한민국,신규상장,주권,2020-03-04,,"신한투자증권 주식회사,유진투자증권(주)",전자부품 제조업,500,"11,000","121,000,000","57,848,466",,,0.0,,, , ,,0% ,,,,,,,,,,,,,,,,,,,,,,,,
켄코아에어로스페이스,항공가공품 및 조립품,,274090,대한민국,신규상장,주권,2020-03-03,,엔에이치투자증권(주),"항공기,우주선 및 부품 제조업",500,"10,000","13,140,000","8,995,904",,,0.0,,, , ,,0% ,,,,,,,,,,,,,,,,,,,,,,,,
레몬,"EMI Shield Can, 나노멤브레인 등",,294140,대한민국,신규상장,주권,2020-02-28,,미래에셋증권 주식회사,화학섬유 제조업,500,"7,200","29,520,000","34,500,000",,,0.0,,, , ,,0% ,,,,,,,,,,,,,,,,,,,,,,,,
서남,고온초전도선재,,294630,대한민국,신규상장,주권,2020-02-20,,한국투자증권(주),기타 전기장비 제조업,500,"3,100","10,850,000","20,365,160",,,0.0,,, , ,,0% ,,,,,,,,,,,,,,,,,,,,,,,,
신영스팩6호,기업인수,,344050,대한민국,신규상장,주권,2020-02-12,,신영증권(주),금융 지원 서비스업,100,-,"8,400,000","4,305,000",,,0.0,,, , ,,0% ,,,,,,,,,,,,,,,,,,,,,,,,
위세아이텍,"빅데이터분석, 인공지능, 데이터품질관리 솔루션",,065370,대한민국,이전상장,주권,2020-02-10,,교보증권(주),소프트웨어 개발 및 공급업,500,"12,000","10,200,000","4,292,500",,,0.0,,, , ,,0% ,,,,,,,,,,,,,,,,,,,,,,,,
하나금융15호스팩,기업인수합병,,341160,대한민국,신규상장,주권,2020-01-30,,하나증권주식회사,금융 지원 서비스업,100,"2,000","9,000,000","4,710,000",,,0.0,,, , ,,0% ,,,,,,,,,,,,,,,,,,,,,,,,
케이비제20호스팩,금융지원서비스,,342550,대한민국,신규상장,주권,2020-01-30,,KB증권(주),금융 지원 서비스업,100,"2,000","12,000,000","6,501,000",,,0.0,,, , ,,0% ,,,,,,,,,,,,,,,,,,,,,,,,
케이씨씨글라스,판유리 등,,344820,대한민국,재상장,주권,2020-01-21,,한국투자증권(주),유리 및 유리제품 제조업,"1,000",-,-,"8,350,210",,,0.0,,, , ,, ,,,,,,,,,,,,,,,,,,,,,,,,
한화플러스제1호스팩,기업인수,,340440,대한민국,신규상장,주권,2019-12-27,,한화투자증권(주),금융 지원 서비스업,100,"2,000","8,000,000","4,710,000",,,0.0,,, , ,,0% ,,,,,,,,,,,,,,,,,,,,,,,,
이앤에치,"미세먼지용 HEPA 소재, 차량용 캐빈필터소재, 마스크용 소재",,341310,대한민국,신규상장,주권,2019-12-27,,해당없음,기타 섬유제품 제조업,100,-,-,"17,293,400",,,0.0,,, , ,, ,,,,,,,,,,,,,,,,,,,,,,,,
피피아이,"데이터센터용 AWG, 통신용 AWG, 스플리터, 계측기 등",,062970,대한민국,신규상장,주권,2019-12-26,,미래에셋증권 주식회사,통신 및 방송 장비 제조업,500,"7,000","7,000,000","9,308,185",,,0.0,,, , ,,0% ,,,,,,,,,,,,,,,,,,,,,,,,
엔에스엠,전도성 고분자 코팅 대전방지 필름,,238170,대한민국,신규상장,주권,2019-12-26,,키움증권(주),합성고무 및 플라스틱 물질 제조업,500,-,-,"19,779,660",,,0.0,,, , ,, ,,,,,,,,,,,,,,,,,,,,,,,,
천랩,"생명정보 플랫폼, 마이크로바이옴 분석 서비스",,311690,대한민국,신규상장,주권,2019-12-26,,한국투자증권(주),자연과학 및 공학 연구개발업,500,"40,000","17,200,000","3,808,948",,,0.0,,, , ,,0% ,,,,,,,,,,,,,,,,,,,,,,,,
애드바이오텍,"동물용의약품, 보조사료 등",,179530,대한민국,신규상장,주권,2019-12-24,,대신증권(주),의약품 제조업,500,-,-,"1,645,785",,,0.0,,, , ,, ,,,,,,,,,,,,,,,,,,,,,,,,
메탈라이프,"광통신, RF통신용 패키지",,327260,대한민국,신규상장,주권,2019-12-24,,한국투자증권(주),전자부품 제조업,500,"13,000","9,100,000","3,465,288",,,0.0,,, , ,,0% ,,,,,,,,,,,,,,,,,,,,,,,,
엔에이치스팩15,기타 금융지원(SPAC),,339950,대한민국,신규상장,주권,2019-12-24,,엔에이치투자증권(주),금융 지원 서비스업,100,"2,000","12,000,000","6,540,000",,,0.0,,, , ,,0% ,,,,,,,,,,,,,,,,,,,,,,,,
하이제5호스팩,기업인수합병,,340120,대한민국,신규상장,주권,2019-12-23,,iM증권,금융 지원 서비스업,100,"2,000","8,500,000","5,020,000",,,0.0,,, , ,,0% ,,,,,,,,,,,,,,,,,,,,,,,,
브릿지바이오,"펠리노-1 단백질 저해제, 오토택신 저해제",,288330,대한민국,신규상장,주권,2019-12-20,,"대신증권(주),KB증권(주)",기초 의약물질 제조업,500,"60,000","42,000,000","5,527,562",,,0.0,,, , ,,0% ,,,,,,,,,,,,,,,,,,,,,,,,
메드팩토,항암제 신약개발,,235980,대한민국,신규상장,주권,2019-12-19,,삼성증권(주),자연과학 및 공학 연구개발업,500,"40,000","60,440,000","10,097,421",,,0.0,,, , ,,0% ,,,,,,,,,,,,,,,,,,,,,,,,
대신밸런스제8호스팩,기업 인수 및 합병,,336570,대한민국,신규상장,주권,2019-12-19,,대신증권(주),금융 지원 서비스업,100,"2,000","10,000,000","5,610,000",,,0.0,,, , ,,0% ,,,,,,,,,,,,,,,,,,,,,,,,
유안타제6호스팩,금융 지원 서비스업,,340360,대한민국,신규상장,주권,2019-12-19,,유안타증권(주),금융 지원 서비스업,100,"2,000","13,000,000","6,845,000",,,0.0,,, , ,,0% ,,,,,,,,,,,,,,,,,,,,,,,,
신테카바이오,유전체 빅데이터 기반의 AI신약개발 및 정밀의료서비스,,226330,대한민국,신규상장,주권,2019-12-17,,KB증권(주),소프트웨어 개발 및 공급업,500,"12,000","19,200,000","13,154,876",,,0.0,,, , ,,0% ,,,,,,,,,,,,,,,,,,,,,,,,
제이엘케이인스펙션,"인공지능 기반 의료영상 진단 플랫폼, 인공지능 기반 산업용 X-ray 판독시스템",,322510,대한민국,신규상장,주권,2019-12-11,,한국투자증권(주),"컴퓨터 프로그래밍, 시스템 통합 및 관리업",100,"9,000","18,000,000","14,894,862",,,0.0,,, , ,,0% ,,,,,,,,,,,,,,,,,,,,,,,,
태웅로직스,"3자물류주선 (복합운송, 프로젝트운송, CIS운송 등)",,124560,대한민국,신규상장,주권,2019-12-10,,"IBK투자증권(주),(주)비엔케이투자증권",기타 운송관련 서비스업,100,"4,500","22,500,000","17,650,000",,,0.0,,, , ,,0% ,,,,,,,,,,,,,,,,,,,,,,,,
IBKS제12호스팩,기타 금융업,,335870,대한민국,신규상장,주권,2019-12-09,,IBK투자증권(주),금융 지원 서비스업,100,"2,000","5,800,000","3,120,000",,,0.0,,, , ,,0% ,,,,,,,,,,,,,,,,,,,,,,,,
리메드,자기장 치료기기,,302550,대한민국,이전상장,주권,2019-12-06,,한국투자증권(주),의료용 기기 제조업,500,"13,000","7,800,000","5,822,956",,,0.0,,, , ,,0% ,,,,,,,,,,,,,,,,,,,,,,,,
노드메이슨,헉슬리/Huxley 화장품(스킨케어 스페셜/스킨케어베이직),,317860,대한민국,신규상장,주권,2019-12-06,,아이비케이투자증권(주),기타 화학제품 제조업,500,-,-,"3,735,058",,,0.0,,, , ,, ,,,,,,,,,,,,,,,,,,,,,,,,
NH프라임리츠,부동산 투자,,338100,대한민국,신규상장,부동산투자회사,2019-12-05,,엔에이치투자증권(주),부동산 임대 및 공급업,500,"5,000","68,800,000","18,660,000",,,0.0,,, , ,,0% ,,,,,,,,,,,,,,,,,,,,,,,,
SK5호스팩,기업인수합병,,337450,대한민국,신규상장,주권,2019-12-04,,SK증권(주),금융 지원 서비스업,100,"2,000","8,000,000","4,310,000",,,0.0,,, , ,,0% ,,,,,,,,,,,,,,,,,,,,,,,,
IBKS제11호스팩,기타 금융업,,335890,대한민국,신규상장,주권,2019-12-03,,IBK투자증권(주),금융 지원 서비스업,100,"2,000","9,000,000","4,790,000",,,0.0,,, , ,,0% ,,,,,,,,,,,,,,,,,,,,,,,,
이도바이오,당뇨질환 세포치료제 / 당뇨관리 의료기기,,336040,대한민국,신규상장,주권,2019-12-02,,한화투자증권(주),자연과학 및 공학 연구개발업,500,-,-,"2,285,900",,,0.0,,, , ,, ,,,,,,,,,,,,,,,,,,,,,,,,
진코스텍,"마스크팩 ODM/OEM, 하이드로겔 마스크팩",,250030,대한민국,신규상장,주권,2019-11-29,,하나증권(주),기타 화학제품 제조업,500,-,-,"2,407,520",,,0.0,,, , ,, ,,,,,,,,,,,,,,,,,,,,,,,,
코리아센터,이커머스토탈솔루션,,290510,대한민국,신규상장,주권,2019-11-29,,엔에이치투자증권(주),소프트웨어 개발 및 공급업,100,"18,000","45,818,820","24,031,048",,,0.0,,, , ,,0% ,,,,,,,,,,,,,,,,,,,,,,,,
유안타제5호스팩,금융 지원 서비스,,336060,대한민국,신규상장,주권,2019-11-28,,유안타증권(주),금융 지원 서비스업,100,"2,000","11,200,000","5,930,000",,,0.0,,, , ,,0% ,,,,,,,,,,,,,,,,,,,,,,,,
유엑스엔,"혈당센서, 혈당측정기",,337840,대한민국,신규상장,주권,2019-11-28,,키움증권(주),의료용 기기 제조업,500,-,-,"2,861,680",,,0.0,,, , ,, ,,,,,,,,,,,,,,,,,,,,,,,,
노터스,비임상실험 유효성(약리)평가,,278650,대한민국,신규상장,주권,2019-11-27,,대신증권(주),자연과학 및 공학 연구개발업,100,"20,000","10,000,000","6,971,092",,,0.0,,, , ,,0% ,,,,,,,,,,,,,,,,,,,,,,,,
센트랄모텍,"이너레이스, 오디 클러치보스, 로터샤프트, 슬리브기어, 컨트롤 암, 엑슬",,308170,대한민국,신규상장,주권,2019-11-25,,한국투자증권(주),자동차 신품 부품 제조업,500,"6,000","12,600,000","8,400,000",,,0.0,,, , ,,0% ,,,,,,,,,,,,,,,,,,,,,,,,
티움바이오,"특발성폐섬유증 치료제, 면역항암제, 자궁내막증치료제, 혈우병치료제",,321550,대한민국,신규상장,주권,2019-11-22,,키움증권(주),자연과학 및 공학 연구개발업,500,"12,000","30,000,000","23,189,926",,,0.0,,, , ,,0% ,,,,,,,,,,,,,,,,,,,,,,,,
씨에스베어링,"풍력용 선회베어링, 산업용 선회베어링",,297090,대한민국,신규상장,주권,2019-11-21,,한국투자증권(주),일반 목적용 기계 제조업,500,"8,400","19,992,000","9,461,400",,,0.0,,, , ,,0% ,,,,,,,,,,,,,,,,,,,,,,,,
우양,"HMR, 음료 베이스, 퓨레 등",,103840,대한민국,신규상장,주권,2019-11-20,,미래에셋증권 주식회사,"과실, 채소 가공 및 저장 처리업",100,"4,200","15,120,000","12,858,000",,,0.0,,, , ,,0% ,,,,,,,,,,,,,,,,,,,,,,,,
코리아에셋투자증권,"IB금융자문, 채권인수 및 매매, 투자중개, 펀드운용 등",,190650,대한민국,신규상장,주권,2019-11-20,,신영증권(주),기타 금융업,"5,000","10,000","16,000,000","6,388,000",,,0.0,,, , ,,0% ,,,,,,,,,,,,,,,,,,,,,,,,
현대에너지솔루션,"태양광 셀·모듈, PV시스템, ESS",,322000,대한민국,신규상장,주권,2019-11-19,,한국투자증권(주),반도체 제조업,"5,000","18,000","57,600,000","11,200,000",,,0.0,,, , ,,0% ,,,,,,,,,,,,,,,,,,,,,,,,
에스제이그룹,"캉골 가방/모자, 헬렌카민스키 모자",,306040,대한민국,신규상장,주권,2019-11-18,,"엔에이치투자증권(주),IBK투자증권(주)","가죽, 가방 및 유사제품 제조업",500,"38,600","31,652,000","3,294,600",,,0.0,,, , ,,0% ,,,,,,,,,,,,,,,,,,,,,,,,
제테마,"히알루론산 필러(조직수복용생체재료), 피부과용 레이저 의료기기, 리프팅실 등",,216080,대한민국,신규상장,주권,2019-11-14,,한국투자증권(주),의료용품 및 기타 의약 관련제품 제조업,500,"21,000","20,160,000","7,462,879",,,0.0,,, , ,,0% ,,,,,,,,,,,,,,,,,,,,,,,,
한화시스템,"정밀기기(육해공군관련전자제어시스템,열영상감시장비,탐지추적장치,전투지휘체계시스템) 제조",,272210,대한민국,신규상장,주권,2019-11-13,,"한국투자증권(주),씨티그룹글로벌마켓증권(주),엔에이치투자증권(주)","측정, 시험, 항해, 제어 및 기타 정밀기기 제조업; 광학기기 제외","5,000","12,250","402,552,444","110,230,389",,,0.0,,, , ,,0% ,,,,,,,,,,,,,,,,,,,,,,,,
라파스,"마이크로니들 패치 제품(의약품패치, 의료기기패치, 미용패치 등)",,214260,대한민국,신규상장,주권,2019-11-11,,DB증권주식회사,기타 화학제품 제조업,500,"20,000","25,600,000","8,191,416",,,0.0,,, , ,,0% ,,,,,,,,,,,,,,,,,,,,,,,,
아이티엠반도체,배터리 보호회로,,084850,대한민국,신규상장,주권,2019-11-07,,KB증권(주),전자부품 제조업,500,"26,000","131,300,000","22,823,026",,,0.0,,, , ,,0% ,,,,,,,,,,,,,,,,,,,,,,,,
자이에스앤디,"부동산 관리, 정보통신 공사, 아파트 AS 및 옵션 제품 공급, 건축물 시공 및 분양",,317400,대한민국,신규상장,주권,2019-11-06,,한국투자증권(주),부동산 임대 및 공급업,"1,000","5,200","45,760,000","26,782,520",,,0.0,,, , ,,0% ,,,,,,,,,,,,,,,,,,,,,,,,
미래에셋대우스팩4호,기업인수합병,,333430,대한민국,신규상장,주권,2019-11-06,,미래에셋증권 주식회사,금융 지원 서비스업,100,"2,000","8,150,000","4,390,000",,,0.0,,, , ,,0% ,,,,,,,,,,,,,,,,,,,,,,,,
미디어젠,음성인식 소프트웨어 기술개발,,279600,대한민국,이전상장,주권,2019-11-05,,교보증권(주),소프트웨어 개발 및 공급업,500,"10,600","9,858,000","4,638,281",,,0.0,,, , ,,0% ,,,,,,,,,,,,,,,,,,,,,,,,
하나금융14호스팩,기업인수합병,,332710,대한민국,신규상장,주권,2019-11-01,,하나증권주식회사,금융 지원 서비스업,100,"2,000","8,000,000","4,410,000",,,0.0,,, , ,,0% ,,,,,,,,,,,,,,,,,,,,,,,,
티라유텍,스마트팩토리 솔루션,,322180,대한민국,신규상장,주권,2019-10-31,,미래에셋증권 주식회사,소프트웨어 개발 및 공급업,100,"12,050","13,556,250","5,433,750",,,0.0,,, , ,,0% ,,,,,,,,,,,,,,,,,,,,,,,,
신한제6호스팩,기업인수 및 합병,,333050,대한민국,신규상장,주권,2019-10-31,,신한투자증권 주식회사,금융 지원 서비스업,100,"2,000","8,000,000","5,010,000",,,0.0,,, , ,,0% ,,,,,,,,,,,,,,,,,,,,,,,,
지누스,매트리스 및 가구제품,,013890,대한민국,신규상장,주권,2019-10-30,,엔에이치투자증권(주),가구 제조업,500,"70,000","169,169,000","14,206,749",,,0.0,,, , ,,0% ,,,,,,,,,,,,,,,,,,,,,,,,
롯데리츠,부동산투자,,330590,대한민국,신규상장,부동산투자회사,2019-10-30,,"한국투자증권(주),노무라금융투자(주),홍콩상하이증권 서울지점",부동산 임대 및 공급업,500,"5,000","429,922,210","171,968,884",,,0.0,,, , ,,0% ,,,,,,,,,,,,,,,,,,,,,,,,
캐리소프트,"영상 콘텐츠(30.05%), 공연(29.76%), 키즈카페(17.38%), 커머스(12.77%), 라이선스 및 기타(10.04%)",,317530,대한민국,신규상장,주권,2019-10-29,,미래에셋증권 주식회사,"영화, 비디오물, 방송프로그램 제작 및 배급업",500,"9,000","8,190,000","5,761,200",,,0.0,,, , ,,0% ,,,,,,,,,,,,,,,,,,,,,,,,
교보9호스팩,기업인수합병,,331520,대한민국,신규상장,주권,2019-10-29,,교보증권(주),금융 지원 서비스업,100,"2,000","6,900,000","3,880,000",,,0.0,,, , ,,0% ,,,,,,,,,,,,,,,,,,,,,,,,
한국미라클피플사,"은나노스텝, 닥터오렌지 등",,331660,대한민국,신규상장,주권,2019-10-28,,아이비케이투자증권(주),기타 화학제품 제조업,500,-,-,"1,100,000",,,0.0,,, , ,, ,,,,,,,,,,,,,,,,,,,,,,,,
케이엔제이,"Edge Grinder, CVD-SiC Ring",,272110,대한민국,신규상장,주권,2019-10-25,,미래에셋증권 주식회사,특수 목적용 기계 제조업,500,"11,000","9,630,192","5,386,153",,,0.0,,, , ,,0% ,,,,,,,,,,,,,,,,,,,,,,,,
엔바이오니아,양전하필터(정수기),,317870,대한민국,신규상장,주권,2019-10-24,,미래에셋증권 주식회사,그외 기타 제품 제조업,500,"8,200","9,102,000","7,425,555",,,0.0,,, , ,,0% ,,,,,,,,,,,,,,,,,,,,,,,,
팜스빌,다이어트 제품 및 건강기능 관련 제품,,318010,대한민국,신규상장,주권,2019-10-22,,대신증권(주),도시락 및 식사용 조리식품 제조업,500,"14,000","25,357,500","7,929,338",,,0.0,,, , ,,0% ,,,,,,,,,,,,,,,,,,,,,,,,
제이콘텐트리,"영화 및 방송프로그램 제작, 유통, 광고",,036420,대한민국,이전상장,주권,2019-10-18,,"신한투자증권 주식회사,대신증권(주)","영화, 비디오물, 방송프로그램 제작 및 배급업","5,000",-,-,"14,406,898",,,0.0,,, , ,, ,,,,,,,,,,,,,,,,,,,,,,,,
라온피플,"카메라 모듈 검사기, AI 머신비전, 골프센서",,300120,대한민국,신규상장,주권,2019-10-18,,미래에셋증권 주식회사,소프트웨어 개발 및 공급업,500,"14,000","28,329,700","10,178,456",,,0.0,,, , ,,0% ,,,,,,,,,,,,,,,,,,,,,,,,
두산퓨얼셀,연료전지,,336260,대한민국,재상장,주권,2019-10-18,,엔에이치투자증권(주),"전동기, 발전기 및 전기 변환 · 공급 · 제어 장치 제조업",100,-,-,"71,606,450",,,0.0,,, , ,, ,,,,,,,,,,,,,,,,,,,,,,,,
두산솔루스,"동박, 유압기기 등",,336370,대한민국,재상장,주권,2019-10-18,,"신영증권(주),엔에이치투자증권(주)",전자부품 제조업,100,-,-,"39,469,850",,,0.0,,, , ,, ,,,,,,,,,,,,,,,,,,,,,,,,
아톤,"모바일금융솔루션, mOTP 개발",,158430,대한민국,신규상장,주권,2019-10-17,,"엔에이치투자증권(주),KB증권(주)",소프트웨어 개발 및 공급업,500,"43,000","38,579,084","3,612,006",,,0.0,,, , ,,0% ,,,,,,,,,,,,,,,,,,,,,,,,
녹십자웰빙,"전문의약품, 건강기능식품",,234690,대한민국,신규상장,주권,2019-10-14,,하나증권주식회사,의약품 제조업,500,"11,300","50,850,000","17,752,276",,,0.0,,, , ,,0% ,,,,,,,,,,,,,,,,,,,,,,,,
대신밸런스제7호스팩,기업 인수 및 합병,,332290,대한민국,신규상장,주권,2019-10-11,,대신증권(주),금융 지원 서비스업,100,"2,000","10,000,000","5,205,000",,,0.0,,, , ,,0% ,,,,,,,,,,,,,,,,,,,,,,,,
유진스팩5호,합병,,331380,대한민국,신규상장,주권,2019-10-02,,유진투자증권(주),금융 지원 서비스업,100,"2,000","7,000,000","4,010,000",,,0.0,,, , ,,0% ,,,,,,,,,,,,,,,,,,,,,,,,
엔지브이아이,천연가스자동차용 연료저장장치 등,,093510,대한민국,신규상장,주권,2019-09-30,,(주)상상인증권,자동차 신품 부품 제조업,500,-,-,"6,020,000",,,0.0,,, , ,, ,,,,,,,,,,,,,,,,,,,,,,,,
케이비제19호스팩,금융지원서비스,,330990,대한민국,신규상장,주권,2019-09-30,,KB증권(주),금융 지원 서비스업,100,"2,000","8,000,000","4,301,000",,,0.0,,, , ,,0% ,,,,,,,,,,,,,,,,,,,,,,,,
올리패스,인공유전자 플랫폼(OliPass PNA) 기술을 활용한 RNA치료제 신약개발,,244460,대한민국,신규상장,주권,2019-09-20,,"미래에셋증권 주식회사,키움증권(주)",기초 의약물질 제조업,500,"20,000","14,000,000","13,875,738",,,0.0,,, , ,,0% ,,,,,,,,,,,,,,,,,,,,,,,,
라닉스,"자동차 및 IoT 통신,보안 솔루션",,317120,대한민국,신규상장,주권,2019-09-18,,한국투자증권(주),반도체 제조업,500,"6,000","9,600,000","9,435,500",,,0.0,,, , ,,0% ,,,,,,,,,,,,,,,,,,,,,,,,
하나금융13호스팩,인수합병,,320000,대한민국,신규상장,주권,2019-09-18,,하나증권주식회사,금융 지원 서비스업,100,"2,000","6,000,000","3,401,000",,,0.0,,, , ,,0% ,,,,,,,,,,,,,,,,,,,,,,,,
한독크린텍,정수기 필터,,256150,대한민국,신규상장,주권,2019-09-05,,한국투자증권(주),일반 목적용 기계 제조업,500,"15,100","10,570,000","4,021,000",,,0.0,,, , ,,0% ,,,,,,,,,,,,,,,,,,,,,,,,
아퓨어스,"실험동물, 연구용피부 및 연구용세포, 연구용역",,149300,대한민국,신규상장,주권,2019-09-03,,키움증권(주),기초 의약물질 제조업,500,-,-,"27,065,584",,,0.0,,, , ,, ,,,,,,,,,,,,,,,,,,,,,,,,
상상인이안제2호스팩,기업인수합병,,329560,대한민국,신규상장,주권,2019-08-30,,주식회사 상상인증권,금융 지원 서비스업,100,"2,000","6,500,000","3,850,000",,,0.0,,, , ,,0% ,,,,,,,,,,,,,,,,,,,,,,,,
네오크레마,기능성 식품 원료,,311390,대한민국,신규상장,주권,2019-08-22,,키움증권(주),도시락 및 식사용 조리식품 제조업,500,"8,000","12,400,000","7,256,000",,,0.0,,, , ,,0% ,,,,,,,,,,,,,,,,,,,,,,,,
마니커에프앤지,"육가공품, 튀김류, 패티류, 삼계탕 등",,195500,대한민국,신규상장,주권,2019-08-20,,유진투자증권(주),"도축, 육류 가공 및 저장 처리업",500,"4,000","10,400,000","10,378,000",,,0.0,,, , ,,0% ,,,,,,,,,,,,,,,,,,,,,,,,
미래에셋대우스팩3호,기업인수합병,,328380,대한민국,신규상장,주권,2019-08-20,,미래에셋증권 주식회사,금융 지원 서비스업,100,"2,000","12,300,000","6,482,000",,,0.0,,, , ,,0% ,,,,,,,,,,,,,,,,,,,,,,,,
나노브릭,"보안응용제품(M-tag 및 M-pac), 보안소재제품(M-secuprint)",,286750,대한민국,신규상장,주권,2019-08-19,,KB증권(주),기초 화학물질 제조업,"1,000","16,000","7,296,000","4,560,103",,,0.0,,, , ,,0% ,,,,,,,,,,,,,,,,,,,,,,,,
에스피시스템스,산업용 갠트리 로봇,,317830,대한민국,신규상장,주권,2019-08-14,,한국투자증권(주),특수 목적용 기계 제조업,100,"4,900","9,800,000","8,145,700",,,0.0,,, , ,,0% ,,,,,,,,,,,,,,,,,,,,,,,,
레이,"디지털 치료솔루션(CT scan 장비, 3D 프린터), 디지털 진단시스템(X-ray, CT 등)",,228670,대한민국,신규상장,주권,2019-08-08,,한국투자증권(주),의료용 기기 제조업,500,"20,000","20,000,000","6,653,267",,,0.0,,, , ,,0% ,,,,,,,,,,,,,,,,,,,,,,,,
그린플러스,"첨단유리온실, 온실용자재설치공사, 알루미늄 압출/가공제품",,186230,대한민국,이전상장,주권,2019-08-07,,한국투자증권(주),1차 비철금속 제조업,500,"10,000","7,000,000","3,923,873",,,0.0,,, , ,,0% ,,,,,,,,,,,,,,,,,,,,,,,,
코윈테크,"공정 자동화 설비 (2차전지, 석유화학, 반도체 및 디스플레이)",,282880,대한민국,신규상장,주권,2019-08-05,,미래에셋증권 주식회사,특수 목적용 기계 제조업,500,"34,500","69,000,000","9,000,000",,,0.0,,, , ,,0% ,,,,,,,,,,,,,,,,,,,,,,,,
케어룸의료산업,"의료용침대, 모션베드, 기타 의료기기 등",,327970,대한민국,신규상장,주권,2019-08-05,,아이비케이투자증권(주),의료용 기기 제조업,500,-,-,"1,000,000",,,0.0,,, , ,, ,,,,,,,,,,,,,,,,,,,,,,,,
덕산테코피아,"OLED 소재, 반도체 소재",,317330,대한민국,신규상장,주권,2019-08-02,,엔에이치투자증권(주),기타 화학제품 제조업,500,"19,000","76,863,873","18,377,428",,,0.0,,, , ,,0% ,,,,,,,,,,,,,,,,,,,,,,,,
슈프리마아이디,"지문인식 등록, 인증 기기 및 솔루션",,317770,대한민국,신규상장,주권,2019-08-01,,한국투자증권(주),전자부품 제조업,500,"27,000","23,328,000","2,992,520",,,0.0,,, , ,,0% ,,,,,,,,,,,,,,,,,,,,,,,,
한국바이오젠,"실리콘 소재(실란 모노머, 실리콘 레진&폴리머, 실리콘 융합소재)",,318000,대한민국,신규상장,주권,2019-08-01,,미래에셋증권 주식회사,합성고무 및 플라스틱 물질 제조업,200,"6,000","10,707,000","7,288,035",,,0.0,,, , ,,0% ,,,,,,,,,,,,,,,,,,,,,,,,
세경하이테크,DECO Film 및 기타 TAPE 제조,,148150,대한민국,신규상장,주권,2019-07-30,,키움증권(주),전자부품 제조업,500,"35,000","28,000,000","5,624,000",,,0.0,,, , ,,0% ,,,,,,,,,,,,,,,,,,,,,,,,
윌링스,태양광 인버터 등,,313760,대한민국,신규상장,주권,2019-07-25,,신영증권(주),"전동기, 발전기 및 전기 변환 · 공급 · 제어 장치 제조업",500,"12,500","17,275,000","4,862,000",,,0.0,,, , ,,0% ,,,,,,,,,,,,,,,,,,,,,,,,
대모,"유압브레이커, 특수장비/부품, 퀵커플러 등",,317850,대한민국,신규상장,주권,2019-07-24,,신한투자증권 주식회사,특수 목적용 기계 제조업,500,"5,200","11,180,000","8,324,420",,,0.0,,, , ,,0% ,,,,,,,,,,,,,,,,,,,,,,,,
에이스토리,방송프로그램 제작,,241840,대한민국,신규상장,주권,2019-07-19,,엔에이치투자증권(주),"영화, 비디오물, 방송프로그램 제작 및 배급업",500,"14,300","26,741,000","9,318,240",,,0.0,,, , ,,0% ,,,,,,,,,,,,,,,,,,,,,,,,
플리토,언어 데이터 구축 및 판매,,300080,대한민국,신규상장,주권,2019-07-17,,한국투자증권(주),"자료처리, 호스팅, 포털 및 기타 인터넷 정보매개 서비스업",500,"26,000","38,310,636","5,169,811",,,0.0,,, , ,,0% ,,,,,,,,,,,,,,,,,,,,,,,,
이베스트이안스팩1호,기업인수합병,,323210,대한민국,신규상장,주권,2019-07-15,,엘에스증권 주식회사,금융 지원 서비스업,100,"2,000","6,000,000","3,200,000",,,0.0,,, , ,,0% ,,,,,,,,,,,,,,,,,,,,,,,,
세틀뱅크,"가상계좌중계, 간편현금결제",,234340,대한민국,신규상장,주권,2019-07-12,,"신한투자증권 주식회사,한국투자증권(주)",기타 정보 서비스업,500,"55,000","79,585,000","9,267,000",,,0.0,,, , ,,0% ,,,,,,,,,,,,,,,,,,,,,,,,
구스앤홈,"구스 다운 침구류(이불, 베개, 커버류 등)",,329050,대한민국,신규상장,주권,2019-07-12,,해당없음,직물직조 및 직물제품 제조업,500,-,-,"1,200,000",,,0.0,,, , ,, ,,,,,,,,,,,,,,,,,,,,,,,,
아이스크림에듀,아이스크림홈런,,289010,대한민국,신규상장,주권,2019-07-11,,대신증권(주),"서적, 잡지 및 기타 인쇄물 출판업",500,"15,900","23,055,000","12,637,371",,,0.0,,, , ,,0% ,,,,,,,,,,,,,,,,,,,,,,,,
펨토바이오메드,CellShot 플랫폼 / CellShot 기반 항암백신치료 제품군 / CellShot 기반 자가면역질환치료 제품군 / CellShot 기반 바이오의약품 생산세포주 제품군,,327610,대한민국,신규상장,주권,2019-07-10,,한국투자증권(주),자연과학 및 공학 연구개발업,500,-,-,"5,453,715",,,0.0,,, , ,, ,,,,,,,,,,,,,,,,,,,,,,,,
펌텍코리아,화장품 용기,,251970,대한민국,신규상장,주권,2019-07-04,,한국투자증권(주),플라스틱제품 제조업,500,"190,000","97,280,000","1,882,710",,,0.0,,, , ,,0% ,,,,,,,,,,,,,,,,,,,,,,,,
에이에프더블류,음극마찰용접단자,,312610,대한민국,신규상장,주권,2019-07-01,,엔에이치투자증권(주),일차전지 및 이차전지 제조업,500,"22,500","88,236,000","10,128,444",,,0.0,,, , ,,0% ,,,,,,,,,,,,,,,,,,,,,,,,
티티씨디펜스,"Anti-Drone, UGV, 방폭블록, 방검조끼 등",,309900,대한민국,신규상장,주권,2019-06-27,,아이비케이투자증권(주),"그외 기타 전문, 과학 및 기술 서비스업",500,-,-,"10,000,000",,,0.0,,, , ,, ,,,,,,,,,,,,,,,,,,,,,,,,
신영스팩5호,기업인수 및 합병,,323280,대한민국,신규상장,주권,2019-06-24,,신영증권(주),금융 지원 서비스업,100,"2,000","6,800,000","3,505,000",,,0.0,,, , ,,0% ,,,,,,,,,,,,,,,,,,,,,,,,
케이비제18호스팩,금융지원서비스,,323940,대한민국,신규상장,주권,2019-06-24,,KB증권(주),금융 지원 서비스업,100,"2,000","15,000,000","7,822,000",,,0.0,,, , ,,0% ,,,,,,,,,,,,,,,,,,,,,,,,
신한제5호스팩,,,323230,대한민국,신규상장,주권,2019-06-19,,신한투자증권 주식회사,금융 지원 서비스업,100,"2,000","8,000,000","4,310,000",,,0.0,,, , ,,0% ,,,,,,,,,,,,,,,,,,,,,,,,
압타바이오,"용역매출(50.7%), 유전자전달체(32.7%), 압타머 연구용 시약(16.6%)",,293780,대한민국,신규상장,주권,2019-06-12,,"미래에셋증권 주식회사,삼성증권(주)",자연과학 및 공학 연구개발업,500,"30,000","65,400,000","10,881,733",,,0.0,,, , ,,0% ,,,,,,,,,,,,,,,,,,,,,,,,
까스텔바쟉,골프의류 및 골프잡화,,308100,대한민국,신규상장,주권,2019-06-10,,엔에이치투자증권(주),"섬유, 의복, 신발 및 가죽제품 소매업",500,"12,000","22,680,000","6,596,700",,,0.0,,, , ,,0% ,,,,,,,,,,,,,,,,,,,,,,,,
마이크로디지탈,"바이오 분석 시스템, 메디칼 자동화 시스템",,305090,대한민국,신규상장,주권,2019-06-05,,하나증권주식회사,의료용 기기 제조업,500,"23,000","16,100,000","3,630,800",,,0.0,,, , ,,0% ,,,,,,,,,,,,,,,,,,,,,,,,
원바이오젠,의료기기(창상피복재),,278380,대한민국,신규상장,주권,2019-06-03,,교보증권(주),의료용품 및 기타 의약 관련제품 제조업,500,-,-,"2,166,560",,,0.0,,, , ,, ,,,,,,,,,,,,,,,,,,,,,,,,
유진스팩4호,합병,,321260,대한민국,신규상장,주권,2019-05-31,,유진투자증권(주),금융 지원 서비스업,100,"2,000","6,500,000","3,490,000",,,0.0,,, , ,,0% ,,,,,,,,,,,,,,,,,,,,,,,,
DB금융스팩7호,기타 금융서비스,,322780,대한민국,신규상장,주권,2019-05-31,,DB증권주식회사,금융 지원 서비스업,100,"2,000","8,000,000","4,550,000",,,0.0,,, , ,,0% ,,,,,,,,,,,,,,,,,,,,,,,,
포스코케미칼,"내화물, 생석회, 음극재 및 양극재",,003670,대한민국,이전상장,주권,2019-05-29,,한국투자증권(주),"내화, 비내화 요업제품 제조업",500,-,-,"60,988,220",,,0.0,,, , ,, ,,,,,,,,,,,,,,,,,,,,,,,,
수젠텍,체외진단 기기 및 시약,,253840,대한민국,이전상장,주권,2019-05-28,,한국투자증권(주),의료용품 및 기타 의약 관련제품 제조업,500,"12,000","18,000,000","12,926,006",,,0.0,,, , ,,0% ,,,,,,,,,,,,,,,,,,,,,,,,
컴퍼니케이,중소 벤처기업 투자,,307930,대한민국,신규상장,주권,2019-05-23,,엔에이치투자증권(주),기타 금융업,500,"4,500","18,000,000","15,610,000",,,0.0,,, , ,,0% ,,,,,,,,,,,,,,,,,,,,,,,,
다원넥스뷰,레이저 장비,,323350,대한민국,신규상장,주권,2019-05-21,,신한투자증권(주),사진장비 및 광학기기 제조업,500,-,-,"700,000",,,0.0,,, , ,, ,,,,,,,,,,,,,,,,,,,,,,,,
피에스케이,"드라이 스트립, 드라이 클리닝",,319660,대한민국,재상장,주권,2019-05-10,,키움증권(주),특수 목적용 기계 제조업,500,-,-,"14,765,020",,,0.0,,, , ,, ,,,,,,,,,,,,,,,,,,,,,,,,
엔에이치스팩14호,기타 금융지원(SPAC),,319400,대한민국,신규상장,주권,2019-05-08,,엔에이치투자증권(주),금융 지원 서비스업,100,"2,000","16,000,000","8,620,000",,,0.0,,, , ,,0% ,,,,,,,,,,,,,,,,,,,,,,,,
SNK,"IP 라이센스, 콘솔, 모바일 게임",,950180,일본,신규상장,주식예탁증권,2019-05-07,,엔에이치투자증권(주),소프트웨어 개발 및 공급업,무액면,"40,400","169,680,000","21,061,800",,,0.0,,, , ,,0% ,,,,,,,,,,,,,,,,,,,,,,,,
한화에스비아이스팩,기업인수합병,,317320,대한민국,신규상장,주권,2019-05-03,,한화투자증권(주),금융 지원 서비스업,100,"2,000","7,500,000","4,360,000",,,0.0,,, , ,,0% ,,,,,,,,,,,,,,,,,,,,,,,,
하이제4호스팩,기업인수합병,,317240,대한민국,신규상장,주권,2019-04-29,,iM증권,금융 지원 서비스업,100,"2,000","8,000,000","4,400,000",,,0.0,,, , ,,0% ,,,,,,,,,,,,,,,,,,,,,,,,
이노벡스,"TAS(지하철터널내영상광고장치), WING TV(회전식 LED바를 이용한 영상광고장치)",,279060,대한민국,신규상장,주권,2019-04-12,,아이비케이투자증권(주),전자부품 제조업,100,-,-,"6,079,167",,,0.0,,, , ,, ,,,,,,,,,,,,,,,,,,,,,,,,
아모그린텍,비정질 및 나노결정립을 이용한 자성부품 및 전류센서,,125210,대한민국,신규상장,주권,2019-03-29,,삼성증권(주),전자부품 제조업,500,"9,900","40,867,200","16,496,790",,,0.0,,, , ,,0% ,,,,,,,,,,,,,,,,,,,,,,,,
현대오토에버,"전산실운영, 시스템구축, 전산장비 납품, SOC/건축 사업",,307950,대한민국,신규상장,주권,2019-03-28,,엔에이치투자증권(주),소프트웨어 개발 및 공급업,"5,000","48,000","168,480,000","21,000,000",,,0.0,,, , ,,0% ,,,,,,,,,,,,,,,,,,,,,,,,
지노믹트리,암 조기진단 제품,,228760,대한민국,이전상장,주권,2019-03-27,,키움증권(주),의료용품 및 기타 의약 관련제품 제조업,500,"27,000","108,000,000","19,986,215",,,0.0,,, , ,,0% ,,,,,,,,,,,,,,,,,,,,,,,,
케이비17호스팩,금융사업지원서비스,,317030,대한민국,신규상장,주권,2019-03-27,,KB증권(주),금융 지원 서비스업,100,"2,000","10,000,000","5,461,000",,,0.0,,, , ,,0% ,,,,,,,,,,,,,,,,,,,,,,,,
이지케어텍,의료정보시스템,,099750,대한민국,신규상장,주권,2019-03-22,,미래에셋증권 주식회사,소프트웨어 개발 및 공급업,500,"12,300","15,990,000","6,386,000",,,0.0,,, , ,,0% ,,,,,,,,,,,,,,,,,,,,,,,,
유안타제4호스팩,기업인수합병,,313750,대한민국,신규상장,주권,2019-03-21,,유안타증권(주),금융 지원 서비스업,100,"2,000","8,200,000","4,650,000",,,0.0,,, , ,,0% ,,,,,,,,,,,,,,,,,,,,,,,,
미래에셋벤처투자,중소기업 창업투자 관련 고유계정/투자조합 관련 수익,,100790,대한민국,신규상장,주권,2019-03-15,,KB증권(주),기타 금융업,"1,000","4,500","20,250,000","30,667,215",,,0.0,,, , ,,0% ,,,,,,,,,,,,,,,,,,,,,,,,
드림텍,"모바일 PBA, 지문인식 모듈, 전장 LED 모듈 등",,192650,대한민국,신규상장,주권,2019-03-14,,엔에이치투자증권(주),전자부품 제조업,100,"13,000","59,092,098","27,585,500",,,0.0,,, , ,,0% ,,,,,,,,,,,,,,,,,,,,,,,,
더블유게임즈,온라인 게임,,192080,대한민국,이전상장,주권,2019-03-12,,"미래에셋증권 주식회사,삼성증권(주)",소프트웨어 개발 및 공급업,500,-,-,"18,260,502",,,0.0,,, , ,, ,,,,,,,,,,,,,,,,,,,,,,,,
에코프로비엠,양극활물질,,247540,대한민국,신규상장,주권,2019-03-05,,대신증권(주),일차전지 및 이차전지 제조업,500,"48,000","172,800,000","19,850,000",,,0.0,,, , ,,0% ,,,,,,,,,,,,,,,,,,,,,,,,
셀리드,항암면역치료백신,,299660,대한민국,신규상장,주권,2019-02-20,,삼성증권(주),자연과학 및 공학 연구개발업,500,"33,000","39,600,000","9,441,192",,,0.0,,, , ,,0% ,,,,,,,,,,,,,,,,,,,,,,,,
우리금융지주,금융지주,,316140,대한민국,신규상장,주권,2019-02-13,,한국투자증권(주),기타 금융업,"5,000",-,-,"680,164,306",,,0.0,,, , ,, ,,,,,,,,,,,,,,,,,,,,,,,,
천보,"디스플레이 소재, 반도체 공정 소재, 2차전지 소재, 의약품 소재, 정밀화학 소재",,278280,대한민국,신규상장,주권,2019-02-11,,하나증권주식회사,기초 화학물질 제조업,500,"40,000","100,000,000","9,856,294",,,0.0,,, , ,,0% ,,,,,,,,,,,,,,,,,,,,,,,,
이노테라피,"의료용지혈제, 밀폐제 및 접착제",,246960,대한민국,신규상장,주권,2019-02-01,,대신증권(주),자연과학 및 공학 연구개발업,500,"18,000","9,000,000","4,969,184",,,0.0,,, , ,,0% ,,,,,,,,,,,,,,,,,,,,,,,,
노랑풍선,"국내외여행 알선, 항공권 판매",,104620,대한민국,신규상장,주권,2019-01-30,,"한국투자증권(주),KB증권(주)",여행사 및 기타 여행보조 서비스업,500,"20,000","20,000,000","4,765,650",,,0.0,,, , ,,0% ,,,,,,,,,,,,,,,,,,,,,,,,
웹케시,"에스이알피, 브랜치, 인하우스",,053580,대한민국,신규상장,주권,2019-01-25,,하나증권주식회사,소프트웨어 개발 및 공급업,500,"26,000","25,220,000","6,630,322",,,0.0,,, , ,,0% ,,,,,,,,,,,,,,,,,,,,,,,,
엘에이티,"In-Line Sputter, OLED 패널 청정물류 이송 장비 등",,311060,대한민국,신규상장,주권,2018-12-28,,한국투자증권(주),특수 목적용 기계 제조업,500,-,-,"1,059,100",,,0.0,,, , ,, ,,,,,,,,,,,,,,,,,,,,,,,,
에어부산,항공 여객 및 화물 운송,,298690,대한민국,신규상장,주권,2018-12-27,,"미래에셋증권 주식회사,엔에이치투자증권(주)",항공 여객 운송업,"5,000","3,600","18,745,200","52,070,000",,,0.0,,, , ,,0% ,,,,,,,,,,,,,,,,,,,,,,,,
대원모방,"섬유, 모방",,311840,대한민국,신규상장,주권,2018-12-27,,해당없음,직물직조 및 직물제품 제조업,500,-,-,"1,593,280",,,0.0,,, , ,, ,,,,,,,,,,,,,,,,,,,,,,,,
비피도,프로바이오틱스 관련 완제품 및 균주 원말 등,,238200,대한민국,신규상장,주권,2018-12-26,,한국투자증권(주),도시락 및 식사용 조리식품 제조업,500,"18,000","7,380,018","4,090,000",,,0.0,,, , ,,0% ,,,,,,,,,,,,,,,,,,,,,,,,
키움제5호스팩,기업인수합병,,311270,대한민국,신규상장,주권,2018-12-26,,키움증권(주),금융 지원 서비스업,100,"2,000","7,000,000","3,600,000",,,0.0,,, , ,,0% ,,,,,,,,,,,,,,,,,,,,,,,,
지놈앤컴퍼니,생체유익균 치료제/건강기능식품/화장품,,314130,대한민국,신규상장,주권,2018-12-26,,한국투자증권(주),기초 의약물질 제조업,500,-,-,"7,703,997",,,0.0,,, , ,, ,,,,,,,,,,,,,,,,,,,,,,,,
유틸렉스,"면역항암 세포치료제, 면역항암 항체치료제",,263050,대한민국,신규상장,주권,2018-12-24,,엔에이치투자증권(주),기초 의약물질 제조업,500,"50,000","36,350,000","7,263,578",,,0.0,,, , ,,0% ,,,,,,,,,,,,,,,,,,,,,,,,
엔에이치스팩13호,기업인수합병,,310840,대한민국,신규상장,주권,2018-12-24,,엔에이치투자증권(주),금융 지원 서비스업,100,"2,000","6,000,000","3,420,000",,,0.0,,, , ,,0% ,,,,,,,,,,,,,,,,,,,,,,,,
디케이티,스마트폰용 FPCA,,290550,대한민국,신규상장,주권,2018-12-21,,엔에이치투자증권(주),전자부품 제조업,500,"7,400","14,943,560","6,879,982",,,0.0,,, , ,,0% ,,,,,,,,,,,,,,,,,,,,,,,,
신영스팩4호,기업인수,,307180,대한민국,신규상장,주권,2018-12-21,,신영증권(주),금융 지원 서비스업,100,"2,000","8,500,000","4,355,000",,,0.0,,, , ,,0% ,,,,,,,,,,,,,,,,,,,,,,,,
테크엔,LED조명장치,,308700,대한민국,신규상장,주권,2018-12-21,,해당없음,전구 및 조명장치 제조업,100,-,-,"4,000,000",,,0.0,,, , ,, ,,,,,,,,,,,,,,,,,,,,,,,,
미래에셋대우스팩2호,기업인수합병,,310200,대한민국,신규상장,주권,2018-12-21,,미래에셋증권 주식회사,금융 지원 서비스업,100,"2,000","5,500,000","3,050,000",,,0.0,,, , ,,0% ,,,,,,,,,,,,,,,,,,,,,,,,
위지윅스튜디오,"VFX, 뉴미디어 등 특수영상 컨텐츠 제작",,299900,대한민국,신규상장,주권,2018-12-20,,"엔에이치투자증권(주),삼성증권(주)","영화, 비디오물, 방송프로그램 제작 및 배급업",500,"11,000","24,194,665","8,798,060",,,0.0,,, , ,,0% ,,,,,,,,,,,,,,,,,,,,,,,,
삼성머스트스팩3호,기업인수합병,,309930,대한민국,신규상장,주권,2018-12-20,,삼성증권(주),금융 지원 서비스업,100,"2,000","7,500,000","4,590,000",,,0.0,,, , ,,0% ,,,,,,,,,,,,,,,,,,,,,,,,
한국제8호스팩,기업인수 및 합병,,310870,대한민국,신규상장,주권,2018-12-20,,한국투자증권(주),금융 지원 서비스업,100,"2,000","6,000,000","3,420,000",,,0.0,,, , ,,0% ,,,,,,,,,,,,,,,,,,,,,,,,
에이비엘바이오,항체의약품 연구개발,,298380,대한민국,신규상장,주권,2018-12-19,,한국투자증권(주),기초 의약물질 제조업,500,"15,000","90,000,000","44,587,000",,,0.0,,, , ,,0% ,,,,,,,,,,,,,,,,,,,,,,,,
프로테옴텍,"알러지진단키트, 임신진단테스트기, 면역진단키트",,303360,대한민국,신규상장,주권,2018-12-19,,키움증권(주),의료용품 및 기타 의약 관련제품 제조업,500,-,-,"4,356,152",,,0.0,,, , ,, ,,,,,,,,,,,,,,,,,,,,,,,,
대신밸런스제6호스팩,기업 인수 및 합병,,307750,대한민국,신규상장,주권,2018-12-19,,대신증권(주),금융 지원 서비스업,100,"2,000","9,000,000","5,010,000",,,0.0,,, , ,,0% ,,,,,,,,,,,,,,,,,,,,,,,,
머큐리,"AP 단말기, 광섬유 및 광케이블, 위성통신 전송장비",,100590,대한민국,신규상장,주권,2018-12-14,,미래에셋증권 주식회사,통신 및 방송 장비 제조업,500,"6,100","31,232,000","14,763,600",,,0.0,,, , ,,0% ,,,,,,,,,,,,,,,,,,,,,,,,
전진바이오팜,"방충방향제, 유해동물피해감소제, 기생충피해감소제",,110020,대한민국,신규상장,주권,2018-12-14,,미래에셋증권 주식회사,기타 화학제품 제조업,500,"10,000","5,000,000","4,733,428",,,0.0,,, , ,,0% ,,,,,,,,,,,,,,,,,,,,,,,,
뉴트리,"에버콜라겐, 판도라 다이어트 등",,270870,대한민국,신규상장,주권,2018-12-13,,미래에셋증권 주식회사,도시락 및 식사용 조리식품 제조업,500,"14,500","32,799,000","9,032,224",,,0.0,,, , ,,0% ,,,,,,,,,,,,,,,,,,,,,,,,
이노메트리,엑스레이검사 장비,,302430,대한민국,신규상장,주권,2018-12-12,,유진투자증권(주),특수 목적용 기계 제조업,500,"26,000","30,422,314","4,825,108",,,0.0,,, , ,,0% ,,,,,,,,,,,,,,,,,,,,,,,,
골든브릿지이안5호,기업인수합병,,307870,대한민국,신규상장,주권,2018-12-12,,주식회사 상상인증권,금융 지원 서비스업,100,"2,000","8,500,000","4,750,000",,,0.0,,, , ,,0% ,,,,,,,,,,,,,,,,,,,,,,,,
대유에이피,자동차 스티어링휠,,290120,대한민국,신규상장,주권,2018-12-07,,신영증권(주),자동차 신품 부품 제조업,500,"3,000","8,400,000","10,884,000",,,0.0,,, , ,,0% ,,,,,,,,,,,,,,,,,,,,,,,,
SK4호스팩,기업인수합병,,307070,대한민국,신규상장,주권,2018-12-07,,SK증권(주),금융 지원 서비스업,100,"2,000","8,000,000","5,160,000",,,0.0,,, , ,,0% ,,,,,,,,,,,,,,,,,,,,,,,,
에코캡,"자동차 부품(전선, 케이블, 벌브소켓, LED 등)",,128540,대한민국,신규상장,주권,2018-12-05,,IBK투자증권(주),자동차 신품 부품 제조업,100,"4,200","16,800,000","14,558,800",,,0.0,,, , ,,0% ,,,,,,,,,,,,,,,,,,,,,,,,
교보8호스팩,기업인수합병,,307280,대한민국,신규상장,주권,2018-12-05,,교보증권(주),금융 지원 서비스업,100,"2,000","6,200,000","3,720,000",,,0.0,,, , ,,0% ,,,,,,,,,,,,,,,,,,,,,,,,
베스파,모바일게임,,299910,대한민국,신규상장,주권,2018-12-03,,미래에셋증권 주식회사,소프트웨어 개발 및 공급업,500,"35,000","56,000,000","7,986,521",,,0.0,,, , ,,0% ,,,,,,,,,,,,,,,,,,,,,,,,
비엔에프코퍼레이션,"솔더바, 솔더와이어, 솔더페이스트",,271780,대한민국,신규상장,주권,2018-11-30,,아이비케이투자증권(주),1차 비철금속 제조업,100,-,-,"3,000,000",,,0.0,,, , ,, ,,,,,,,,,,,,,,,,,,,,,,,,
하나머스트제6호스팩,기업인수합병,,307160,대한민국,신규상장,주권,2018-11-30,,하나증권주식회사,금융 지원 서비스업,100,"2,000","7,500,000","4,590,000",,,0.0,,, , ,,0% ,,,,,,,,,,,,,,,,,,,,,,,,
윙입푸드,육가공 제품,,900340,홍콩,신규상장,외국주권,2018-11-30,,유진투자증권(주),기타 금융업,무액면,"2,000","20,400,000","40,409,095",,,0.0,,, , ,,0% ,,,,,,,,,,,,,,,,,,,,,,,,
남화산업,골프장 서비스,,111710,대한민국,신규상장,주권,2018-11-29,,대신증권(주),스포츠 서비스업,200,"3,700","11,425,600","20,588,000",,,0.0,,, , ,,0% ,,,,,,,,,,,,,,,,,,,,,,,,
티로보틱스,"중대형 시스템, 중대형 로봇",,117730,대한민국,신규상장,주권,2018-11-29,,키움증권(주),특수 목적용 기계 제조업,500,"16,000","12,800,000","5,399,459",,,0.0,,, , ,,0% ,,,,,,,,,,,,,,,,,,,,,,,,
엠아이텍,비혈관 스텐트 및 체외충격파 쇄석기,,179290,대한민국,신규상장,주권,2018-11-29,,하나증권주식회사,의료용 기기 제조업,500,"4,500","31,500,000","27,456,200",,,0.0,,, , ,,0% ,,,,,,,,,,,,,,,,,,,,,,,,
에이펙스인텍,LED조명장치 등,,207490,대한민국,신규상장,주권,2018-11-28,,아이비케이투자증권(주),전구 및 조명장치 제조업,500,-,-,"3,600,000",,,0.0,,, , ,, ,,,,,,,,,,,,,,,,,,,,,,,,
티앤알바이오팹,"생분해성 의료기기, 3D 바이오프린팅 시스템, 바이오잉크, 3D 오가노이드, 3D 세포치료제",,246710,대한민국,신규상장,주권,2018-11-28,,키움증권(주),기초 의약물질 제조업,500,"18,000","21,600,000","8,118,084",,,0.0,,, , ,,0% ,,,,,,,,,,,,,,,,,,,,,,,,
네오펙트,라파엘스마트글러브 외,,290660,대한민국,신규상장,주권,2018-11-28,,한국투자증권(주),의료용 기기 제조업,500,"11,000","19,800,000","11,718,545",,,0.0,,, , ,,0% ,,,,,,,,,,,,,,,,,,,,,,,,
아시아나IDT,"IT 서비스, IT 솔루션",,267850,대한민국,신규상장,주권,2018-11-23,,KB증권(주),"컴퓨터 프로그래밍, 시스템 통합 및 관리업",500,"15,000","39,600,000","11,100,000",,,0.0,,, , ,,0% ,,,,,,,,,,,,,,,,,,,,,,,,
나라소프트,"체육용솔루션(NS트루골프, NS테니스, NS축구, NS승마 등)",,288490,대한민국,신규상장,주권,2018-11-23,,해당없음,소프트웨어 개발 및 공급업,100,-,-,"24,770,000",,,0.0,,, , ,, ,,,,,,,,,,,,,,,,,,,,,,,,
싸이토젠,CTC 기반 Liquid Biopsy 응용사업 및 플랫폼,,217330,대한민국,신규상장,주권,2018-11-22,,키움증권(주),자연과학 및 공학 연구개발업,500,"17,000","20,400,000","5,633,864",,,0.0,,, , ,,0% ,,,,,,,,,,,,,,,,,,,,,,,,
디알젬,"진단용 엑스선 촬영장치 및 부분품, X-ray 제너레이터 외",,263690,대한민국,신규상장,주권,2018-11-22,,한국투자증권(주),의료용 기기 제조업,500,"6,500","9,750,000","11,325,610",,,0.0,,, , ,,0% ,,,,,,,,,,,,,,,,,,,,,,,,
아주IB투자,,,027360,대한민국,신규상장,주권,2018-11-21,,미래에셋증권 주식회사,기타 금융업,500,"1,500","29,280,000","118,714,050",,,0.0,,, , ,,0% ,,,,,,,,,,,,,,,,,,,,,,,,
파멥신,항체치료제,,208340,대한민국,신규상장,주권,2018-11-21,,"KB증권(주),삼성증권(주)",의약품 제조업,500,"60,000","48,000,000","6,805,637",,,0.0,,, , ,,0% ,,,,,,,,,,,,,,,,,,,,,,,,
디케이앤디,합성피혁 및 부직포,,263020,대한민국,신규상장,주권,2018-11-20,,키움증권(주),플라스틱제품 제조업,500,"6,000","10,800,000","7,601,025",,,0.0,,, , ,,0% ,,,,,,,,,,,,,,,,,,,,,,,,
아이엘사이언스,"LED조명, LED용 실리콘렌즈",,122050,대한민국,신규상장,주권,2018-11-16,,신영증권(주),전구 및 조명장치 제조업,500,-,-,"6,228,822",,,0.0,,, , ,, ,,,,,,,,,,,,,,,,,,,,,,,,
디자인,스마트 액세서리(보조배터리 등),,227100,대한민국,신규상장,주권,2018-11-15,,대신증권(주),"전동기, 발전기 및 전기 변환 · 공급 · 제어 장치 제조업",500,"10,100","4,009,700","2,660,910",,,0.0,,, , ,,0% ,,,,,,,,,,,,,,,,,,,,,,,,
노바렉스,건강기능식품 제조,,194700,대한민국,신규상장,주권,2018-11-14,,엔에이치투자증권(주),도시락 및 식사용 조리식품 제조업,500,"19,000","18,240,000","9,003,740",,,0.0,,, , ,,0% ,,,,,,,,,,,,,,,,,,,,,,,,
셀리버리,바이오의약품[iCP-Parkin(파킨슨병 치료제)]및 연구용 시약,,268600,대한민국,신규상장,주권,2018-11-09,,DB증권주식회사,자연과학 및 공학 연구개발업,500,"25,000","28,500,000","7,148,321",,,0.0,,, , ,,0% ,,,,,,,,,,,,,,,,,,,,,,,,
대보마그네틱,"전자석탈철기, 자력선별기",,290670,대한민국,신규상장,주권,2018-11-06,,한국투자증권(주),기타 전기장비 제조업,500,"31,000","25,420,000","3,232,600",,,0.0,,, , ,,0% ,,,,,,,,,,,,,,,,,,,,,,,,
노바텍,"Magnet, Shield Magnet, 심재",,285490,대한민국,신규상장,주권,2018-11-02,,하나증권주식회사,그외 기타 제품 제조업,500,"10,000","11,600,000","4,626,800",,,0.0,,, , ,,0% ,,,,,,,,,,,,,,,,,,,,,,,,
엘앤씨바이오,"인체조직(피부, 뼈, 연골)",,290650,대한민국,신규상장,주권,2018-11-01,,한국투자증권(주),의약품 제조업,500,"24,000","24,000,000","7,234,332",,,0.0,,, , ,,0% ,,,,,,,,,,,,,,,,,,,,,,,,
DB금융스팩6호,기업인수합병,,306620,대한민국,신규상장,주권,2018-10-31,,DB증권주식회사,금융 지원 서비스업,100,"2,000","8,000,000","4,840,000",,,0.0,,, , ,,0% ,,,,,,,,,,,,,,,,,,,,,,,,
로보티즈,"솔루션(로봇 엑츄에이터 모듈과 구동 소프트웨어), 에듀테인먼트 로봇, 로봇 플랫폼",,108490,대한민국,신규상장,주권,2018-10-26,,미래에셋증권 주식회사,특수 목적용 기계 제조업,500,"14,000","23,800,000","11,251,000",,,0.0,,, , ,,0% ,,,,,,,,,,,,,,,,,,,,,,,,
옵티팜,"옵티케어, 메디피그 등",,153710,대한민국,신규상장,주권,2018-10-26,,엔에이치투자증권(주),의료용품 및 기타 의약 관련제품 제조업,500,"10,000","29,458,900","14,217,258",,,0.0,,, , ,,0% ,,,,,,,,,,,,,,,,,,,,,,,,
에스퓨얼셀,"건물용 연료전지, 발전용 연료전지",,288620,대한민국,신규상장,주권,2018-10-15,,한국투자증권(주),"전동기, 발전기 및 전기 변환 · 공급 · 제어 장치 제조업",500,"16,500","31,185,000","5,744,316",,,0.0,,, , ,,0% ,,,,,,,,,,,,,,,,,,,,,,,,
세아제강,강관,,306200,대한민국,재상장,주권,2018-10-05,,엔에이치투자증권(주),1차 철강 제조업,"5,000",-,-,"2,836,300",,,0.0,,, , ,, ,,,,,,,,,,,,,,,,,,,,,,,,
푸드나무,,,290720,대한민국,신규상장,주권,2018-10-04,,미래에셋증권 주식회사,무점포 소매업,500,"24,000","37,339,440","6,806,034",,,0.0,,, , ,,0% ,,,,,,,,,,,,,,,,,,,,,,,,
나우아이비캐피탈,"투자조합, PEF 결성 및 투자",,293580,대한민국,신규상장,주권,2018-10-04,,신영증권(주),기타 금융업,"5,000","8,500","21,250,000","9,480,000",,,0.0,,, , ,,0% ,,,,,,,,,,,,,,,,,,,,,,,,
하나제약,완제의약품,,293480,대한민국,신규상장,주권,2018-10-02,,미래에셋증권 주식회사,의약품 제조업,500,"26,000","106,117,960","16,200,000",,,0.0,,, , ,,0% ,,,,,,,,,,,,,,,,,,,,,,,,
크리스에프앤씨,골프웨어,,110790,대한민국,신규상장,주권,2018-10-01,,KB증권(주),봉제의복 제조업,"1,000","30,000","105,480,000","11,715,480",,,0.0,,, , ,,0% ,,,,,,,,,,,,,,,,,,,,,,,,
지티지웰니스,의료기기 및 미용기기,,219750,대한민국,이전상장,주권,2018-09-21,,대신증권(주),의료용 기기 제조업,500,"11,000","8,800,000","5,652,665",,,0.0,,, , ,,0% ,,,,,,,,,,,,,,,,,,,,,,,,
IBKS제10호스팩,기업인수합병,,299170,대한민국,신규상장,주권,2018-09-21,,IBK투자증권(주),금융 지원 서비스업,100,"2,000","8,000,000","4,330,000",,,0.0,,, , ,,0% ,,,,,,,,,,,,,,,,,,,,,,,,
우진아이엔에스,반도체/디스플레이 코팅덕트,,010400,대한민국,신규상장,주권,2018-09-14,,신영증권(주),건물설비 설치 공사업,500,"15,000","31,500,000","7,622,000",,,0.0,,, , ,,0% ,,,,,,,,,,,,,,,,,,,,,,,,
명성티엔에스,"2차전지 분리막 제조설비, 디스플레이용 생산설비",,257370,대한민국,신규상장,주권,2018-09-13,,KB증권(주),특수 목적용 기계 제조업,500,"20,000","38,400,000","6,370,000",,,0.0,,, , ,,0% ,,,,,,,,,,,,,,,,,,,,,,,,
삼성스팩2호,기업인수합병,,291230,대한민국,신규상장,주권,2018-09-13,,삼성증권(주),금융 지원 서비스업,100,"2,000","13,000,000","7,550,000",,,0.0,,, , ,,0% ,,,,,,,,,,,,,,,,,,,,,,,,
엔솔바이오,"퇴행성디스크 치료제, 골관절염 치료제, 동물용 골관절염 치료제",,140610,대한민국,신규상장,주권,2018-09-10,,하나증권(주),자연과학 및 공학 연구개발업,500,-,-,"8,395,660",,,0.0,,, , ,, ,,,,,,,,,,,,,,,,,,,,,,,,
디지캡,"보호솔루션, 방송서비스솔루션 등",,197140,대한민국,이전상장,주권,2018-09-07,,KB증권(주),소프트웨어 개발 및 공급업,500,"12,000","7,013,352","3,531,115",,,0.0,,, , ,,0% ,,,,,,,,,,,,,,,,,,,,,,,,
대신밸런스제5호스팩,기업 인수 및 합병,,303030,대한민국,신규상장,주권,2018-08-30,,대신증권(주),금융 지원 서비스업,100,"2,000","7,000,000","4,110,000",,,0.0,,, , ,,0% ,,,,,,,,,,,,,,,,,,,,,,,,
액트로,모바일용 액츄에이터 및 조립자동화 설비,,290740,대한민국,신규상장,주권,2018-08-28,,키움증권(주),특수 목적용 기계 제조업,500,"20,000","24,000,000","5,000,054",,,0.0,,, , ,,0% ,,,,,,,,,,,,,,,,,,,,,,,,
오파스넷,네트워크 구축 및 유지보수,,173130,대한민국,이전상장,주권,2018-08-24,,교보증권(주),"컴퓨터 프로그래밍, 시스템 통합 및 관리업",500,"11,000","11,088,000","4,025,902",,,0.0,,, , ,,0% ,,,,,,,,,,,,,,,,,,,,,,,,
에이피티씨,300mm Poly Etch System,,089970,대한민국,신규상장,주권,2018-08-23,,대신증권(주),특수 목적용 기계 제조업,100,"9,000","16,560,000","23,234,595",,,0.0,,, , ,,0% ,,,,,,,,,,,,,,,,,,,,,,,,
바이오솔루션,"세포치료제, 인체조직모델 등",,086820,대한민국,신규상장,주권,2018-08-20,,한국투자증권(주),기초 의약물질 제조업,500,"29,000","43,500,000","7,659,926",,,0.0,,, , ,,0% ,,,,,,,,,,,,,,,,,,,,,,,,
리메드,자기장 치료기기,,302550,대한민국,신규상장,주권,2018-08-14,,한국투자증권(주),의료용 기기 제조업,500,-,-,"4,717,846",,,0.0,,, , ,, ,,,,,,,,,,,,,,,,,,,,,,,,
더콘텐츠온,"영화제작, 투자, 배급 및 영화디지털배급",,302920,대한민국,신규상장,주권,2018-08-13,,대신증권(주),"영화, 비디오물, 방송프로그램 제작 및 배급업",500,-,-,"2,599,980",,,0.0,,, , ,, ,,,,,,,,,,,,,,,,,,,,,,,,
대유,"4종복합비료, 농약",,290380,대한민국,신규상장,주권,2018-08-10,,KB증권(주),"비료, 농약 및 살균, 살충제 제조업",500,"9,000","27,720,000","9,052,400",,,0.0,,, , ,,0% ,,,,,,,,,,,,,,,,,,,,,,,,
엔케이맥스,NK세포치료제,,262760,대한민국,신규상장,주권,2018-08-09,,키움증권(주),의약품 제조업,500,-,-,"16,820,000",,,0.0,,, , ,, ,,,,,,,,,,,,,,,,,,,,,,,,
신한알파리츠,비거주 부동산 임대 서비스업,,293940,대한민국,신규상장,부동산투자회사,2018-08-08,,신한투자증권 주식회사,부동산 임대 및 공급업,"1,000","5,000","114,000,000","38,106,123",,,0.0,,, , ,,0% ,,,,,,,,,,,,,,,,,,,,,,,,
디아이티,평판디스플레이 검사장비,,110990,대한민국,신규상장,주권,2018-08-07,,삼성증권(주),특수 목적용 기계 제조업,100,"10,000","37,575,000","18,900,000",,,0.0,,, , ,,0% ,,,,,,,,,,,,,,,,,,,,,,,,
에스에스알,"취약점 진단 솔루션, 모의해킹 컨설팅",,275630,대한민국,신규상장,주권,2018-08-06,,하나증권주식회사,소프트웨어 개발 및 공급업,500,"9,000","12,780,000","5,662,567",,,0.0,,, , ,,0% ,,,,,,,,,,,,,,,,,,,,,,,,
한일시멘트,"시멘트, 레미콘, 레미탈",,300720,대한민국,재상장,주권,2018-08-06,,삼성증권(주),"시멘트, 석회, 플라스터 및 그 제품 제조업","5,000",-,-,"4,144,970",,,0.0,,, , ,, ,,,,,,,,,,,,,,,,,,,,,,,,
휴네시온,망간자료전송(i-oneNet),,290270,대한민국,신규상장,주권,2018-08-02,,엔에이치투자증권(주),소프트웨어 개발 및 공급업,500,"10,000","13,905,300","4,803,836",,,0.0,,, , ,,0% ,,,,,,,,,,,,,,,,,,,,,,,,
티웨이항공,저가 항공운송,,091810,대한민국,신규상장,주권,2018-08-01,,"신한투자증권 주식회사,대신증권(주)",항공 여객 운송업,500,"12,000","192,000,000","46,974,812",,,0.0,,, , ,,0% ,,,,,,,,,,,,,,,,,,,,,,,,
롯데정보통신,"SM, SI",,286940,대한민국,신규상장,주권,2018-07-27,,미래에셋증권 주식회사,"컴퓨터 프로그래밍, 시스템 통합 및 관리업","5,000","29,800","127,722,800","14,286,000",,,0.0,,, , ,,0% ,,,,,,,,,,,,,,,,,,,,,,,,
한국유니온제약,"항생제, 순환기계, 근골격계, 소화기계류 완제의약품",,080720,대한민국,신규상장,주권,2018-07-26,,DB증권주식회사,의약품 제조업,500,"18,000","27,000,000","5,745,000",,,0.0,,, , ,,0% ,,,,,,,,,,,,,,,,,,,,,,,,
엠코르셋,"내의(원더브라, 플레이텍스, 미싱도로시, 르페)",,204020,대한민국,신규상장,주권,2018-07-23,,대신증권(주),봉제의복 제조업,500,"11,500","28,962,750","10,073,715",,,0.0,,, , ,,0% ,,,,,,,,,,,,,,,,,,,,,,,,
IBKS제9호스팩,,,297570,대한민국,신규상장,주권,2018-07-20,,IBK투자증권(주),금융 지원 서비스업,100,"2,000","5,000,000","2,760,000",,,0.0,,, , ,,0% ,,,,,,,,,,,,,,,,,,,,,,,,
올릭스,siRNA 신약 개발,,226950,대한민국,신규상장,주권,2018-07-18,,엔에이치투자증권(주),자연과학 및 공학 연구개발업,500,"36,000","43,200,000","6,433,321",,,0.0,,, , ,,0% ,,,,,,,,,,,,,,,,,,,,,,,,
테크트랜스,비철금속표면처리장비 및 솔루션,,258050,대한민국,신규상장,주권,2018-07-13,,유안타증권(주),기타 금속 가공제품 제조업,100,-,-,"6,000,000",,,0.0,,, , ,, ,,,,,,,,,,,,,,,,,,,,,,,,
효성화학,-,,298000,대한민국,재상장,주권,2018-07-13,,"대신증권(주),미래에셋증권 주식회사",기초 화학물질 제조업,"5,000",-,-,"3,190,126",,,0.0,,, , ,, ,,,,,,,,,,,,,,,,,,,,,,,,
효성티앤씨,"섬유, 산업자재, 화학, 중공업, 건설, 무역,금융 등",,298020,대한민국,재상장,주권,2018-07-13,,"대신증권(주),미래에셋증권 주식회사",화학섬유 제조업,"5,000",-,-,"4,327,682",,,0.0,,, , ,, ,,,,,,,,,,,,,,,,,,,,,,,,
효성중공업,-,,298040,대한민국,재상장,주권,2018-07-13,,"대신증권(주),미래에셋증권 주식회사","전동기, 발전기 및 전기 변환 · 공급 · 제어 장치 제조업","5,000",-,-,"9,324,548",,,0.0,,, , ,, ,,,,,,,,,,,,,,,,,,,,,,,,
효성첨단소재,PET타이어코드,,298050,대한민국,재상장,주권,2018-07-13,,"대신증권(주),미래에셋증권 주식회사",화학섬유 제조업,"5,000",-,-,"4,479,948",,,0.0,,, , ,, ,,,,,,,,,,,,,,,,,,,,,,,,
아이큐어,"플라스타, 의약 및 의약외품 패취등, 마스크팩, 화장품 기초라인",,175250,대한민국,신규상장,주권,2018-07-12,,키움증권(주),의약품 제조업,500,"65,000","78,000,000","6,123,518",,,0.0,,, , ,,0% ,,,,,,,,,,,,,,,,,,,,,,,,
SV인베스트먼트,중소/벤처기업 투자 및 육성,,289080,대한민국,신규상장,주권,2018-07-06,,미래에셋증권 주식회사,기타 금융업,500,"7,000","27,300,000","26,617,000",,,0.0,,, , ,,0% ,,,,,,,,,,,,,,,,,,,,,,,,
엘리비젼,"디지털 사이니지, 키오스크 등",,276240,대한민국,신규상장,주권,2018-07-05,,주식회사 아이엠증권,영상 및 음향기기 제조업,500,-,-,"2,340,720",,,0.0,,, , ,, ,,,,,,,,,,,,,,,,,,,,,,,,
지앤이바이오텍,면생리대,,299480,대한민국,신규상장,주권,2018-06-29,,주식회사 아이엠증권,기타 섬유제품 제조업,100,-,-,"11,100,743",,,0.0,,, , ,, ,,,,,,,,,,,,,,,,,,,,,,,,
이리츠코크렙,부동산투자회사,,088260,대한민국,신규상장,부동산투자회사,2018-06-27,,엔에이치투자증권(주),부동산 임대 및 공급업,"5,000","5,000","79,107,350","63,341,590",,,0.0,,, , ,,0% ,,,,,,,,,,,,,,,,,,,,,,,,
EDGC,유전체 분석 진단 서비스,,245620,대한민국,신규상장,주권,2018-06-26,,SK증권(주),자연과학 및 공학 연구개발업,100,"6,500","46,800,000","35,898,940",,,0.0,,, , ,,0% ,,,,,,,,,,,,,,,,,,,,,,,,
에스엠비나,여성의류,,299670,대한민국,신규상장,주권,2018-06-25,,해당없음,봉제의복 제조업,500,-,-,"1,090,000",,,0.0,,, , ,, ,,,,,,,,,,,,,,,,,,,,,,,,
HDC현대산업개발,"외주주택, 자체공사, 일반건축, 토목 등",,294870,대한민국,재상장,주권,2018-06-12,,한국투자증권(주),건물 건설업,"5,000",-,-,"43,938,220",,,0.0,,, , ,, ,,,,,,,,,,,,,,,,,,,,,,,,
하나금융11호스팩,기업인수합병,,284620,대한민국,신규상장,주권,2018-06-08,,하나증권주식회사,금융 지원 서비스업,100,"2,000","9,000,000","5,401,000",,,0.0,,, , ,,0% ,,,,,,,,,,,,,,,,,,,,,,,,
파워넷,전력변환장치,,037030,대한민국,신규상장,주권,2018-06-07,,DB증권주식회사,"전동기, 발전기 및 전기 변환 · 공급 · 제어 장치 제조업","1,000","6,500","23,209,862","12,009,614",,,0.0,,, , ,,0% ,,,,,,,,,,,,,,,,,,,,,,,,
현대사료,"양계, 양돈 배합사료",,016790,대한민국,신규상장,주권,2018-06-01,,신한투자증권 주식회사,기타 식품 제조업,500,"6,600","10,072,788","6,150,486",,,0.0,,, , ,,0% ,,,,,,,,,,,,,,,,,,,,,,,,
세종메디칼,복강경수술용 투관침 등,,258830,대한민국,신규상장,주권,2018-05-29,,한국투자증권(주),의료용 기기 제조업,500,"15,000","30,450,000","6,777,741",,,0.0,,, , ,,0% ,,,,,,,,,,,,,,,,,,,,,,,,
제노레이,의료용 방사선 진단기기,,122310,대한민국,신규상장,주권,2018-05-28,,한국투자증권(주),의료용 기기 제조업,500,"23,000","13,844,666","4,028,700",,,0.0,,, , ,,0% ,,,,,,,,,,,,,,,,,,,,,,,,
디피코,"자동차 엔지니어링 서비스, 의료용 전동스쿠터 등",,163430,대한민국,신규상장,주권,2018-05-16,,현대차증권(주),"건축기술, 엔지니어링 및 관련 기술 서비스업",500,-,-,"1,837,950",,,0.0,,, , ,, ,,,,,,,,,,,,,,,,,,,,,,,,
한국제7호스팩,기업인수합병,,291210,대한민국,신규상장,주권,2018-05-11,,한국투자증권(주),금융 지원 서비스업,100,"2,000","8,500,000","5,060,000",,,0.0,,, , ,,0% ,,,,,,,,,,,,,,,,,,,,,,,,
다이노나,항체치료제,,086080,대한민국,신규상장,주권,2018-05-08,,한국투자증권(주),자연과학 및 공학 연구개발업,500,-,-,"15,246,481",,,0.0,,, , ,, ,,,,,,,,,,,,,,,,,,,,,,,,
유안타제3호스팩,인수합병,,287410,대한민국,신규상장,주권,2018-05-08,,유안타증권(주),금융 지원 서비스업,100,"2,000","7,000,000","4,235,000",,,0.0,,, , ,,0% ,,,,,,,,,,,,,,,,,,,,,,,,
에스제이켐,"수처리응집제, 폴리프로필렌",,217910,대한민국,신규상장,주권,2018-04-27,,해당없음(크라우드펀딩특례상장),기초 화학물질 제조업,100,-,-,"12,990,522",,,0.0,,, , ,, ,,,,,,,,,,,,,,,,,,,,,,,,
JTC,"식품류, 생활용품류, 화장품류 (사후면세업)",,950170,일본,신규상장,주식예탁증권,2018-04-06,,삼성증권(주),종합 소매업,무액면,"8,500","89,542,400","35,005,517",,,0.0,,, , ,,0% ,,,,,,,,,,,,,,,,,,,,,,,,
대신밸런스제3호스팩,기업인수 및 합병,,253590,대한민국,신규상장,주권,2018-04-04,,대신증권(주),금융 지원 서비스업,100,"2,000","10,000,000","5,510,000",,,0.0,,, , ,,0% ,,,,,,,,,,,,,,,,,,,,,,,,
위세아이텍,"WISE OLAP, WISE DQ 등",,065370,대한민국,신규상장,주권,2018-04-02,,교보증권(주),소프트웨어 개발 및 공급업,500,-,-,"3,400,000",,,0.0,,, , ,, ,,,,,,,,,,,,,,,,,,,,,,,,
케어랩스,"헬스케어 미디어플랫폼, 헬스케어 디지털마케팅, 헬스케어 솔루션",,263700,대한민국,신규상장,주권,2018-03-28,,한국투자증권(주),소프트웨어 개발 및 공급업,500,"20,000","26,000,000","5,977,430",,,0.0,,, , ,,0% ,,,,,,,,,,,,,,,,,,,,,,,,
애경산업,"Age 20's,루나, 트리오, 2080치약, 순샘, 제트 등",,018250,대한민국,신규상장,주권,2018-03-22,,대신증권(주),기타 화학제품 제조업,"1,000","29,100","197,880,000","26,122,335",,,0.0,,, , ,,0% ,,,,,,,,,,,,,,,,,,,,,,,,
에코마이스터,SAP,,064510,대한민국,신규상장,주권,2018-03-15,,"대신증권(주),한화투자증권(주)",특수 목적용 기계 제조업,500,"5,200","6,968,000","10,788,540",,,0.0,,, , ,,0% ,,,,,,,,,,,,,,,,,,,,,,,,
린드먼아시아,"투자조합, PEF 결성 및 투자",,277070,대한민국,신규상장,주권,2018-03-14,,키움증권(주),신탁업 및 집합투자업,500,"6,500","22,087,377","13,500,000",,,0.0,,, , ,,0% ,,,,,,,,,,,,,,,,,,,,,,,,
오스테오닉,골접합 및 재건용 금속소재 및 생분해성 복합소재 기반 임플란트,,226400,대한민국,이전상장,주권,2018-02-22,,키움증권(주),의료용 기기 제조업,500,"7,700","9,240,000","6,454,995",,,0.0,,, , ,,0% ,,,,,,,,,,,,,,,,,,,,,,,,
엔지켐생명과학,"EC-18(신약), 원료의약품",,183490,대한민국,이전상장,주권,2018-02-21,,한국투자증권(주),기초 의약물질 제조업,500,"56,000","43,120,000","7,623,232",,,0.0,,, , ,,0% ,,,,,,,,,,,,,,,,,,,,,,,,
동구바이오제약,"피부, 비뇨기과 완제의약품",,006620,대한민국,신규상장,주권,2018-02-13,,엔에이치투자증권(주),의약품 제조업,500,"16,000","33,105,920","9,604,000",,,0.0,,, , ,,0% ,,,,,,,,,,,,,,,,,,,,,,,,
아시아종묘,종자,,154030,대한민국,이전상장,주권,2018-02-12,,대신증권(주),작물 재배업,500,"4,500","4,500,000","9,215,539",,,0.0,,, , ,,0% ,,,,,,,,,,,,,,,,,,,,,,,,
알리코제약,완제 의약품,,260660,대한민국,신규상장,주권,2018-02-12,,IBK투자증권(주),의료용품 및 기타 의약 관련제품 제조업,500,"12,000","28,200,000","8,843,825",,,0.0,,, , ,,0% ,,,,,,,,,,,,,,,,,,,,,,,,
셀트리온,"램시마, 트룩시마, 허쥬마",,068270,대한민국,이전상장,주권,2018-02-09,,엔에이치투자증권(주),기초 의약물질 제조업,"1,000",-,-,"122,666,424",,,0.0,,, , ,, ,,,,,,,,,,,,,,,,,,,,,,,,
카페24,"쇼핑몰솔루션, 광고솔루션, 호스팅솔루션",,042000,대한민국,신규상장,주권,2018-02-08,,"미래에셋증권 주식회사,유안타증권(주),한화투자증권(주)","자료처리, 호스팅, 포털 및 기타 인터넷 정보매개 서비스업",500,"57,000","51,300,000","8,858,157",,,0.0,,, , ,,0% ,,,,,,,,,,,,,,,,,,,,,,,,
링크제니시스,"반도체, 디스플레이, 자동화 S/W 및 시스템 테스트 자동화 솔루션 개발(XCOMPRO, XGEM, MAT)",,219420,대한민국,이전상장,주권,2018-02-05,,하나증권주식회사,소프트웨어 개발 및 공급업,100,"30,000","9,000,000","2,136,300",,,0.0,,, , ,,0% ,,,,,,,,,,,,,,,,,,,,,,,,
배럴,래쉬가드 및 워터스포츠 등,,267790,대한민국,신규상장,주권,2018-02-01,,하나증권주식회사,봉제의복 제조업,500,"9,500","16,245,000","7,215,846",,,0.0,,, , ,,0% ,,,,,,,,,,,,,,,,,,,,,,,,
SG,"아스콘, 레미콘",,255220,대한민국,신규상장,주권,2018-01-26,,대신증권(주),기타 비금속 광물제품 제조업,100,"6,000","18,795,180","12,506,024",,,0.0,,, , ,,0% ,,,,,,,,,,,,,,,,,,,,,,,,
씨앤지하이테크,"약액혼합공급장치, 화학약품재생장치",,264660,대한민국,신규상장,주권,2018-01-25,,신한투자증권 주식회사,특수 목적용 기계 제조업,500,"16,000","20,608,000","4,202,740",,,0.0,,, , ,,0% ,,,,,,,,,,,,,,,,,,,,,,,,
쿠쿠홈시스,"정수기, 공기청정기 등",,284740,대한민국,재상장,주권,2018-01-11,,한국투자증권(주),개인 및 가정용품 임대업,500,-,-,"4,487,466",,,0.0,,, , ,, ,,,,,,,,,,,,,,,,,,,,,,,,
SK케미칼,"PETG 수지, PET 수지, 바이오디젤, 백신",,285130,대한민국,재상장,주권,2018-01-05,,엔에이치투자증권(주),합성고무 및 플라스틱 물질 제조업,"5,000",-,-,"13,038,522",,,0.0,,, , ,, ,,,,,,,,,,,,,,,,,,,,,,,,
시스웍,"클린룸 제어시스템, BLDC모터, 공조장치 제어기 등",,269620,대한민국,신규상장,주권,2017-12-26,,하나증권주식회사,"측정, 시험, 항해, 제어 및 기타 정밀기기 제조업; 광학기기 제외",100,"2,800","12,511,920","18,000,000",,,0.0,,, , ,,0% ,,,,,,,,,,,,,,,,,,,,,,,,
탈모닷컴,탈모 샴푸 및 헤어케어 제품 등,,284610,대한민국,신규상장,주권,2017-12-22,,주식회사 아이엠증권,기타 화학제품 제조업,100,-,-,"18,366,500",,,0.0,,, , ,, ,,,,,,,,,,,,,,,,,,,,,,,,
한국제6호스팩,기업인수합병,,281410,대한민국,신규상장,주권,2017-12-21,,한국투자증권(주),금융 지원 서비스업,100,"2,000","8,000,000","4,510,000",,,0.0,,, , ,,0% ,,,,,,,,,,,,,,,,,,,,,,,,
라이프사이언스테크놀로지,생체신호모듈 및 패치형 체온 측정시스템 등,,285770,대한민국,신규상장,주권,2017-12-21,,주식회사 아이엠증권,소프트웨어 개발 및 공급업,500,-,-,"3,000,000",,,0.0,,, , ,, ,,,,,,,,,,,,,,,,,,,,,,,,
디바이스이엔지,OLED용 FM MASK 세정장비,,187870,대한민국,신규상장,주권,2017-12-20,,한국투자증권(주),특수 목적용 기계 제조업,500,"12,000","16,800,000","6,782,000",,,0.0,,, , ,,0% ,,,,,,,,,,,,,,,,,,,,,,,,
바이오시네틱스,"나노의약품 및 소재, 약물전달시스템(DDS)",,281310,대한민국,신규상장,주권,2017-12-15,,키움증권(주),자연과학 및 공학 연구개발업,500,-,-,"2,580,000",,,0.0,,, , ,, ,,,,,,,,,,,,,,,,,,,,,,,,
씨알푸드,"시리얼, 시리얼바",,236030,대한민국,신규상장,주권,2017-12-14,,엔에이치투자증권(주),"떡, 빵 및 과자류 제조업",500,-,-,"1,980,000",,,0.0,,, , ,, ,,,,,,,,,,,,,,,,,,,,,,,,
동부스팩5호,기업인수합병,,281740,대한민국,신규상장,주권,2017-12-12,,DB증권주식회사,금융 지원 서비스업,100,"2,000","8,000,000","4,840,000",,,0.0,,, , ,,0% ,,,,,,,,,,,,,,,,,,,,,,,,
휴럼,"건강기능식품, 유산균 관련 제품",,284420,대한민국,신규상장,주권,2017-12-12,,엔에이치투자증권(주),도시락 및 식사용 조리식품 제조업,500,-,-,"3,645,690",,,0.0,,, , ,, ,,,,,,,,,,,,,,,,,,,,,,,,
동양피스톤,자동차엔진용 피스톤,,092780,대한민국,신규상장,주권,2017-12-08,,"대신증권(주),IBK투자증권(주)",자동차용 엔진 및 자동차 제조업,500,"5,700","18,810,000","13,168,460",,,0.0,,, , ,,0% ,,,,,,,,,,,,,,,,,,,,,,,,
진에어,"여객, 화물 등 항공운송",,272450,대한민국,신규상장,주권,2017-12-08,,미래에셋증권 주식회사,항공 여객 운송업,"1,000","31,800","381,600,000","30,000,000",,,0.0,,, , ,,0% ,,,,,,,,,,,,,,,,,,,,,,,,
BGF리테일,체인화 편의점,,282330,대한민국,재상장,주권,2017-12-08,,대신증권(주),종합 소매업,"1,000",-,-,"17,283,906",,,0.0,,, , ,, ,,,,,,,,,,,,,,,,,,,,,,,,
씨티케이코스메틱스,완제 화장품 (색조 및 기초),,260930,대한민국,신규상장,주권,2017-12-07,,미래에셋증권 주식회사,기타 화학제품 제조업,500,"55,000","110,000,000","10,122,151",,,0.0,,, , ,,0% ,,,,,,,,,,,,,,,,,,,,,,,,
메카로,반도체용 전구체 및 히터블록,,241770,대한민국,신규상장,주권,2017-12-06,,한국투자증권(주),기타 화학제품 제조업,500,"33,000","66,000,000","9,834,640",,,0.0,,, , ,,0% ,,,,,,,,,,,,,,,,,,,,,,,,
에스트래픽,"교통관련 솔루션 개발, 시스템통합 S/W 개발",,234300,대한민국,신규상장,주권,2017-12-05,,미래에셋증권 주식회사,"컴퓨터 프로그래밍, 시스템 통합 및 관리업",500,"10,000","21,300,000","11,450,592",,,0.0,,, , ,,0% ,,,,,,,,,,,,,,,,,,,,,,,,
케이씨텍,"반도체, 디스플레이 제조 장비",,281820,대한민국,재상장,주권,2017-12-05,,엔에이치투자증권(주),"측정, 시험, 항해, 제어 및 기타 정밀기기 제조업; 광학기기 제외",500,-,-,"19,839,340",,,0.0,,, , ,, ,,,,,,,,,,,,,,,,,,,,,,,,
체리부로,"육계, 사료",,066360,대한민국,신규상장,주권,2017-12-04,,미래에셋증권 주식회사,"도축, 육류 가공 및 저장 처리업",500,"4,700","28,913,916","27,872,369",,,0.0,,, , ,,0% ,,,,,,,,,,,,,,,,,,,,,,,,
대원　　　　　　　,아파트 시행 및 시공,,007680,대한민국,신규상장,주권,2017-12-01,,신한투자증권 주식회사,건물 건설업,500,"15,000","30,000,000","11,050,000",,,0.0,,, , ,,0% ,,,,,,,,,,,,,,,,,,,,,,,,
비즈니스온,전자세금계산서 발행서비스(스마트빌),,138580,대한민국,신규상장,주권,2017-11-30,,KB증권(주),소프트웨어 개발 및 공급업,500,"9,000","17,082,000","9,544,940",,,0.0,,, , ,,0% ,,,,,,,,,,,,,,,,,,,,,,,,
삼양패키징,PET 용기 및 아셉틱 OEM,,272550,대한민국,신규상장,주권,2017-11-29,,한국투자증권(주),플라스틱제품 제조업,"5,000","26,000","119,481,700","14,209,804",,,0.0,,, , ,,0% ,,,,,,,,,,,,,,,,,,,,,,,,
동아타이어,타이어 및 튜브,,282690,대한민국,재상장,주권,2017-11-29,,엔에이치투자증권(주),고무제품 제조업,500,-,-,"13,733,015",,,0.0,,, , ,, ,,,,,,,,,,,,,,,,,,,,,,,,
한화에이스스팩4호,기업인수합병,,279410,대한민국,신규상장,주권,2017-11-27,,한화투자증권(주),금융 지원 서비스업,100,"2,000","6,300,000","3,495,000",,,0.0,,, , ,,0% ,,,,,,,,,,,,,,,,,,,,,,,,
스튜디오드래곤,"드라마 제작, 판매",,253450,대한민국,신규상장,주권,2017-11-24,,미래에셋증권 주식회사,"영화, 비디오물, 방송프로그램 제작 및 배급업",500,"35,000","210,000,000","28,037,240",,,0.0,,, , ,,0% ,,,,,,,,,,,,,,,,,,,,,,,,
IBKS제7호스팩,기업인수목적,,276920,대한민국,신규상장,주권,2017-11-10,,IBK투자증권(주),금융 지원 서비스업,100,"2,000","7,000,000","3,650,000",,,0.0,,, , ,,0% ,,,,,,,,,,,,,,,,,,,,,,,,
미디어젠,음성인식 소프트웨어 기술개발,,279600,대한민국,신규상장,주권,2017-11-10,,교보증권(주),소프트웨어 개발 및 공급업,500,-,-,"2,900,000",,,0.0,,, , ,, ,,,,,,,,,,,,,,,,,,,,,,,,
비디아이,"탈황설비, 전기집진기, 회처리 및 회정제설비",,148140,대한민국,이전상장,주권,2017-11-09,,신영증권(주),일반 목적용 기계 제조업,500,"10,000","13,500,000","5,280,500",,,0.0,,, , ,,0% ,,,,,,,,,,,,,,,,,,,,,,,,
티슈진,골관절염 치료제,,950160,미국,신규상장,주식예탁증권,2017-11-06,,엔에이치투자증권(주),기초 의약물질 제조업,0,"27,000","202,500,000","60,379,425",,,0.0,,, , ,,0% ,,,,,,,,,,,,,,,,,,,,,,,,
테이팩스,"OCA, 2차전지용 테이프, 산업용 랩 등",,055490,대한민국,신규상장,주권,2017-10-31,,"신한투자증권 주식회사,KB증권(주)",플라스틱제품 제조업,500,"23,000","38,180,000","4,717,650",,,0.0,,, , ,,0% ,,,,,,,,,,,,,,,,,,,,,,,,
에프엠에스,"차량용 AVN, 휴대폰 액세서리",,278990,대한민국,신규상장,주권,2017-10-31,,교보증권(주),전자부품 제조업,500,-,-,"3,410,536",,,0.0,,, , ,, ,,,,,,,,,,,,,,,,,,,,,,,,
티에스아이,2차전지 Mixing System,,277880,대한민국,신규상장,주권,2017-10-30,,한국투자증권(주),특수 목적용 기계 제조업,500,-,-,"5,319,590",,,0.0,,, , ,, ,,,,,,,,,,,,,,,,,,,,,,,,
롯데제과,"껌,캔디,초코,비스켓,빙과",,280360,대한민국,재상장,주권,2017-10-30,,엔에이치투자증권(주),도시락 및 식사용 조리식품 제조업,500,-,-,"4,209,102",,,0.0,,, , ,, ,,,,,,,,,,,,,,,,,,,,,,,,
탑선,태양광 모듈,,180060,대한민국,신규상장,주권,2017-10-27,,엔에이치투자증권(주),기타 전기장비 제조업,500,-,-,"8,006,666",,,0.0,,, , ,, ,,,,,,,,,,,,,,,,,,,,,,,,
영화테크,자동차 정션박스 등,,265560,대한민국,신규상장,주권,2017-10-26,,신한투자증권 주식회사,자동차 신품 부품 제조업,500,"12,500","8,800,000","5,345,090",,,0.0,,, , ,,0% ,,,,,,,,,,,,,,,,,,,,,,,,
세원,자동차 공조장치 부품,,234100,대한민국,이전상장,주권,2017-10-20,,현대차증권주식회사,자동차 신품 부품 제조업,500,"5,700","6,270,000","3,633,000",,,0.0,,, , ,,0% ,,,,,,,,,,,,,,,,,,,,,,,,
신한제4호스팩,기업 인수 합병,,277480,대한민국,신규상장,주권,2017-10-20,,신한투자증권 주식회사,금융 지원 서비스업,100,"2,000","10,000,000","6,010,000",,,0.0,,, , ,,0% ,,,,,,,,,,,,,,,,,,,,,,,,
상신전자,"노이즈필터(48.81%), 코일(19.33%), 리액터(10.75%)",,263810,대한민국,신규상장,주권,2017-10-16,,미래에셋증권 주식회사,전자부품 제조업,500,"13,300","9,310,000","3,921,000",,,0.0,,, , ,,0% ,,,,,,,,,,,,,,,,,,,,,,,,
야스,"OLED 증착기, OLED 증착원",,255440,대한민국,신규상장,주권,2017-09-29,,한국투자증권(주),특수 목적용 기계 제조업,500,"23,500","54,050,000","12,930,000",,,0.0,,, , ,,0% ,,,,,,,,,,,,,,,,,,,,,,,,
IBKS제8호스팩,기업인수합병,,277410,대한민국,신규상장,주권,2017-09-29,,IBK투자증권(주),금융 지원 서비스업,100,"2,000","4,000,000","2,210,000",,,0.0,,, , ,,0% ,,,,,,,,,,,,,,,,,,,,,,,,
에스엔피월드,"화장용 스펀지, 퍼프",,263920,대한민국,신규상장,주권,2017-09-28,,대신증권(주),그외 기타 제품 제조업,500,"5,100","10,200,000","7,876,580",,,0.0,,, , ,,0% ,,,,,,,,,,,,,,,,,,,,,,,,
유티아이,카메라 윈도우,,179900,대한민국,신규상장,주권,2017-09-27,,한국투자증권(주),전자부품 제조업,500,"25,000","22,400,000","5,332,145",,,0.0,,, , ,,0% ,,,,,,,,,,,,,,,,,,,,,,,,
신흥에스이씨,"2차전지용 안전 부품(Cap Assembly, CID)",,243840,대한민국,신규상장,주권,2017-09-27,,삼성증권(주),일차전지 및 이차전지 제조업,"2,500","16,000","33,600,000","6,551,683",,,0.0,,, , ,,0% ,,,,,,,,,,,,,,,,,,,,,,,,
선익시스템,OLED 증착장비,,171090,대한민국,신규상장,주권,2017-09-20,,대신증권(주),반도체 제조업,500,"37,000","55,500,000","6,000,000",,,0.0,,, , ,,0% ,,,,,,,,,,,,,,,,,,,,,,,,
엠플러스,이차전지 자동화 조립설비,,259630,대한민국,신규상장,주권,2017-09-20,,키움증권(주),특수 목적용 기계 제조업,500,"18,000","22,500,000","5,111,890",,,0.0,,, , ,,0% ,,,,,,,,,,,,,,,,,,,,,,,,
앱클론,항체의약품,,174900,대한민국,신규상장,주권,2017-09-18,,엔에이치투자증권(주),의료용품 및 기타 의약 관련제품 제조업,500,"10,000","6,807,410","6,800,000",,,0.0,,, , ,,0% ,,,,,,,,,,,,,,,,,,,,,,,,
샘코,도어시스템,,263540,대한민국,신규상장,주권,2017-09-15,,"한국투자증권(주),대신증권(주)","항공기,우주선 및 부품 제조업",500,"11,000","16,500,000","7,756,131",,,0.0,,, , ,,0% ,,,,,,,,,,,,,,,,,,,,,,,,
펄어비스,온라인 게임 개발 서비스(검은사막),,263750,대한민국,신규상장,주권,2017-09-14,,한국투자증권(주),소프트웨어 개발 및 공급업,500,"103,000","185,400,000","12,066,300",,,0.0,,, , ,,0% ,,,,,,,,,,,,,,,,,,,,,,,,
두원석재,"규석, 골재, 석재(조경석)",,270020,대한민국,신규상장,주권,2017-09-08,,SK증권(주),토사석 광업,500,-,-,"2,000,000",,,0.0,,, , ,, ,,,,,,,,,,,,,,,,,,,,,,,,
케이피에스,OLED 마스크 인장기,,256940,대한민국,이전상장,주권,2017-09-06,,키움증권(주),특수 목적용 기계 제조업,500,"14,000","15,109,752","4,270,000",,,0.0,,, , ,,0% ,,,,,,,,,,,,,,,,,,,,,,,,
시그넷이브이,전기차 충전기,,260870,대한민국,신규상장,주권,2017-08-30,,아이비케이투자증권(주),"전동기, 발전기 및 전기 변환 · 공급 · 제어 장치 제조업",500,-,-,"4,589,048",,,0.0,,, , ,, ,,,,,,,,,,,,,,,,,,,,,,,,
덕우전자,카메라 모듈 부품,,263600,대한민국,신규상장,주권,2017-08-28,,한국투자증권(주),전자부품 제조업,500,"15,500","38,750,000","8,110,066",,,0.0,,, , ,,0% ,,,,,,,,,,,,,,,,,,,,,,,,
명진홀딩스,"연어 가공 식품(필렛, HMR)",,267060,대한민국,신규상장,주권,2017-08-24,,해당없음,수산물 가공 및 저장 처리업,500,-,-,"1,342,930",,,0.0,,, , ,, ,,,,,,,,,,,,,,,,,,,,,,,,
이더블유케이,"지열발전설비(열수기화기, 응축기 등)",,258610,대한민국,신규상장,주권,2017-08-22,,신영증권(주),"구조용 금속제품, 탱크 및 증기발생기 제조업",500,"5,000","11,100,000","6,586,600",,,0.0,,, , ,,0% ,,,,,,,,,,,,,,,,,,,,,,,,
하나금융10호스팩,-,,270520,대한민국,신규상장,주권,2017-08-22,,하나증권주식회사,금융 지원 서비스업,100,"2,000","8,000,000","4,602,000",,,0.0,,, , ,,0% ,,,,,,,,,,,,,,,,,,,,,,,,
포인트엔지니어링,디스플레이 패널 및 반도체 생산장비부품,,176560,대한민국,신규상장,주권,2017-08-14,,엔에이치투자증권(주),기타 금속 가공제품 제조업,500,-,-,"2,400,000",,,0.0,,, , ,, ,,,,,,,,,,,,,,,,,,,,,,,,
알에스오토메이션,"모션제어기, 드라이브, 에너지제어장치",,140670,대한민국,신규상장,주권,2017-08-11,,미래에셋증권 주식회사,전자부품 제조업,500,"6,000","14,628,000","9,103,140",,,0.0,,, , ,,0% ,,,,,,,,,,,,,,,,,,,,,,,,
컬러레이,화장품용 진주광택안료,,900310,홍콩,신규상장,외국주권,2017-08-10,,신한투자증권 주식회사,회사 본부 및 경영 컨설팅 서비스업,무액면,"3,800","53,200,000","54,000,000",,,0.0,,, , ,,0% ,,,,,,,,,,,,,,,,,,,,,,,,
엔에이치스팩12호,기업인수합병,,273060,대한민국,신규상장,주권,2017-08-07,,엔에이치투자증권(주),금융 지원 서비스업,100,"2,000","13,000,000","7,510,000",,,0.0,,, , ,,0% ,,,,,,,,,,,,,,,,,,,,,,,,
모트렉스,차량용 인포테인먼트,,118990,대한민국,신규상장,주권,2017-08-04,,미래에셋증권 주식회사,자동차 신품 부품 제조업,500,"38,300","68,940,000","5,336,109",,,0.0,,, , ,,0% ,,,,,,,,,,,,,,,,,,,,,,,,
데이타솔루션,"EMC스토리지, SPSS, SI",,263800,대한민국,신규상장,주권,2017-08-03,,미래에셋증권 주식회사,"컴퓨터 프로그래밍, 시스템 통합 및 관리업",500,"3,300","15,180,000","15,358,580",,,0.0,,, , ,,0% ,,,,,,,,,,,,,,,,,,,,,,,,
지니언스,네트워크 접근 제어 솔루션(NAC),,263860,대한민국,신규상장,주권,2017-08-02,,하나증권주식회사,소프트웨어 개발 및 공급업,500,"13,500","11,205,000","4,854,900",,,0.0,,, , ,,0% ,,,,,,,,,,,,,,,,,,,,,,,,
디앤씨미디어,웹소설 콘텐츠,,263720,대한민국,신규상장,주권,2017-08-01,,키움증권(주),"서적, 잡지 및 기타 인쇄물 출판업",500,"20,000","20,140,000","4,034,223",,,0.0,,, , ,,0% ,,,,,,,,,,,,,,,,,,,,,,,,
셀트리온헬스케어,바이오의약품 마케팅 및 판매,,091990,대한민국,신규상장,주권,2017-07-28,,미래에셋증권 주식회사,기타 전문 도매업,"1,000","41,000","1,008,764,000","136,688,120",,,0.0,,, , ,,0% ,,,,,,,,,,,,,,,,,,,,,,,,
이즈미디어,카메라모듈테스터,,181340,대한민국,신규상장,주권,2017-07-26,,한국투자증권(주),"측정, 시험, 항해, 제어 및 기타 정밀기기 제조업; 광학기기 제외",500,"7,500","11,400,000","7,045,100",,,0.0,,, , ,,0% ,,,,,,,,,,,,,,,,,,,,,,,,
루켄테크놀러지스,반도체 및 디스플레이 검사장비 및 검사부품,,162120,대한민국,신규상장,주권,2017-07-25,,아이비케이투자증권(주),특수 목적용 기계 제조업,500,-,-,"1,600,000",,,0.0,,, , ,, ,,,,,,,,,,,,,,,,,,,,,,,,
에브리봇,물걸레 로봇 청소기,,270660,대한민국,신규상장,주권,2017-07-24,,엔에이치투자증권(주),가정용 기기 제조업,500,-,-,"1,123,380",,,0.0,,, , ,, ,,,,,,,,,,,,,,,,,,,,,,,,
한국제5호스팩,기업인수합병,,271740,대한민국,신규상장,주권,2017-07-24,,한국투자증권(주),금융 지원 서비스업,100,"2,000","7,000,000","4,000,000",,,0.0,,, , ,,0% ,,,,,,,,,,,,,,,,,,,,,,,,
힘스,"OLED Mask 인장기, OLED Mask 검사기 등",,238490,대한민국,신규상장,주권,2017-07-20,,"KB증권(주),SK증권(주)",특수 목적용 기계 제조업,500,"20,000","16,000,000","4,968,000",,,0.0,,, , ,,0% ,,,,,,,,,,,,,,,,,,,,,,,,
제일약품,의약품,,271980,대한민국,재상장,주권,2017-07-17,,엔에이치투자증권(주),의약품 제조업,500,-,-,"10,504,493",,,0.0,,, , ,, ,,,,,,,,,,,,,,,,,,,,,,,,
브이원텍,LCD/OLED 압흔검사기,,251630,대한민국,신규상장,주권,2017-07-13,,미래에셋증권 주식회사,특수 목적용 기계 제조업,500,"17,700","32,373,300","7,366,090",,,0.0,,, , ,,0% ,,,,,,,,,,,,,,,,,,,,,,,,
아우딘퓨쳐스,"기초화장품, 마스크팩 등",,227610,대한민국,신규상장,주권,2017-07-12,,하나증권주식회사,기타 화학제품 제조업,500,"26,000","26,000,000","5,925,190",,,0.0,,, , ,,0% ,,,,,,,,,,,,,,,,,,,,,,,,
카카오,인터넷 서비스(인터넷 광고),,035720,대한민국,이전상장,주권,2017-07-10,,엔에이치투자증권(주),"자료처리, 호스팅, 포털 및 기타 인터넷 정보매개 서비스업",500,-,-,"67,781,135",,,0.0,,, , ,, ,,,,,,,,,,,,,,,,,,,,,,,,
이녹스첨단소재,"FPCB소재, 반도체 및 디스플레이 소재",,272290,대한민국,재상장,주권,2017-07-10,,대신증권(주),전자부품 제조업,500,-,-,"8,611,899",,,0.0,,, , ,, ,,,,,,,,,,,,,,,,,,,,,,,,
알로이스,위성 및 IPTV용 셋톱박스,,271400,대한민국,신규상장,주권,2017-07-07,,아이비케이투자증권(주),통신 및 방송 장비 제조업,500,-,-,"990,000",,,0.0,,, , ,, ,,,,,,,,,,,,,,,,,,,,,,,,
오리온,스낵 등 과자류,,271560,대한민국,재상장,주권,2017-07-07,,삼성증권(주),도시락 및 식사용 조리식품 제조업,500,-,-,"39,533,501",,,0.0,,, , ,, ,,,,,,,,,,,,,,,,,,,,,,,,
제일홀딩스,지주사업,,003380,대한민국,신규상장,주권,2017-06-30,,"신한투자증권 주식회사,KB증권(주)",회사 본부 및 경영 컨설팅 서비스업,100,"20,700","421,886,700","70,718,000",,,0.0,,, , ,,0% ,,,,,,,,,,,,,,,,,,,,,,,,
극동자동화,"통신 및 보안시스템 구축, 선박엔진 유압장치(HPS)",,272420,대한민국,신규상장,주권,2017-06-28,,유진투자증권(주),전기 및 통신 공사업,500,-,-,"500,000",,,0.0,,, , ,, ,,,,,,,,,,,,,,,,,,,,,,,,
주노콜렉션,"핸드백, 지갑 등",,221670,대한민국,신규상장,주권,2017-06-27,,해당없음,"가죽, 가방 및 유사제품 제조업",500,-,-,"3,323,320",,,0.0,,, , ,, ,,,,,,,,,,,,,,,,,,,,,,,,
메디안디노스틱,동물질병 체외진단키트 및 진단용 시약,,233250,대한민국,신규상장,주권,2017-06-26,,유진투자증권(주),의료용품 및 기타 의약 관련제품 제조업,500,-,-,"1,746,534",,,0.0,,, , ,, ,,,,,,,,,,,,,,,,,,,,,,,,
하나금융9호스팩,기업 인수합병,,261200,대한민국,신규상장,주권,2017-06-26,,하나증권주식회사,금융 지원 서비스업,100,"2,000","8,000,000","4,260,000",,,0.0,,, , ,,0% ,,,,,,,,,,,,,,,,,,,,,,,,
교보7호스팩,기업인수 및 합병,,267320,대한민국,신규상장,주권,2017-06-22,,교보증권(주),금융 지원 서비스업,100,"2,000","7,580,000","4,020,000",,,0.0,,, , ,,0% ,,,,,,,,,,,,,,,,,,,,,,,,
다이오진,"분자진단서비스, 분자진단Kit",,271850,대한민국,신규상장,주권,2017-06-19,,해당없음,자연과학 및 공학 연구개발업,500,-,-,"600,000",,,0.0,,, , ,, ,,,,,,,,,,,,,,,,,,,,,,,,
에스알바이오텍,화장품 제조 및 유통,,270210,대한민국,신규상장,주권,2017-06-15,,대신증권(주),기타 화학제품 제조업,500,-,-,"462,776",,,0.0,,, , ,, ,,,,,,,,,,,,,,,,,,,,,,,,
뿌리깊은나무들,TV 드라마 등,,266170,대한민국,신규상장,주권,2017-06-09,,아이비케이투자증권(주),"영화, 비디오물, 방송프로그램 제작 및 배급업",500,-,-,"1,958,750",,,0.0,,, , ,, ,,,,,,,,,,,,,,,,,,,,,,,,
보라티알,"유가공품, 소스류, 파스타류",,250000,대한민국,신규상장,주권,2017-06-08,,대신증권(주),음·식료품 및 담배 도매업,500,"14,300","24,134,110","6,750,733",,,0.0,,, , ,,0% ,,,,,,,,,,,,,,,,,,,,,,,,
한화수성스팩,기업인수합병,,265920,대한민국,신규상장,주권,2017-06-08,,한화투자증권(주),금융 지원 서비스업,100,"2,000","8,000,000","4,440,000",,,0.0,,, , ,,0% ,,,,,,,,,,,,,,,,,,,,,,,,
매일유업,"유제품(우유, 분유, 발효유, 치즈, 음료 등)",,267980,대한민국,재상장,주권,2017-06-05,,대신증권(주),"곡물가공품, 전분 및 전분제품 제조업",500,-,-,"7,184,968",,,0.0,,, , ,, ,,,,,,,,,,,,,,,,,,,,,,,,
삼양옵틱스,디지털 카메라용 교환렌즈,,225190,대한민국,신규상장,주권,2017-06-02,,미래에셋증권 주식회사,사진장비 및 광학기기 제조업,500,"16,700","66,800,000","10,000,000",,,0.0,,, , ,,0% ,,,,,,,,,,,,,,,,,,,,,,,,
필옵틱스,레이저응용장비 및 노광기,,161580,대한민국,신규상장,주권,2017-06-01,,신한투자증권 주식회사,특수 목적용 기계 제조업,500,"48,000","55,680,000","5,775,200",,,0.0,,, , ,,0% ,,,,,,,,,,,,,,,,,,,,,,,,
IBKS제6호스팩,,,264850,대한민국,신규상장,주권,2017-06-01,,IBK투자증권(주),금융 지원 서비스업,100,"2,000","8,000,000","4,315,000",,,0.0,,, , ,,0% ,,,,,,,,,,,,,,,,,,,,,,,,
미래에셋대우스팩1호,기업인수합병,,265480,대한민국,신규상장,주권,2017-05-26,,미래에셋증권 주식회사,금융 지원 서비스업,100,"2,000","8,000,000","4,840,000",,,0.0,,, , ,,0% ,,,,,,,,,,,,,,,,,,,,,,,,
SGA임베디드,임베디드 소프트웨어 및 하드웨어,,224880,대한민국,신규상장,주권,2017-05-23,,(주)상상인증권,소프트웨어 개발 및 공급업,500,-,-,"3,859,500",,,0.0,,, , ,, ,,,,,,,,,,,,,,,,,,,,,,,,
미원에스씨,에너지경화수지,,268280,대한민국,재상장,주권,2017-05-22,,엔에이치투자증권(주),기초 화학물질 제조업,500,-,-,"5,179,111",,,0.0,,, , ,, ,,,,,,,,,,,,,,,,,,,,,,,,
넷마블게임즈,온라인·모바일 게임 소프트웨어 개발 및 공급,,251270,대한민국,신규상장,주권,2017-05-12,,"엔에이치투자증권(주),제이피모간증권회사 서울지점",소프트웨어 개발 및 공급업,100,"157,000","2,661,717,084","84,730,000",,,0.0,,, , ,,0% ,,,,,,,,,,,,,,,,,,,,,,,,
경동도시가스,도시가스,,267290,대한민국,재상장,주권,2017-05-12,,미래에셋증권 주식회사,연료용 가스 제조 및 배관공급업,"2,500",-,-,"3,145,536",,,0.0,,, , ,, ,,,,,,,,,,,,,,,,,,,,,,,,
아이엔지생명,생명보험상품,,079440,대한민국,신규상장,주권,2017-05-11,,"삼성증권(주),모간스탠리인터내셔날증권회사 서울지점",보험업,"1,000","33,000","1,105,500,000","82,000,000",,,0.0,,, , ,,0% ,,,,,,,,,,,,,,,,,,,,,,,,
현대로보틱스,"산업용 로봇, 클린용 로봇, 조선 기자재 등",,267250,대한민국,재상장,주권,2017-05-10,,엔에이치투자증권(주),회사 본부 및 경영 컨설팅 서비스업,"5,000",-,-,"12,040,421",,,0.0,,, , ,, ,,,,,,,,,,,,,,,,,,,,,,,,
현대일렉트릭,"변압기, 고압차단기, 회전기, 배전반 등",,267260,대한민국,재상장,주권,2017-05-10,,엔에이치투자증권(주),"전동기, 발전기 및 전기 변환 · 공급 · 제어 장치 제조업","5,000",-,-,"3,710,107",,,0.0,,, , ,, ,,,,,,,,,,,,,,,,,,,,,,,,
현대건설기계,"굴삭기, 지게차, 휠로더 등",,267270,대한민국,재상장,주권,2017-05-10,,엔에이치투자증권(주),일반 목적용 기계 제조업,"5,000",-,-,"3,584,046",,,0.0,,, , ,, ,,,,,,,,,,,,,,,,,,,,,,,,
에스와이제이,"맨투맨 티셔츠, 아우터, 기타 그 외 의류",,251540,대한민국,신규상장,주권,2017-05-02,,아이비케이투자증권(주),봉제의복 제조업,500,-,-,"3,454,600",,,0.0,,, , ,, ,,,,,,,,,,,,,,,,,,,,,,,,
엔에이치스팩10호,기업인수합병,,256630,대한민국,신규상장,주권,2017-05-02,,엔에이치투자증권(주),금융 지원 서비스업,100,"2,000","13,000,000","7,000,000",,,0.0,,, , ,,0% ,,,,,,,,,,,,,,,,,,,,,,,,
한화에이스스팩3호,기업인수합병,,264290,대한민국,신규상장,주권,2017-05-02,,한화투자증권(주),금융 지원 서비스업,100,"2,000","5,500,000","3,080,000",,,0.0,,, , ,,0% ,,,,,,,,,,,,,,,,,,,,,,,,
하나머티리얼즈,"실리콘부품, 세라믹부품, 특수가스",,166090,대한민국,신규상장,주권,2017-04-28,,"대신증권(주),엔에이치투자증권(주)",반도체 제조업,500,"12,000","23,280,000","9,459,737",,,0.0,,, , ,,0% ,,,,,,,,,,,,,,,,,,,,,,,,
앙츠,기술서비스,,267810,대한민국,신규상장,주권,2017-04-28,,해당없음,컴퓨터 및 통신장비 수리업,"5,000",-,-,"154,700",,,0.0,,, , ,, ,,,,,,,,,,,,,,,,,,,,,,,,
와이엠티,"PCB, 반도체 및 디스플레이 제조용 화학소재 등",,251370,대한민국,신규상장,주권,2017-04-27,,하나증권주식회사,기초 화학물질 제조업,500,"21,000","11,815,167","3,602,600",,,0.0,,, , ,,0% ,,,,,,,,,,,,,,,,,,,,,,,,
케이비제11호스팩,기업인수 및 합병,,258790,대한민국,신규상장,주권,2017-04-27,,KB증권(주),금융 지원 서비스업,100,"2,000","6,000,000","3,210,000",,,0.0,,, , ,,0% ,,,,,,,,,,,,,,,,,,,,,,,,
엠앤씨생명과학,"무합성화장품, 건강기능식품",,225860,대한민국,신규상장,주권,2017-04-25,,아이비케이투자증권(주),기타 화학제품 제조업,100,-,-,"8,258,099",,,0.0,,, , ,, ,,,,,,,,,,,,,,,,,,,,,,,,
플렉스파워에이더블유에스,플렉스파워 리커버리크림,,266870,대한민국,신규상장,주권,2017-04-24,,해당없음,생활용품 도매업,500,-,-,"5,425,070",,,0.0,,, , ,, ,,,,,,,,,,,,,,,,,,,,,,,,
크라운제과,"비스킷, 스낵, 당과",,264900,대한민국,재상장,주권,2017-04-11,,미래에셋증권 주식회사,도시락 및 식사용 조리식품 제조업,200,-,-,"13,297,410",,,0.0,,, , ,, ,,,,,,,,,,,,,,,,,,,,,,,,
AP시스템,디스플레이 제조 장비,,265520,대한민국,재상장,주권,2017-04-07,,대신증권(주),특수 목적용 기계 제조업,500,-,-,"13,679,033",,,0.0,,, , ,, ,,,,,,,,,,,,,,,,,,,,,,,,
이엘피,OLED 패널검사기 등,,063760,대한민국,이전상장,주권,2017-04-06,,엔에이치투자증권(주),"측정, 시험, 항해, 제어 및 기타 정밀기기 제조업; 광학기기 제외",500,"20,000","16,000,000","4,839,500",,,0.0,,, , ,,0% ,,,,,,,,,,,,,,,,,,,,,,,,
신영스팩3호,기업인수,,263770,대한민국,신규상장,주권,2017-04-06,,신영증권(주),금융 지원 서비스업,100,"2,000","5,000,000","2,605,000",,,0.0,,, , ,,0% ,,,,,,,,,,,,,,,,,,,,,,,,
유비쿼스,"스위치, FTTH",,264450,대한민국,재상장,주권,2017-03-31,,미래에셋증권(주),통신 및 방송 장비 제조업,500,-,-,"5,123,955",,,0.0,,, , ,, ,,,,,,,,,,,,,,,,,,,,,,,,
서진시스템,"통신장비부품,휴대폰부품(메탈케이스 등)",,178320,대한민국,신규상장,주권,2017-03-27,,엔에이치투자증권(주),통신 및 방송 장비 제조업,500,"25,000","35,750,000","5,642,185",,,0.0,,, , ,,0% ,,,,,,,,,,,,,,,,,,,,,,,,
코미코,반도체 부품 세정 및 코팅,,183300,대한민국,신규상장,주권,2017-03-23,,엔에이치투자증권(주),특수 목적용 기계 제조업,500,"13,000","32,500,000","8,075,000",,,0.0,,, , ,,0% ,,,,,,,,,,,,,,,,,,,,,,,,
아스타,MALDI-TOF 질량분석기 기반 진단시스템,,246720,대한민국,신규상장,주권,2017-03-20,,키움증권(주),의료용품 및 기타 의약 관련제품 제조업,500,"8,000","14,000,000","9,402,523",,,0.0,,, , ,,0% ,,,,,,,,,,,,,,,,,,,,,,,,
덴티움,치과용 기기 제조업,,145720,대한민국,신규상장,주권,2017-03-15,,엔에이치투자증권(주),의료용 기기 제조업,500,"32,000","81,466,592","11,068,830",,,0.0,,, , ,,0% ,,,,,,,,,,,,,,,,,,,,,,,,
대신밸런스제4호스팩,기업인수 및 합병,,262830,대한민국,신규상장,주권,2017-03-03,,대신증권(주),금융 지원 서비스업,100,"2,000","9,000,000","5,010,000",,,0.0,,, , ,,0% ,,,,,,,,,,,,,,,,,,,,,,,,
에스디생명공학,"마스크팩, 기초화장품",,217480,대한민국,신규상장,주권,2017-03-02,,"신한투자증권 주식회사,한국투자증권(주)",기타 화학제품 제조업,500,"12,000","57,600,000","22,064,400",,,0.0,,, , ,,0% ,,,,,,,,,,,,,,,,,,,,,,,,
신신제약,파스류 (신신파스 아렉스 등),,002800,대한민국,신규상장,주권,2017-02-28,,케이비투자증권(주),의약품 제조업,500,"4,500","14,625,000","15,170,500",,,0.0,,, , ,,0% ,,,,,,,,,,,,,,,,,,,,,,,,
에프엔에스테크,"OLED, LCD 제조 공정 장비",,083500,대한민국,신규상장,주권,2017-02-27,,한국투자증권(주),특수 목적용 기계 제조업,500,"14,000","14,000,000","5,851,101",,,0.0,,, , ,,0% ,,,,,,,,,,,,,,,,,,,,,,,,
모바일어플라이언스,"블랙박스, 내비게이션, HUD, ADAS",,087260,대한민국,신규상장,주권,2017-02-24,,엔에이치투자증권(주),소프트웨어 개발 및 공급업,500,"3,500","13,181,998","15,000,000",,,0.0,,, , ,,0% ,,,,,,,,,,,,,,,,,,,,,,,,
피씨엘,"다중 체외진단 제품, 플랫폼서비스",,241820,대한민국,신규상장,주권,2017-02-23,,한국투자증권(주),의료용품 및 기타 의약 관련제품 제조업,500,"8,000","12,000,000","8,921,164",,,0.0,,, , ,,0% ,,,,,,,,,,,,,,,,,,,,,,,,
신한제3호스팩,기업인수합병,,257730,대한민국,신규상장,주권,2017-02-23,,신한투자증권 주식회사,금융 지원 서비스업,100,"2,000","6,000,000","3,505,000",,,0.0,,, , ,,0% ,,,,,,,,,,,,,,,,,,,,,,,,
호전실업,스포츠웨어 및 아웃도어 웨어 OEM,,111110,대한민국,신규상장,주권,2017-02-02,,엔에이치투자증권(주),봉제의복 제조업,500,"25,000","41,616,750","8,000,000",,,0.0,,, , ,,0% ,,,,,,,,,,,,,,,,,,,,,,,,
서플러스글로벌,"반도체 제조용 장비, 유휴기계설비 도소매",,140070,대한민국,신규상장,주권,2017-01-25,,한국투자증권(주),기계장비 및 관련 물품 도매업,100,"8,000","35,200,000","18,494,000",,,0.0,,, , ,,0% ,,,,,,,,,,,,,,,,,,,,,,,,
유바이오로직스,"경구용 콜레라 백신, 바이오의약품 수탁 연구 및 제조",,206650,대한민국,신규상장,주권,2017-01-24,,한국투자증권(주),자연과학 및 공학 연구개발업,500,"6,000","19,200,000","24,231,986",,,0.0,,, , ,,0% ,,,,,,,,,,,,,,,,,,,,,,,,
비디아이,"회처리, 회정제설비, 석탄,석회석 이송설비",,148140,대한민국,신규상장,주권,2017-01-16,,신영증권(주),특수 목적용 기계 제조업,500,-,-,"4,160,000",,,0.0,,, , ,, ,,,,,,,,,,,,,,,,,,,,,,,,
케미메디,"천연물·합성 신약개발 및 건강식품 제조·판매 (모가득 어성초, 스피루리나 등)",,205290,대한민국,신규상장,주권,2017-01-13,,한화투자증권(주),자연과학 및 공학 연구개발업,500,-,-,"7,503,162",,,0.0,,, , ,, ,,,,,,,,,,,,,,,,,,,,,,,,
에스앤디,그릴치킨농축액 외,,260970,대한민국,신규상장,주권,2016-12-29,,유진투자증권(주),도시락 및 식사용 조리식품 제조업,"5,000",-,-,"303,642",,,0.0,,, , ,, ,,,,,,,,,,,,,,,,,,,,,,,,
오백볼트,"일반경영, 전략기획 자문 (엑셀러레이터, M&A)",,227420,대한민국,신규상장,주권,2016-12-28,,하나증권(주),회사 본부 및 경영 컨설팅 서비스업,500,-,-,"7,113,628",,,0.0,,, , ,, ,,,,,,,,,,,,,,,,,,,,,,,,
엔에이치스팩11호,기업인수합병,,256840,대한민국,신규상장,주권,2016-12-28,,엔에이치투자증권(주),금융 지원 서비스업,100,"2,000","13,000,000","6,830,000",,,0.0,,, , ,,0% ,,,,,,,,,,,,,,,,,,,,,,,,
전우정밀,차량 도어부품 등,,120780,대한민국,신규상장,주권,2016-12-23,,유안타증권(주),자동차 신품 부품 제조업,500,-,-,"3,100,000",,,0.0,,, , ,, ,,,,,,,,,,,,,,,,,,,,,,,,
캐로스,"눈꽃빙수기, 온풍기, 정수기",,260490,대한민국,신규상장,주권,2016-12-23,,해당없음,일반 목적용 기계 제조업,500,-,-,"1,636,000",,,0.0,,, , ,, ,,,,,,,,,,,,,,,,,,,,,,,,
피엔아이시스템,"3D 애니메이션, 3D VR 시뮬레이터 및 콘텐츠",,242350,대한민국,신규상장,주권,2016-12-22,,해당없음,"영화, 비디오물, 방송프로그램 제작 및 배급업",500,-,-,"3,791,320",,,0.0,,, , ,, ,,,,,,,,,,,,,,,,,,,,,,,,
퓨전데이타,가상화솔루션 등,,195440,대한민국,신규상장,주권,2016-12-21,,한국투자증권(주),소프트웨어 개발 및 공급업,500,"11,500","11,500,000","3,030,000",,,0.0,,, , ,,0% ,,,,,,,,,,,,,,,,,,,,,,,,
케이피에스,"OLED 메탈 마스크 인장기, 정밀 Stage 등",,256940,대한민국,신규상장,주권,2016-12-21,,키움증권(주),특수 목적용 기계 제조업,500,-,-,"2,307,692",,,0.0,,, , ,, ,,,,,,,,,,,,,,,,,,,,,,,,
오파스넷,네크워크 통합 장비 및 솔루션,,173130,대한민국,신규상장,주권,2016-12-20,,교보증권(주),"컴퓨터 프로그래밍, 시스템 통합 및 관리업",500,-,-,"2,790,000",,,0.0,,, , ,, ,,,,,,,,,,,,,,,,,,,,,,,,
패션플랫폼,"여성의류(레노마레이디, 보니스팍스)",,256090,대한민국,신규상장,주권,2016-12-20,,신영증권(주),봉제의복 제조업,500,-,-,"4,346,000",,,0.0,,, , ,, ,,,,,,,,,,,,,,,,,,,,,,,,
DSC인베스트먼트,투자조합 결성 및 투자,,241520,대한민국,신규상장,주권,2016-12-19,,키움증권(주),신탁업 및 집합투자업,500,"1,700","7,427,184","17,500,000",,,0.0,,, , ,,0% ,,,,,,,,,,,,,,,,,,,,,,,,
티에스인베스트먼트,투자조합 결성 및 투자,,246690,대한민국,신규상장,주권,2016-12-15,,한국투자증권(주),신탁업 및 집합투자업,500,"1,300","7,410,000","22,421,004",,,0.0,,, , ,,0% ,,,,,,,,,,,,,,,,,,,,,,,,
피시피아비아이티,"C-Manager, LabBio+, S-Keeper",,258250,대한민국,신규상장,주권,2016-12-13,,해당없음,소프트웨어 개발 및 공급업,500,-,-,"3,600,000",,,0.0,,, , ,, ,,,,,,,,,,,,,,,,,,,,,,,,
마이크로프랜드,반도체 검사용 프로브카드,,147760,대한민국,신규상장,주권,2016-12-12,,키움증권(주),"측정, 시험, 항해, 제어 및 기타 정밀기기 제조업; 광학기기 제외",500,"7,300","21,900,000","10,641,366",,,0.0,,, , ,,0% ,,,,,,,,,,,,,,,,,,,,,,,,
현성바이탈,"건강식품, 수소수기 등",,204990,대한민국,이전상장,주권,2016-12-09,,엔에이치투자증권(주),도시락 및 식사용 조리식품 제조업,500,"7,000","19,600,000","21,740,000",,,0.0,,, , ,,0% ,,,,,,,,,,,,,,,,,,,,,,,,
바이오프로테크,심전도 측정용 전극 등,,199290,대한민국,신규상장,주권,2016-12-08,,한화투자증권(주),의료용 기기 제조업,500,-,-,"2,476,134",,,0.0,,, , ,, ,,,,,,,,,,,,,,,,,,,,,,,,
애니젠,펩타이드 바이오소재 및 아미노산 펩타이드 신약,,196300,대한민국,신규상장,주권,2016-12-07,,키움증권(주),기초 의약물질 제조업,500,"18,000","12,600,000","4,734,831",,,0.0,,, , ,,0% ,,,,,,,,,,,,,,,,,,,,,,,,
유니온커뮤니티,지문인식출입통제기,,203450,대한민국,이전상장,주권,2016-12-07,,미래에셋증권(주),통신 및 방송 장비 제조업,500,"5,000","14,550,000","14,679,007",,,0.0,,, , ,,0% ,,,,,,,,,,,,,,,,,,,,,,,,
신라젠,펙사벡(바이러스 항암면역치료제),,215600,대한민국,신규상장,주권,2016-12-06,,"엔에이치투자증권(주),하나증권주식회사,DB증권주식회사",자연과학 및 공학 연구개발업,500,"15,000","150,000,000","61,616,527",,,0.0,,, , ,,0% ,,,,,,,,,,,,,,,,,,,,,,,,
핸즈코퍼레이션,자동차 알루미늄 휠,,143210,대한민국,신규상장,주권,2016-12-02,,케이비투자증권(주),자동차 신품 부품 제조업,500,"12,000","65,784,000","21,646,800",,,0.0,,, , ,,0% ,,,,,,,,,,,,,,,,,,,,,,,,
IBKS제5호스팩,기업인수합병,,254120,대한민국,신규상장,주권,2016-12-02,,IBK투자증권(주),금융 지원 서비스업,100,"2,000","8,000,000","4,500,000",,,0.0,,, , ,,0% ,,,,,,,,,,,,,,,,,,,,,,,,
퓨쳐켐,"PET 방사성의약품, 자동합성장치, 합성시약 및 전구체",,220100,대한민국,이전상장,주권,2016-12-01,,엔에이치투자증권(주),의약품 제조업,500,"15,000","21,000,000","5,622,139",,,0.0,,, , ,,0% ,,,,,,,,,,,,,,,,,,,,,,,,
오션브릿지,"반도체 케미칼(HCDS, Ticl4 외), 반도체 장비",,241790,대한민국,신규상장,주권,2016-12-01,,대신증권(주),기타 화학제품 제조업,500,"6,600","14,949,000","8,622,720",,,0.0,,, , ,,0% ,,,,,,,,,,,,,,,,,,,,,,,,
뉴파워프라즈마,플라즈마 세정기(Remote Plasma Cleaning Generator),,144960,대한민국,신규상장,주권,2016-11-30,,키움증권(주),특수 목적용 기계 제조업,500,"17,500","29,750,000","7,903,379",,,0.0,,, , ,,0% ,,,,,,,,,,,,,,,,,,,,,,,,
엘앤케이바이오,척추 임플란트,,156100,대한민국,이전상장,주권,2016-11-30,,엔에이치투자증권(주),의료용 기기 제조업,500,"15,000","15,345,000","9,926,362",,,0.0,,, , ,,0% ,,,,,,,,,,,,,,,,,,,,,,,,
시큐센,"모바일보안 및 보안 SI서비스, 생체인식기반의 바이오인증",,232830,대한민국,신규상장,주권,2016-11-29,,신한투자증권(주),소프트웨어 개발 및 공급업,500,-,-,"1,280,000",,,0.0,,, , ,, ,,,,,,,,,,,,,,,,,,,,,,,,
스템랩,전자의료기기 등,,258540,대한민국,신규상장,주권,2016-11-29,,해당없음,자연과학 및 공학 연구개발업,500,-,-,"1,366,050",,,0.0,,, , ,, ,,,,,,,,,,,,,,,,,,,,,,,,
나무기술,"소프트웨어 개발,공급",,167380,대한민국,신규상장,주권,2016-11-28,,교보증권(주),소프트웨어 개발 및 공급업,500,-,-,"2,312,300",,,0.0,,, , ,, ,,,,,,,,,,,,,,,,,,,,,,,,
에이치엔티,휴대폰 카메라 모듈,,176440,대한민국,신규상장,주권,2016-11-28,,키움증권(주),전자부품 제조업,500,"10,000","13,500,000","6,701,100",,,0.0,,, , ,,0% ,,,,,,,,,,,,,,,,,,,,,,,,
핸디소프트,"EKP, BPM, 네트워크장비",,220180,대한민국,이전상장,주권,2016-11-24,,케이비투자증권(주),소프트웨어 개발 및 공급업,500,"5,600","10,640,000","7,459,009",,,0.0,,, , ,,0% ,,,,,,,,,,,,,,,,,,,,,,,,
두산밥캣,"Compact Equipment, Heavy Equipment, Portable Power",,241560,대한민국,신규상장,주권,2016-11-18,,"한국투자증권(주),CS증권 서울지점,홍콩상하이증권 서울지점,제이피모간증권회사 서울지점,한화투자증권(주),신영증권(주)",회사 본부 및 경영 컨설팅 서비스업,500,"30,000","900,845,400","100,249,166",,,0.0,,, , ,,0% ,,,,,,,,,,,,,,,,,,,,,,,,
비플라이소프트,"아이서퍼, e-NIE, 파오인 등",,148780,대한민국,신규상장,주권,2016-11-16,,아이비케이투자증권(주),소프트웨어 개발 및 공급업,500,-,-,"949,144",,,0.0,,, , ,, ,,,,,,,,,,,,,,,,,,,,,,,,
SK3호스팩,기업인수합병,,232330,대한민국,신규상장,주권,2016-11-16,,SK증권(주),금융 지원 서비스업,100,"2,000","6,600,000","3,600,000",,,0.0,,, , ,,0% ,,,,,,,,,,,,,,,,,,,,,,,,
수젠텍,체외진단용 제품,,253840,대한민국,신규상장,주권,2016-11-11,,한국투자증권(주),의료용품 및 기타 의약 관련제품 제조업,500,-,-,"2,098,729",,,0.0,,, , ,, ,,,,,,,,,,,,,,,,,,,,,,,,
삼성바이오로직스,바이오의약품,,207940,대한민국,신규상장,주권,2016-11-10,,"한국투자증권(주),씨티그룹글로벌마켓증권(주)",기초 의약물질 제조업,"2,500","136,000","2,249,617,072","66,165,000",,,0.0,,, , ,,0% ,,,,,,,,,,,,,,,,,,,,,,,,
클리오,"색조화장품, 기초화장품",,237880,대한민국,신규상장,주권,2016-11-09,,엔에이치투자증권(주),기타 화학제품 제조업,500,"41,000","184,401,600","16,873,215",,,0.0,,, , ,,0% ,,,,,,,,,,,,,,,,,,,,,,,,
오가닉티코스메틱,"유아용 화장품(클렌징, 여름용, 피부케어, 기능성 화장품)",,900300,홍콩,신규상장,외국주권,2016-11-04,,유진투자증권(주),회사 본부 및 경영 컨설팅 서비스업,무액면,"4,000","57,200,000","56,925,000",,,0.0,,, , ,,0% ,,,,,,,,,,,,,,,,,,,,,,,,
로고스바이오,"자동세포카운팅시스템, 생체조직투명화시스템, 디지털세포이미징시스템",,238120,대한민국,신규상장,주권,2016-11-03,,신한투자증권 주식회사,사진장비 및 광학기기 제조업,500,"25,500","18,056,448","3,561,724",,,0.0,,, , ,,0% ,,,,,,,,,,,,,,,,,,,,,,,,
IBKS지엠비스팩,기업인수 및 합병,,252500,대한민국,신규상장,주권,2016-11-02,,IBK투자증권(주),금융 지원 서비스업,100,"2,000","10,000,000","5,315,000",,,0.0,,, , ,,0% ,,,,,,,,,,,,,,,,,,,,,,,,
인크로스,미디어렙서비스,,216050,대한민국,신규상장,주권,2016-10-31,,신한투자증권 주식회사,광고업,500,"43,000","20,274,500","2,939,035",,,0.0,,, , ,,0% ,,,,,,,,,,,,,,,,,,,,,,,,
굿센,"건설ERP, 공공클라우드",,243870,대한민국,신규상장,주권,2016-10-31,,하나증권(주),"컴퓨터 프로그래밍, 시스템 통합 및 관리업",500,-,-,"1,345,951",,,0.0,,, , ,, ,,,,,,,,,,,,,,,,,,,,,,,,
에이치엘사이언스,건강기능식품 등,,239610,대한민국,신규상장,주권,2016-10-28,,"미래에셋증권 주식회사,케이비투자증권(주)",도시락 및 식사용 조리식품 제조업,500,"27,000","40,800,375","5,142,148",,,0.0,,, , ,,0% ,,,,,,,,,,,,,,,,,,,,,,,,
코스메카코리아,"화장품 OEM, ODM",,241710,대한민국,신규상장,주권,2016-10-28,,삼성증권(주),기타 화학제품 제조업,500,"54,000","72,360,000","5,340,000",,,0.0,,, , ,,0% ,,,,,,,,,,,,,,,,,,,,,,,,
JW생명과학,"기초수액, TPN, 특수수액, HEMO, 영양수액 등",,234080,대한민국,신규상장,주권,2016-10-27,,케이비투자증권(주),의약품 제조업,"5,000","30,000","72,000,000","7,917,277",,,0.0,,, , ,,0% ,,,,,,,,,,,,,,,,,,,,,,,,
안지오랩,신약개발 및 체지방 감소 건강기능식품,,251280,대한민국,신규상장,주권,2016-10-25,,대신증권(주),자연과학 및 공학 연구개발업,500,-,-,"1,805,914",,,0.0,,, , ,, ,,,,,,,,,,,,,,,,,,,,,,,,
GRT,"광학필름, 포장필름",,900290,홍콩,신규상장,외국주권,2016-10-25,,엔에이치투자증권(주),회사 본부 및 경영 컨설팅 서비스업,무액면,"5,000","86,875,000","67,375,000",,,0.0,,, , ,,0% ,,,,,,,,,,,,,,,,,,,,,,,,
골든센츄리,트랙터용 휠 및 타이어,,900280,케이맨 제도,신규상장,외국주권,2016-10-19,,유안타증권(주),회사 본부 및 경영 컨설팅 서비스업,0.2,"3,500","27,666,664","29,800,000",,,0.0,,, , ,,0% ,,,,,,,,,,,,,,,,,,,,,,,,
인텔리안테크,"해상용 위성통신 안테나, 해상용 위성방송 수신안테나",,189300,대한민국,신규상장,주권,2016-10-18,,한국투자증권(주),통신 및 방송 장비 제조업,500,"19,000","27,550,000","7,165,110",,,0.0,,, , ,,0% ,,,,,,,,,,,,,,,,,,,,,,,,
에이치시티,기술검사서비스,,072990,대한민국,신규상장,주권,2016-10-17,,미래에셋증권 주식회사,기타 과학기술 서비스업,500,"17,000","19,319,820","4,579,934",,,0.0,,, , ,,0% ,,,,,,,,,,,,,,,,,,,,,,,,
잉글우드랩,기초화장품(화장품 제조),,950140,미국,신규상장,주식예탁증권,2016-10-14,,하나증권주식회사,회사 본부 및 경영 컨설팅 서비스업,0.25,"6,000","25,200,000","17,366,154",,,0.0,,, , ,,0% ,,,,,,,,,,,,,,,,,,,,,,,,
앤디포스,"TSP용 양면 테이프, 윈도우 필름",,238090,대한민국,신규상장,주권,2016-10-12,,미래에셋증권 주식회사,플라스틱제품 제조업,500,"14,500","60,900,000","15,068,965",,,0.0,,, , ,,0% ,,,,,,,,,,,,,,,,,,,,,,,,
수산아이앤티,"공유단말접속관리서비스, 보안솔루션 등",,050960,대한민국,신규상장,주권,2016-10-11,,삼성증권(주),소프트웨어 개발 및 공급업,500,"11,500","19,550,000","6,751,000",,,0.0,,, , ,,0% ,,,,,,,,,,,,,,,,,,,,,,,,
미투온,소셜 카지노 게임,,201490,대한민국,신규상장,주권,2016-10-10,,미래에셋증권(주),소프트웨어 개발 및 공급업,500,"3,800","27,210,690","29,961,122",,,0.0,,, , ,,0% ,,,,,,,,,,,,,,,,,,,,,,,,
화승엔터프라이즈,,,241590,대한민국,신규상장,주권,2016-10-04,,한국투자증권(주),회사 본부 및 경영 컨설팅 서비스업,500,"15,000","117,600,000","26,929,479",,,0.0,,, , ,,0% ,,,,,,,,,,,,,,,,,,,,,,,,
에스엠로보틱스,스크린승마시뮬레이터,,252940,대한민국,신규상장,주권,2016-09-30,,KB증권(주),"인형,장난감 및 오락용품 제조업",500,-,-,"2,075,000",,,0.0,,, , ,, ,,,,,,,,,,,,,,,,,,,,,,,,
케이비제10호스팩,기업인수합병,,250930,대한민국,신규상장,주권,2016-09-29,,케이비투자증권(주),금융 지원 서비스업,100,"2,000","10,000,000","5,210,000",,,0.0,,, , ,,0% ,,,,,,,,,,,,,,,,,,,,,,,,
유쎌,바이오셀룰로오스 마스크팩,,252370,대한민국,신규상장,주권,2016-09-29,,해당없음,기타 화학제품 제조업,500,-,-,"1,200,000",,,0.0,,, , ,, ,,,,,,,,,,,,,,,,,,,,,,,,
모두투어리츠,"호텔 부동산 취득, 관리, 개량 및 처분",,204210,대한민국,신규상장,부동산투자회사,2016-09-22,,교보증권(주),부동산 임대 및 공급업,"5,000","6,000","14,100,000","7,826,815",,,0.0,,, , ,,0% ,,,,,,,,,,,,,,,,,,,,,,,,
엘에스전선 아시아,,,229640,대한민국,신규상장,주권,2016-09-22,,"한국투자증권(주),하나증권주식회사",회사 본부 및 경영 컨설팅 서비스업,500,"8,000","80,960,904","30,624,879",,,0.0,,, , ,,0% ,,,,,,,,,,,,,,,,,,,,,,,,
유니테크노,자동차 엔진파워트레인/모터 부품 제조 및 조립,,241690,대한민국,신규상장,주권,2016-09-20,,한국투자증권(주),자동차 신품 부품 제조업,500,"10,300","15,450,000","5,963,760",,,0.0,,, , ,,0% ,,,,,,,,,,,,,,,,,,,,,,,,
하나금융8호스팩,기업인수합병,,250060,대한민국,신규상장,주권,2016-09-08,,하나증권주식회사,금융 지원 서비스업,100,"2,000","12,000,000","6,402,000",,,0.0,,, , ,,0% ,,,,,,,,,,,,,,,,,,,,,,,,
엠에프엠코리아,"남녀 및 유아용의 외의, 내의 및 기타 의복",,251960,대한민국,신규상장,주권,2016-09-08,,한화투자증권(주),편조의복 제조업,"5,000",-,-,"600,000",,,0.0,,, , ,, ,,,,,,,,,,,,,,,,,,,,,,,,
교보비엔케이스팩,기업인수합병,,242040,대한민국,신규상장,주권,2016-09-07,,"교보증권(주),(주)비엔케이투자증권",금융 지원 서비스업,100,"2,000","12,000,000","7,110,000",,,0.0,,, , ,,0% ,,,,,,,,,,,,,,,,,,,,,,,,
자이글,적외선 가열 조리기,,234920,대한민국,신규상장,주권,2016-09-06,,"케이비투자증권(주),하나증권주식회사",가정용 기기 제조업,500,"11,000","49,280,000","13,530,910",,,0.0,,, , ,,0% ,,,,,,,,,,,,,,,,,,,,,,,,
일동제약,"아로나민, 후루마린, 큐란, 라비에트, 사미온 등",,249420,대한민국,재상장,주권,2016-08-31,,엔에이치투자증권(주),의약품 제조업,"1,000",-,-,"17,845,253",,,0.0,,, , ,, ,,,,,,,,,,,,,,,,,,,,,,,,
헝셩그룹,자회사 제품 : 아동용 완구 및 아동복 등,,900270,홍콩,신규상장,외국주권,2016-08-18,,신한투자증권 주식회사,회사 본부 및 경영 컨설팅 서비스업,무액면,"3,600","72,000,000","80,000,000",,,0.0,,, , ,,0% ,,,,,,,,,,,,,,,,,,,,,,,,
피엔에이치테크,"OLED완성체, OLED중간체, Pd촉매",,239890,대한민국,신규상장,주권,2016-08-16,,한국투자증권(주),기초 화학물질 제조업,500,-,-,"2,000,000",,,0.0,,, , ,, ,,,,,,,,,,,,,,,,,,,,,,,,
제이에스피브이,태양광모듈제조,,250300,대한민국,신규상장,주권,2016-08-10,,해당없음,기타 전기장비 제조업,100,-,-,"23,121,707",,,0.0,,, , ,, ,,,,,,,,,,,,,,,,,,,,,,,,
샘표식품,간장,,248170,대한민국,재상장,주권,2016-08-09,,미래에셋증권 주식회사,도시락 및 식사용 조리식품 제조업,500,-,-,"4,568,286",,,0.0,,, , ,, ,,,,,,,,,,,,,,,,,,,,,,,,
에코마케팅,"온라인, 모바일 광고 종합대행업",,230360,대한민국,신규상장,주권,2016-08-08,,한국투자증권(주),광고업,100,"35,000","38,500,000","8,128,571",,,0.0,,, , ,,0% ,,,,,,,,,,,,,,,,,,,,,,,,
티케이씨,"전장 PCB( 오디오, 정션박스 등)",,191600,대한민국,신규상장,주권,2016-08-05,,신한투자증권(주),전자부품 제조업,500,-,-,"2,600,000",,,0.0,,, , ,, ,,,,,,,,,,,,,,,,,,,,,,,,
팍스넷,"금융솔루션, 증권정보, 광고",,038160,대한민국,신규상장,주권,2016-08-01,,한국투자증권(주),기타 정보 서비스업,500,"5,200","14,389,800","11,077,521",,,0.0,,, , ,,0% ,,,,,,,,,,,,,,,,,,,,,,,,
두올　　　　　　,시트 커버 및 시트 원단,,016740,대한민국,신규상장,주권,2016-07-29,,미래에셋증권(주),자동차 신품 부품 제조업,"2,500","8,500","62,050,000","17,755,500",,,0.0,,, , ,,0% ,,,,,,,,,,,,,,,,,,,,,,,,
링크제니시스,"소프트웨어 테스트 및 생산정보 자동화 (MAT, XCOM, XGEM)",,219420,대한민국,신규상장,주권,2016-07-29,,하나증권(주),소프트웨어 개발 및 공급업,100,-,-,"2,027,300",,,0.0,,, , ,, ,,,,,,,,,,,,,,,,,,,,,,,,
엔지스테크널러지,"Nav-Link 솔루션, BringGo 어플리케이션 등",,208860,대한민국,신규상장,주권,2016-07-28,,교보증권(주),소프트웨어 개발 및 공급업,500,"10,000","4,670,000","3,127,180",,,0.0,,, , ,,0% ,,,,,,,,,,,,,,,,,,,,,,,,
우리손에프앤지,"양돈업, 도축업",,073560,대한민국,신규상장,주권,2016-07-27,,미래에셋증권 주식회사,축산업,500,"2,210","40,247,481","61,157,490",,,0.0,,, , ,,0% ,,,,,,,,,,,,,,,,,,,,,,,,
디오메디칼,척추용 임플란트 등,,212310,대한민국,신규상장,주권,2016-07-26,,신한투자증권(주),의료용 기기 제조업,500,-,-,"2,015,340",,,0.0,,, , ,, ,,,,,,,,,,,,,,,,,,,,,,,,
에스케이씨에스,,,224020,대한민국,신규상장,주권,2016-07-25,,해당없음(기술특례상장),플라스틱제품 제조업,500,-,-,"2,700,000",,,0.0,,, , ,, ,,,,,,,,,,,,,,,,,,,,,,,,
옵토팩,이미지센서 패키징,,123010,대한민국,이전상장,주권,2016-07-20,,IBK투자증권(주),전자부품 제조업,500,"5,900","4,130,000","4,429,352",,,0.0,,, , ,,0% ,,,,,,,,,,,,,,,,,,,,,,,,
지노믹트리,암 분자진단 제품/ 유전체분석,,228760,대한민국,신규상장,주권,2016-07-19,,키움증권(주),자연과학 및 공학 연구개발업,500,-,-,"2,185,140",,,0.0,,, , ,, ,,,,,,,,,,,,,,,,,,,,,,,,
제노텍,"원료의약품, 합성유전자, 체외진단 분석기용 시약",,066830,대한민국,신규상장,주권,2016-07-18,,미래에셋증권(주),기초 의약물질 제조업,500,-,-,"4,930,286",,,0.0,,, , ,, ,,,,,,,,,,,,,,,,,,,,,,,,
동서,"식품 유통, 다류 및 연포장재 제조 등",,026960,대한민국,이전상장,주권,2016-07-15,,신한투자증권 주식회사,음·식료품 및 담배 도매업,500,-,-,"99,700,000",,,0.0,,, , ,, ,,,,,,,,,,,,,,,,,,,,,,,,
장원테크,스마트폰 및 태블릿PC Bracket,,174880,대한민국,신규상장,주권,2016-07-15,,신한투자증권 주식회사,통신 및 방송 장비 제조업,500,"17,500","26,250,000","6,045,000",,,0.0,,, , ,,0% ,,,,,,,,,,,,,,,,,,,,,,,,
대유위니아,"김치냉장고(스탠드형, 뚜껑형), 에어컨, 프리미엄 냉장고 등",,071460,대한민국,신규상장,주권,2016-07-14,,신영증권(주),가정용 기기 제조업,500,"6,800","51,000,000","24,111,530",,,0.0,,, , ,,0% ,,,,,,,,,,,,,,,,,,,,,,,,
한국자산신탁,"부동산 신탁 서비스, REITs",,123890,대한민국,신규상장,주권,2016-07-13,,"신한투자증권 주식회사,대신증권(주)",기타 금융업,500,"10,300","281,162,654","85,000,000",,,0.0,,, , ,,0% ,,,,,,,,,,,,,,,,,,,,,,,,
시냅스엠,"OVP서비스, UGC서비스, OTT서비스",,246830,대한민국,신규상장,주권,2016-07-13,,엔에이치투자증권(주),"자료처리, 호스팅, 포털 및 기타 인터넷 정보매개 서비스업",500,-,-,"1,311,610",,,0.0,,, , ,, ,,,,,,,,,,,,,,,,,,,,,,,,
한국토지신탁,부동산신탁 등,,034830,대한민국,이전상장,주권,2016-07-11,,유안타증권(주),기타 금융업,"1,000",-,-,"252,489,230",,,0.0,,, , ,, ,,,,,,,,,,,,,,,,,,,,,,,,
인프라웨어테크놀러지,"플랫폼, 보안솔루션",,247300,대한민국,신규상장,주권,2016-07-08,,키움증권(주),소프트웨어 개발 및 공급업,"5,000",-,-,"408,430",,,0.0,,, , ,, ,,,,,,,,,,,,,,,,,,,,,,,,
바이오리더스,"자궁경부상피이형증 치료제, 자궁경부전암 치료백신",,142760,대한민국,이전상장,주권,2016-07-07,,키움증권(주),자연과학 및 공학 연구개발업,500,"15,000","18,000,000","12,354,310",,,0.0,,, , ,,0% ,,,,,,,,,,,,,,,,,,,,,,,,
피앤씨테크,배전자동화단말장치,,237750,대한민국,신규상장,주권,2016-07-04,,케이비투자증권(주),"전동기, 발전기 및 전기 변환 · 공급 · 제어 장치 제조업",500,"10,200","27,030,000","6,496,600",,,0.0,,, , ,,0% ,,,,,,,,,,,,,,,,,,,,,,,,
로스웰,"CAN Control Gateway, CAN기능모듈, BCM 차체제어모듈",,900260,홍콩,신규상장,외국주권,2016-06-30,,신한투자증권 주식회사,회사 본부 및 경영 컨설팅 서비스업,무액면,"3,200","96,000,000","90,781,250",,,0.0,,, , ,,0% ,,,,,,,,,,,,,,,,,,,,,,,,
에스엘에스,"의약품 품질검사, 생동성 시험 등",,246250,대한민국,신규상장,주권,2016-06-29,,하나증권(주),기타 과학기술 서비스업,500,-,-,"5,812,103",,,0.0,,, , ,, ,,,,,,,,,,,,,,,,,,,,,,,,
해성디에스,반도체 패키지용 Substrate,,195870,대한민국,신규상장,주권,2016-06-24,,엔에이치투자증권(주),전자부품 제조업,"5,000","12,000","48,000,000","17,000,000",,,0.0,,, , ,,0% ,,,,,,,,,,,,,,,,,,,,,,,,
씨앤에스링크,"내비게이션, LTE Router, 블랙박스",,245450,대한민국,신규상장,주권,2016-06-24,,주식회사 아이엠증권,통신 및 방송 장비 제조업,500,-,-,"1,039,960",,,0.0,,, , ,, ,,,,,,,,,,,,,,,,,,,,,,,,
녹십자랩셀,"세포치료제, 검체검사서비스, 제대혈은행",,144510,대한민국,신규상장,주권,2016-06-23,,"하나증권주식회사,케이프투자증권주식회사","그외 기타 전문, 과학 및 기술 서비스업",500,"18,500","37,000,000","10,554,054",,,0.0,,, , ,,0% ,,,,,,,,,,,,,,,,,,,,,,,,
에스티팜,원료의약품,,237690,대한민국,신규상장,주권,2016-06-23,,"한국투자증권(주),유진투자증권(주)",의약품 제조업,500,"29,000","135,256,000","18,484,400",,,0.0,,, , ,,0% ,,,,,,,,,,,,,,,,,,,,,,,,
알엔투테크놀로지,"이동통신부품(커플러), 의료기기용기판, 파우더",,148250,대한민국,이전상장,주권,2016-06-22,,하나증권주식회사,전자부품 제조업,500,"5,800","3,886,000","6,328,942",,,0.0,,, , ,,0% ,,,,,,,,,,,,,,,,,,,,,,,,
이비테크,전자가속기 제조 및 전자선조사서비스,,208850,대한민국,신규상장,주권,2016-06-22,,아이비케이투자증권(주),기타 전기장비 제조업,"1,000",-,-,"2,256,250",,,0.0,,, , ,, ,,,,,,,,,,,,,,,,,,,,,,,,
한국4호스팩,기업인수합병,,240540,대한민국,신규상장,주권,2016-06-22,,한국투자증권(주),금융 지원 서비스업,100,"2,000","10,000,000","5,500,000",,,0.0,,, , ,,0% ,,,,,,,,,,,,,,,,,,,,,,,,
줌인터넷,"줌닷컴, 이글루스, 스윙브라우저 등",,229480,대한민국,신규상장,주권,2016-06-10,,(주)상상인증권,"자료처리, 호스팅, 포털 및 기타 인터넷 정보매개 서비스업",500,-,-,"10,344,680",,,0.0,,, , ,, ,,,,,,,,,,,,,,,,,,,,,,,,
미래에셋제5호스팩,기업인수합병,,239340,대한민국,신규상장,주권,2016-06-09,,미래에셋증권(주),금융 지원 서비스업,100,"2,000","9,000,000","4,800,000",,,0.0,,, , ,,0% ,,,,,,,,,,,,,,,,,,,,,,,,
휴온스,"전문의약품, 일반의약품",,243070,대한민국,재상장,주권,2016-06-03,,한국투자증권(주),의약품 제조업,500,-,-,"5,895,464",,,0.0,,, , ,, ,,,,,,,,,,,,,,,,,,,,,,,,
스페이스솔루션,엔지니어링 솔루션(CAD/CAM/CAE/PLM/DM) 및 자수기제어기,,245030,대한민국,신규상장,주권,2016-06-03,,아이비케이투자증권(주),소프트웨어 개발 및 공급업,500,-,-,"1,120,000",,,0.0,,, , ,, ,,,,,,,,,,,,,,,,,,,,,,,,
나눔테크,"자동심장충격기, 골밀도진단기",,244880,대한민국,신규상장,주권,2016-06-01,,유진투자증권(주),의료용 기기 제조업,500,-,-,"4,000,000",,,0.0,,, , ,, ,,,,,,,,,,,,,,,,,,,,,,,,
KC산업,철강보강콘크리트제품,,112190,대한민국,신규상장,주권,2016-05-31,,주식회사 아이엠증권,"시멘트, 석회, 플라스터 및 그 제품 제조업",500,-,-,"5,000,000",,,0.0,,, , ,, ,,,,,,,,,,,,,,,,,,,,,,,,
용평리조트,"리조트 운영, 콘도 분양",,070960,대한민국,신규상장,주권,2016-05-27,,미래에셋증권 주식회사,일반 및 생활 숙박시설 운영업,"5,000","7,000","93,632,000","48,133,333",,,0.0,,, , ,,0% ,,,,,,,,,,,,,,,,,,,,,,,,
영현무역,의류(봉제),,242850,대한민국,신규상장,주권,2016-05-20,,해당없음,상품 중개업,500,-,-,"1,620,000",,,0.0,,, , ,, ,,,,,,,,,,,,,,,,,,,,,,,,
본느,"ODM화장품, BRAND화장품",,242420,대한민국,신규상장,주권,2016-05-16,,현대차증권(주),기타 화학제품 제조업,500,-,-,"2,550,000",,,0.0,,, , ,, ,,,,,,,,,,,,,,,,,,,,,,,,
해태제과식품,"홈런볼, 오예스, 맛동산, 부라보콘 등",,101530,대한민국,신규상장,주권,2016-05-11,,"엔에이치투자증권(주),삼성증권(주)",도시락 및 식사용 조리식품 제조업,500,"15,100","88,033,000","19,209,740",,,0.0,,, , ,,0% ,,,,,,,,,,,,,,,,,,,,,,,,
오스테오닉,"의료용 스크류, 플레이트",,226400,대한민국,신규상장,주권,2016-05-04,,키움증권(주),의료용 기기 제조업,500,-,-,"4,738,011",,,0.0,,, , ,, ,,,,,,,,,,,,,,,,,,,,,,,,
원익IPS,반도체 제조용 기계,,240810,대한민국,재상장,주권,2016-05-02,,엔에이치투자증권(주),특수 목적용 기계 제조업,500,-,-,"41,273,436",,,0.0,,, , ,, ,,,,,,,,,,,,,,,,,,,,,,,,
엠로,구매 SCM솔루션,,058970,대한민국,신규상장,주권,2016-04-28,,한국투자증권(주),소프트웨어 개발 및 공급업,500,-,-,"4,815,000",,,0.0,,, , ,, ,,,,,,,,,,,,,,,,,,,,,,,,
이에스산업,전동공구,,241510,대한민국,신규상장,주권,2016-04-26,,해당없음,일반 목적용 기계 제조업,500,-,-,"4,460,000",,,0.0,,, , ,, ,,,,,,,,,,,,,,,,,,,,,,,,
인터코스,"스킨로션, 기능성제품류, 헤어제품류, 의약외품 등(화장품 ODM)",,240340,대한민국,신규상장,주권,2016-04-21,,KB증권(주),기타 화학제품 제조업,500,-,-,"3,137,200",,,0.0,,, , ,, ,,,,,,,,,,,,,,,,,,,,,,,,
로보쓰리,"모듈, 퍼스널 모빌리티기기",,238500,대한민국,신규상장,주권,2016-04-20,,주식회사 아이엠증권,"그외 기타 전문, 과학 및 기술 서비스업",500,-,-,"4,228,166",,,0.0,,, , ,, ,,,,,,,,,,,,,,,,,,,,,,,,
레이언스,"TFT Detector, CMOS Detector, I/O Sensor",,228850,대한민국,신규상장,주권,2016-04-11,,대신증권(주),의료용 기기 제조업,500,"25,000","100,000,000","16,591,014",,,0.0,,, , ,,0% ,,,,,,,,,,,,,,,,,,,,,,,,
씨엠에스에듀,융합사고력 프로그램,,225330,대한민국,신규상장,주권,2016-04-07,,"유안타증권(주),삼성증권(주)",일반 교습 학원,500,"23,200","28,768,000","4,205,350",,,0.0,,, , ,,0% ,,,,,,,,,,,,,,,,,,,,,,,,
동양파일,PHC파일,,228340,대한민국,신규상장,주권,2016-04-06,,대신증권(주),"시멘트, 석회, 플라스터 및 그 제품 제조업",500,"10,000","80,000,000","20,000,000",,,0.0,,, , ,,0% ,,,,,,,,,,,,,,,,,,,,,,,,
대림씨엔에스,"PHC파일, 골재, 강교제작",,004440,대한민국,신규상장,주권,2016-03-30,,미래에셋증권 주식회사,"시멘트, 석회, 플라스터 및 그 제품 제조업","1,000","27,700","123,436,214","12,731,947",,,0.0,,, , ,,0% ,,,,,,,,,,,,,,,,,,,,,,,,
SGA시스템즈,공공 및 교육기관 시스템통합(SI) 및 유지보수,,232290,대한민국,신규상장,주권,2016-03-30,,SK증권(주),소프트웨어 개발 및 공급업,500,-,-,"6,014,763",,,0.0,,, , ,, ,,,,,,,,,,,,,,,,,,,,,,,,
씨케이컴퍼니,우유눈꽃빙수기,,235090,대한민국,신규상장,주권,2016-03-16,,(주)상상인증권,특수 목적용 기계 제조업,500,-,-,"2,940,000",,,0.0,,, , ,, ,,,,,,,,,,,,,,,,,,,,,,,,
팬젠,"바이오시밀러 제품, 바이오의약품 개발 기술이전 서비스 등",,222110,대한민국,신규상장,주권,2016-03-11,,한국투자증권(주),의약품 제조업,500,"16,500","27,225,000","7,681,318",,,0.0,,, , ,,0% ,,,,,,,,,,,,,,,,,,,,,,,,
바이옵트로,"PCB 전기 검사기, Screw 자동 체결기",,222160,대한민국,신규상장,주권,2016-03-10,,한국투자증권(주),"측정, 시험, 항해, 제어 및 기타 정밀기기 제조업; 광학기기 제외",500,-,-,"4,960,000",,,0.0,,, , ,, ,,,,,,,,,,,,,,,,,,,,,,,,
AP위성통신,위성통신 단말기,,211270,대한민국,신규상장,주권,2016-03-04,,KB증권(주),통신 및 방송 장비 제조업,500,"9,700","31,602,600","13,097,740",,,0.0,,, , ,,0% ,,,,,,,,,,,,,,,,,,,,,,,,
하이에이아이1호스팩,기업 인수 및 합병,,235010,대한민국,신규상장,주권,2016-03-04,,iM증권,금융 지원 서비스업,100,"2,000","9,200,000","4,950,000",,,0.0,,, , ,,0% ,,,,,,,,,,,,,,,,,,,,,,,,
IBKS제4호스팩,기업인수 및 합병,,230980,대한민국,신규상장,주권,2016-03-02,,IBK투자증권(주),금융 지원 서비스업,100,"2,000","3,500,000","2,000,000",,,0.0,,, , ,,0% ,,,,,,,,,,,,,,,,,,,,,,,,
큐리언트,저분자 혁신신약,,115180,대한민국,신규상장,주권,2016-02-29,,한국투자증권(주),자연과학 및 공학 연구개발업,500,"21,000","32,508,000","7,227,262",,,0.0,,, , ,,0% ,,,,,,,,,,,,,,,,,,,,,,,,
케이비제9호스팩,,,232270,대한민국,신규상장,주권,2016-02-29,,케이비투자증권(주),금융 지원 서비스업,100,"2,000","27,000,000","13,815,700",,,0.0,,, , ,,0% ,,,,,,,,,,,,,,,,,,,,,,,,
케이엠제약,구강위생용품 및 화장품,,237720,대한민국,신규상장,주권,2016-02-24,,아이비케이투자증권(주),기타 화학제품 제조업,100,-,-,"2,022,000",,,0.0,,, , ,, ,,,,,,,,,,,,,,,,,,,,,,,,
안트로젠,줄기세포치료제,,065660,대한민국,신규상장,주권,2016-02-15,,키움증권(주),기초 의약물질 제조업,500,"24,000","16,800,000","7,463,435",,,0.0,,, , ,,0% ,,,,,,,,,,,,,,,,,,,,,,,,
슈프리마,바이오인식 관련 제품,,236200,대한민국,재상장,주권,2016-02-05,,한국투자증권(주),통신 및 방송 장비 제조업,500,-,-,"7,080,273",,,0.0,,, , ,, ,,,,,,,,,,,,,,,,,,,,,,,,
제이에스코퍼레이션,핸드백 및 지갑,,194370,대한민국,신규상장,주권,2016-02-04,,엔에이치투자증권(주),"가죽, 가방 및 유사제품 제조업",100,"23,000","75,512,036","12,687,732",,,0.0,,, , ,,0% ,,,,,,,,,,,,,,,,,,,,,,,,
아이엠텍,"카메라모듈, 안테나 등",,226350,대한민국,신규상장,주권,2016-02-03,,미래에셋증권 주식회사,전자부품 제조업,500,"7,500","32,250,000","16,787,750",,,0.0,,, , ,,0% ,,,,,,,,,,,,,,,,,,,,,,,,
유니트론텍,"메모리, 비메모리반도체",,142210,대한민국,신규상장,주권,2016-02-02,,하나증권주식회사,자동차 부품 및 내장품 판매업,500,"14,000","9,170,000","3,310,650",,,0.0,,, , ,,0% ,,,,,,,,,,,,,,,,,,,,,,,,
크리스탈신소재,"합성운모플레이크, 합성운모파우더, 운모테이프",,900250,케이맨 제도,신규상장,외국주권,2016-01-28,,신한투자증권 주식회사,회사 본부 및 경영 컨설팅 서비스업,0.5,"3,000","27,900,000","61,622,771",,,0.0,,, , ,,0% ,,,,,,,,,,,,,,,,,,,,,,,,
한솔씨앤피,표면보호제,,221610,대한민국,신규상장,주권,2016-01-27,,"신한투자증권 주식회사,케이비투자증권(주)",기타 화학제품 제조업,500,"13,000","11,700,000","3,460,340",,,0.0,,, , ,,0% ,,,,,,,,,,,,,,,,,,,,,,,,
메디젠휴먼케어,M-CHECK (개인별 유전적 질병 예측 서비스),,236340,대한민국,신규상장,주권,2016-01-26,,아이비케이투자증권(주),자연과학 및 공학 연구개발업,500,-,-,"2,069,177",,,0.0,,, , ,, ,,,,,,,,,,,,,,,,,,,,,,,,
선바이오,생체고분자유도체,,067370,대한민국,신규상장,주권,2016-01-22,,하나증권(주),의약품 제조업,500,-,-,"7,650,940",,,0.0,,, , ,, ,,,,,,,,,,,,,,,,,,,,,,,,
볼빅,골프공,,206950,대한민국,신규상장,주권,2015-12-30,,한국투자증권(주),운동 및 경기용구 제조업,500,-,-,"4,000,000",,,0.0,,, , ,, ,,,,,,,,,,,,,,,,,,,,,,,,
이엠티,이차전지 양극재용 전구체,,232530,대한민국,신규상장,주권,2015-12-30,,엔에이치투자증권(주),일차전지 및 이차전지 제조업,500,-,-,"5,096,884",,,0.0,,, , ,, ,,,,,,,,,,,,,,,,,,,,,,,,
에스와이패널,샌드위치 패널,,109610,대한민국,신규상장,주권,2015-12-29,,미래에셋증권(주),"구조용 금속제품, 탱크 및 증기발생기 제조업",500,"5,000","10,679,610","6,200,000",,,0.0,,, , ,,0% ,,,,,,,,,,,,,,,,,,,,,,,,
코리아오토글라스,자동차 안전 유리,,152330,대한민국,신규상장,주권,2015-12-29,,엔에이치투자증권(주),유리 및 유리제품 제조업,"5,000","11,000","88,440,000","20,000,000",,,0.0,,, , ,,0% ,,,,,,,,,,,,,,,,,,,,,,,,
코디엠,"반도체 및 평판디스플레이 제조용 장비(IRIS, LOZIX, HP/CP)",,224060,대한민국,신규상장,주권,2015-12-29,,미래에셋증권(주),특수 목적용 기계 제조업,500,"4,700","4,700,000","3,793,630",,,0.0,,, , ,,0% ,,,,,,,,,,,,,,,,,,,,,,,,
하우동천,여성청결제 및 질염/ 질이완 치료제 등,,233990,대한민국,신규상장,주권,2015-12-29,,주식회사 아이엠증권,기초 의약물질 제조업,100,-,-,"10,240,000",,,0.0,,, , ,, ,,,,,,,,,,,,,,,,,,,,,,,,
세원,자동차 공조장치 부품,,234100,대한민국,신규상장,주권,2015-12-29,,현대차증권(주),자동차 신품 부품 제조업,500,-,-,"2,940,000",,,0.0,,, , ,, ,,,,,,,,,,,,,,,,,,,,,,,,
글로벌광통신,옥내외용케이블,,135160,대한민국,신규상장,주권,2015-12-28,,대신증권(주),절연선 및 케이블 제조업,500,-,-,"2,425,000",,,0.0,,, , ,, ,,,,,,,,,,,,,,,,,,,,,,,,
크로넥스,CRO 및 생물종(미니피그),,215570,대한민국,신규상장,주권,2015-12-28,,하나증권(주),자연과학 및 공학 연구개발업,500,-,-,"1,000,000",,,0.0,,, , ,, ,,,,,,,,,,,,,,,,,,,,,,,,
잇츠스킨,"스킨케어 베이직, 포인트 메이크업, 스킨케어 스페셜, 베이스 메이크업 등",,226320,대한민국,신규상장,주권,2015-12-28,,미래에셋증권 주식회사,생활용품 도매업,500,"170,000","161,213,890","8,735,650",,,0.0,,, , ,,0% ,,,,,,,,,,,,,,,,,,,,,,,,
휴젤,"보툴리눔톡신, 필러",,145020,대한민국,신규상장,주권,2015-12-24,,"한국투자증권(주),미래에셋증권 주식회사",기초 의약물질 제조업,500,"150,000","54,000,000","3,284,058",,,0.0,,, , ,,0% ,,,,,,,,,,,,,,,,,,,,,,,,
육일씨엔에쓰,스마트폰용 Cover Glass,,191410,대한민국,신규상장,주권,2015-12-24,,케이프투자증권주식회사,전자부품 제조업,500,"6,000","4,200,000","8,522,980",,,0.0,,, , ,,0% ,,,,,,,,,,,,,,,,,,,,,,,,
세기리텍,재생연괴,,199870,대한민국,신규상장,주권,2015-12-24,,해당없음,1차 비철금속 제조업,500,-,-,"9,803,030",,,0.0,,, , ,, ,,,,,,,,,,,,,,,,,,,,,,,,
이에스브이,"블랙박스, 네이게이션, 로봇청소기, 드론",,223310,대한민국,신규상장,주권,2015-12-24,,엔에이치투자증권(주),소프트웨어 개발 및 공급업,500,"10,000","15,800,000","5,227,400",,,0.0,,, , ,,0% ,,,,,,,,,,,,,,,,,,,,,,,,
대신밸런스제2호스팩,기업 인수 및 합병,,232140,대한민국,신규상장,주권,2015-12-24,,대신증권(주),금융 지원 서비스업,100,"2,000","20,000,000","10,620,000",,,0.0,,, , ,,0% ,,,,,,,,,,,,,,,,,,,,,,,,
미래자원엠엘,"단미사료, 보조사료",,233190,대한민국,신규상장,주권,2015-12-24,,하나증권(주),기타 식품 제조업,100,-,-,"3,000,000",,,0.0,,, , ,, ,,,,,,,,,,,,,,,,,,,,,,,,
한국맥널티,커피 및 의약품,,222980,대한민국,신규상장,주권,2015-12-23,,키움증권(주),도시락 및 식사용 조리식품 제조업,500,"8,000","10,000,000","4,975,000",,,0.0,,, , ,,0% ,,,,,,,,,,,,,,,,,,,,,,,,
아진산업,자동차 부품 (차체),,013310,대한민국,신규상장,주권,2015-12-22,,미래에셋증권(주),자동차 신품 부품 제조업,500,"6,500","29,250,000","12,415,300",,,0.0,,, , ,,0% ,,,,,,,,,,,,,,,,,,,,,,,,
덱스터,"시각효과(Visual Effect, VFX)",,206560,대한민국,신규상장,주권,2015-12-22,,엔에이치투자증권(주),"영화, 비디오물, 방송프로그램 제작 및 배급업",500,"14,000","29,983,296","9,630,524",,,0.0,,, , ,,0% ,,,,,,,,,,,,,,,,,,,,,,,,
아스팩오일,윤활유,,232360,대한민국,신규상장,주권,2015-12-22,,해당없음,석유 정제품 제조업,500,-,-,"4,000,000",,,0.0,,, , ,, ,,,,,,,,,,,,,,,,,,,,,,,,
씨트리,"씨트리시메티딘정, 로자틴정",,047920,대한민국,신규상장,주권,2015-12-21,,신한투자증권 주식회사,자연과학 및 공학 연구개발업,500,"6,500","6,240,000","7,023,345",,,0.0,,, , ,,0% ,,,,,,,,,,,,,,,,,,,,,,,,
인산가,"죽염 및 죽염응용, 엑기스류",,062580,대한민국,신규상장,주권,2015-12-21,,아이비케이투자증권(주),도시락 및 식사용 조리식품 제조업,500,-,-,"3,400,000",,,0.0,,, , ,, ,,,,,,,,,,,,,,,,,,,,,,,,
강스템바이오텍,줄기세포치료제,,217730,대한민국,신규상장,주권,2015-12-21,,키움증권(주),자연과학 및 공학 연구개발업,500,"6,000","12,000,000","13,817,150",,,0.0,,, , ,,0% ,,,,,,,,,,,,,,,,,,,,,,,,
에이원알폼,건설현장용 알루미늄 거푸집 임대,,234070,대한민국,신규상장,주권,2015-12-21,,주식회사 아이엠증권,,500,-,-,"3,200,000",,,0.0,,, , ,, ,,,,,,,,,,,,,,,,,,,,,,,,
메가엠디,"의학, 치의학, 법학 전문대학원, 약학대학 입학시험 대비 강의",,133750,대한민국,신규상장,주권,2015-12-18,,엔에이치투자증권(주),일반 교습 학원,500,"3,000","16,117,392","20,401,568",,,0.0,,, , ,,0% ,,,,,,,,,,,,,,,,,,,,,,,,
한국비엔씨,"HA필러, 유착방지제, 콜라겐흡수성창상피복재",,226610,대한민국,신규상장,주권,2015-12-18,,엔에이치투자증권(주),의료용 기기 제조업,500,-,-,"5,760,001",,,0.0,,, , ,, ,,,,,,,,,,,,,,,,,,,,,,,,
동부제4호스팩,,,230490,대한민국,신규상장,주권,2015-12-18,,DB증권주식회사,금융 지원 서비스업,100,"2,000","10,000,000","5,300,000",,,0.0,,, , ,,0% ,,,,,,,,,,,,,,,,,,,,,,,,
파크시스템스,연구용 및 산업용 원자현미경,,140860,대한민국,신규상장,주권,2015-12-17,,케이비투자증권(주),"측정, 시험, 항해, 제어 및 기타 정밀기기 제조업; 광학기기 제외",500,"9,000","9,000,000","5,931,155",,,0.0,,, , ,,0% ,,,,,,,,,,,,,,,,,,,,,,,,
보광산업,"콘크리트용 부순골재, 아스콘, 레미콘",,225530,대한민국,신규상장,주권,2015-12-17,,하나증권주식회사,토사석 광업,500,"4,000","12,000,000","11,490,000",,,0.0,,, , ,,0% ,,,,,,,,,,,,,,,,,,,,,,,,
예스티,반도체 및 디스플레이 제조 장비,,122640,대한민국,이전상장,주권,2015-12-16,,엔에이치투자증권(주),특수 목적용 기계 제조업,500,"14,500","15,587,500","4,327,321",,,0.0,,, , ,,0% ,,,,,,,,,,,,,,,,,,,,,,,,
뉴트리바이오텍,건강기능식품,,222040,대한민국,신규상장,주권,2015-12-16,,DB증권주식회사,도시락 및 식사용 조리식품 제조업,500,"21,000","43,680,000","10,314,000",,,0.0,,, , ,,0% ,,,,,,,,,,,,,,,,,,,,,,,,
하나금융7호SPAC,기업인수합병,,230240,대한민국,신규상장,주권,2015-12-16,,하나증권주식회사,금융 지원 서비스업,100,"2,000","12,893,860","8,000,000",,,0.0,,, , ,,0% ,,,,,,,,,,,,,,,,,,,,,,,,
나온테크,반도체 및 FPD용 로봇시스템,,232680,대한민국,신규상장,주권,2015-12-15,,KB증권(주),특수 목적용 기계 제조업,500,-,-,"1,358,857",,,0.0,,, , ,, ,,,,,,,,,,,,,,,,,,,,,,,,
멕아이씨에스,인공호흡기,,058110,대한민국,신규상장,주권,2015-12-14,,키움증권(주),의료용 기기 제조업,500,"4,500","2,475,000","5,361,500",,,0.0,,, , ,,0% ,,,,,,,,,,,,,,,,,,,,,,,,
에이치엔에스하이텍,"이방성전도필름, 수정진동자",,044990,대한민국,신규상장,주권,2015-12-10,,미래에셋증권(주),전자부품 제조업,500,-,-,"7,224,729",,,0.0,,, , ,, ,,,,,,,,,,,,,,,,,,,,,,,,
미애부,"친환경, 무합성 발효화장품",,225850,대한민국,신규상장,주권,2015-12-08,,아이비케이투자증권(주),생활용품 도매업,500,-,-,"3,049,000",,,0.0,,, , ,, ,,,,,,,,,,,,,,,,,,,,,,,,
엔에스,2차전지 자동화 설비,,217820,대한민국,신규상장,주권,2015-12-07,,케이비투자증권(주),특수 목적용 기계 제조업,500,"8,000","7,943,880","4,900,000",,,0.0,,, , ,,0% ,,,,,,,,,,,,,,,,,,,,,,,,
미래테크놀로지,OTP,,213090,대한민국,신규상장,주권,2015-12-01,,KB증권(주),소프트웨어 개발 및 공급업,500,"16,100","24,150,000","5,500,000",,,0.0,,, , ,,0% ,,,,,,,,,,,,,,,,,,,,,,,,
세진중공업,"선박 Deck House, LPG Tank, Upper Deck Unit, 해양플랜트 Living Quarter",,075580,대한민국,신규상장,주권,2015-11-30,,"신한투자증권 주식회사,미래에셋증권 주식회사",선박 및 보트 건조업,500,"3,500","20,054,475","38,292,720",,,0.0,,, , ,,0% ,,,,,,,,,,,,,,,,,,,,,,,,
지성이씨에스,사면보강공사,,138290,대한민국,신규상장,주권,2015-11-30,,KB증권(주),기반조성 및 시설물 축조관련 전문공사업,"1,000",-,-,"2,352,000",,,0.0,,, , ,, ,,,,,,,,,,,,,,,,,,,,,,,,
하이즈항공,B787 날개구조물 등,,221840,대한민국,신규상장,주권,2015-11-25,,케이비투자증권(주),"항공기,우주선 및 부품 제조업",500,"18,000","78,750,000","17,446,167",,,0.0,,, , ,,0% ,,,,,,,,,,,,,,,,,,,,,,,,
엠지메드,BAC DNA CHIP,,180400,대한민국,이전상장,주권,2015-11-20,,신한투자증권 주식회사,의료용 기기 제조업,500,"40,000","14,000,000","2,074,820",,,0.0,,, , ,,0% ,,,,,,,,,,,,,,,,,,,,,,,,
리드,"글라스이송장치, 온도조절장치, 열재생장치",,197210,대한민국,이전상장,주권,2015-11-20,,미래에셋증권 주식회사,특수 목적용 기계 제조업,500,"5,100","3,986,058","4,621,038",,,0.0,,, , ,,0% ,,,,,,,,,,,,,,,,,,,,,,,,
매직마이크로,"LED 리드프레임, LED PKG",,127160,대한민국,이전상장,주권,2015-11-19,,미래에셋증권(주),기타 전기장비 제조업,500,"5,500","8,800,000","6,222,125",,,0.0,,, , ,,0% ,,,,,,,,,,,,,,,,,,,,,,,,
케이디켐,"PVC 안정제(LX-400, LOX-3 등)",,221980,대한민국,신규상장,주권,2015-11-19,,대신증권(주),기타 화학제품 제조업,500,"16,000","18,560,000","4,034,800",,,0.0,,, , ,,0% ,,,,,,,,,,,,,,,,,,,,,,,,
네오오토,"피니언 기어, 디프 어셈블리, 대형기어",,212560,대한민국,신규상장,주권,2015-11-18,,신영증권(주),자동차 신품 부품 제조업,500,"12,000","18,594,168","5,250,000",,,0.0,,, , ,,0% ,,,,,,,,,,,,,,,,,,,,,,,,
골든브릿지제4호스팩,기업인수 및 합병,,227950,대한민국,신규상장,주권,2015-11-18,,주식회사 상상인증권,금융 지원 서비스업,100,"2,000","12,500,000","7,550,000",,,0.0,,, , ,,0% ,,,,,,,,,,,,,,,,,,,,,,,,
케어젠,"성장인자, 바이오미메틱펩타이드 기반 안면, 두피, 바디 코스메슈티컬 제품",,214370,대한민국,신규상장,주권,2015-11-17,,KB증권(주),기타 화학제품 제조업,500,"110,000","178,200,000","10,710,000",,,0.0,,, , ,,0% ,,,,,,,,,,,,,,,,,,,,,,,,
자비스,X-ray 검사장비,,230400,대한민국,신규상장,주권,2015-11-17,,아이비케이투자증권(주),의료용 기기 제조업,500,-,-,"3,142,250",,,0.0,,, , ,, ,,,,,,,,,,,,,,,,,,,,,,,,
아이진,"당뇨성망막병증 치료제, 욕창치료제, 자궁경부암 예방 백신 등",,185490,대한민국,이전상장,주권,2015-11-16,,엔에이치투자증권(주),자연과학 및 공학 연구개발업,500,"13,500","20,050,970","10,000,000",,,0.0,,, , ,,0% ,,,,,,,,,,,,,,,,,,,,,,,,
인카금융서비스,보험판매,,211050,대한민국,신규상장,주권,2015-11-16,,한국투자증권(주),보험 및 연금관련 서비스업,500,-,-,"2,961,471",,,0.0,,, , ,, ,,,,,,,,,,,,,,,,,,,,,,,,
유앤아이,정형외과용 신체보정용 의료기기,,056090,대한민국,신규상장,주권,2015-11-12,,키움증권(주),의료용 기기 제조업,500,"30,000","45,000,000","7,037,087",,,0.0,,, , ,,0% ,,,,,,,,,,,,,,,,,,,,,,,,
나무가,"스마트폰 카메라모듈, 노트북 카메라모듈",,190510,대한민국,신규상장,주권,2015-11-12,,교보증권(주),전자부품 제조업,500,"37,000","32,486,000","2,924,383",,,0.0,,, , ,,0% ,,,,,,,,,,,,,,,,,,,,,,,,
금호에이치티,자동차용 전구 및 LED모듈,,214330,대한민국,신규상장,주권,2015-11-11,,엔에이치투자증권(주),자동차 신품 부품 제조업,500,"10,000","44,959,500","9,765,000",,,0.0,,, , ,,0% ,,,,,,,,,,,,,,,,,,,,,,,,
제주항공,"여객운송서비스, 화물운송서비스",,089590,대한민국,신규상장,주권,2015-11-06,,엔에이치투자증권(주),항공 여객 운송업,"5,000","30,000","165,000,000","25,906,758",,,0.0,,, , ,,0% ,,,,,,,,,,,,,,,,,,,,,,,,
바이오씨앤디,"의약품 연구개발, 컨설팅",,217950,대한민국,신규상장,주권,2015-11-05,,주식회사 아이엠증권,자연과학 및 공학 연구개발업,500,-,-,"3,214,053",,,0.0,,, , ,, ,,,,,,,,,,,,,,,,,,,,,,,,
에이치엠씨3호스팩,기업인수합병,,226340,대한민국,신규상장,주권,2015-11-05,,현대차증권주식회사,금융 지원 서비스업,100,"2,000","12,000,000","6,500,000",,,0.0,,, , ,,0% ,,,,,,,,,,,,,,,,,,,,,,,,
더블유게임즈,온라인·모바일 게임(더블유카지노),,192080,대한민국,신규상장,주권,2015-11-04,,"한국투자증권(주),키움증권(주),미래에셋증권 주식회사",소프트웨어 개발 및 공급업,500,"65,000","277,709,250","17,089,768",,,0.0,,, , ,,0% ,,,,,,,,,,,,,,,,,,,,,,,,
연우,화장품 용기,,115960,대한민국,신규상장,주권,2015-11-02,,"미래에셋증권 주식회사,현대차증권주식회사",플라스틱제품 제조업,500,"25,200","60,623,136","11,552,600",,,0.0,,, , ,,0% ,,,,,,,,,,,,,,,,,,,,,,,,
럭스피아,"LED 패키지, LED 모듈",,092590,대한민국,신규상장,주권,2015-10-30,,신한투자증권(주),반도체 제조업,500,-,-,"7,291,098",,,0.0,,, , ,, ,,,,,,,,,,,,,,,,,,,,,,,,
키움스팩4호,,,226850,대한민국,신규상장,주권,2015-10-29,,키움증권(주),금융 지원 서비스업,100,"2,000","20,000,000","10,204,000",,,0.0,,, , ,,0% ,,,,,,,,,,,,,,,,,,,,,,,,
노브메타파마,대사질환 신약 개발 및 건강기능식픔,,229500,대한민국,신규상장,주권,2015-10-28,,SK증권(주),자연과학 및 공학 연구개발업,500,-,-,"5,541,914",,,0.0,,, , ,, ,,,,,,,,,,,,,,,,,,,,,,,,
젠큐릭스,유방암예후진단키트,,229000,대한민국,신규상장,주권,2015-10-27,,미래에셋증권(주),의료용 기기 제조업,500,-,-,"2,390,000",,,0.0,,, , ,, ,,,,,,,,,,,,,,,,,,,,,,,,
에이티젠,"연구용 시약, NK Vue KIT",,182400,대한민국,신규상장,주권,2015-10-23,,엔에이치투자증권(주),기초 의약물질 제조업,500,"17,000","17,123,335","10,072,552",,,0.0,,, , ,,0% ,,,,,,,,,,,,,,,,,,,,,,,,
현대씨앤에프,"브랜드사업, 육류유통",,227840,대한민국,재상장,주권,2015-10-23,,엔에이치투자증권(주),음·식료품 및 담배 도매업,"5,000",-,-,"9,100,836",,,0.0,,, , ,, ,,,,,,,,,,,,,,,,,,,,,,,,
엑시콘,반도체검사장비,,092870,대한민국,이전상장,주권,2015-10-22,,IBK투자증권(주),특수 목적용 기계 제조업,500,"10,000","20,000,000","8,883,500",,,0.0,,, , ,,0% ,,,,,,,,,,,,,,,,,,,,,,,,
현대드림4호스팩,기업인수목적,,226360,대한민국,신규상장,주권,2015-10-22,,KB증권(주),금융 지원 서비스업,100,"2,000","10,000,000","5,315,000",,,0.0,,, , ,,0% ,,,,,,,,,,,,,,,,,,,,,,,,
한국티씨엠,체외진단서비스 개발 및 진단 용역,,228180,대한민국,신규상장,주권,2015-10-22,,KB증권(주),자연과학 및 공학 연구개발업,"5,000",-,-,"200,631",,,0.0,,, , ,, ,,,,,,,,,,,,,,,,,,,,,,,,
엄지하우스,"실내건축업, 분양공사 및 디자인 설계",,224810,대한민국,신규상장,주권,2015-10-21,,엔에이치투자증권(주),실내건축 및 건축마무리 공사업,500,-,-,"2,400,000",,,0.0,,, , ,, ,,,,,,,,,,,,,,,,,,,,,,,,
메디쎄이,정형외과용 척추임플란트,,200580,대한민국,신규상장,주권,2015-10-20,,대신증권(주),의료용 기기 제조업,500,-,-,"3,478,159",,,0.0,,, , ,, ,,,,,,,,,,,,,,,,,,,,,,,,
이베스트스팩3호,,,225440,대한민국,신규상장,주권,2015-10-19,,엘에스증권 주식회사,금융 지원 서비스업,100,"2,000","8,000,000","4,100,000",,,0.0,,, , ,,0% ,,,,,,,,,,,,,,,,,,,,,,,,
에치디프로,CCTV 카메라,,214870,대한민국,신규상장,주권,2015-10-13,,대신증권(주),통신 및 방송 장비 제조업,500,"8,900","13,494,260","5,744,821",,,0.0,,, , ,,0% ,,,,,,,,,,,,,,,,,,,,,,,,
IBKS제3호스팩,금융지원 서비스,,225430,대한민국,신규상장,주권,2015-10-08,,IBK투자증권(주),금융 지원 서비스업,100,"2,000","8,000,000","4,500,000",,,0.0,,, , ,,0% ,,,,,,,,,,,,,,,,,,,,,,,,
동부스팩3호,기업인수합병,,226440,대한민국,신규상장,주권,2015-10-06,,DB증권주식회사,금융 지원 서비스업,100,"2,000","8,300,000","4,450,000",,,0.0,,, , ,,0% ,,,,,,,,,,,,,,,,,,,,,,,,
신영스팩2호,기업인수합병,,225590,대한민국,신규상장,주권,2015-10-05,,신영증권(주),금융 지원 서비스업,100,"2,000","10,000,000","5,105,000",,,0.0,,, , ,,0% ,,,,,,,,,,,,,,,,,,,,,,,,
LIG넥스원,정밀유도무기 등,,079550,대한민국,신규상장,주권,2015-10-02,,엔에이치투자증권(주),무기 및 총포탄 제조업,"5,000","76,000","524,400,000","22,000,000",,,0.0,,, , ,,0% ,,,,,,,,,,,,,,,,,,,,,,,,
제너셈,반도체 후공정 장비,,217190,대한민국,신규상장,주권,2015-09-25,,하나증권주식회사,특수 목적용 기계 제조업,500,"10,500","13,650,000","4,384,587",,,0.0,,, , ,,0% ,,,,,,,,,,,,,,,,,,,,,,,,
타이거일렉,인쇄회로기판 제조업,,219130,대한민국,신규상장,주권,2015-09-25,,한국투자증권(주),전자부품 제조업,500,"6,000","9,258,000","5,589,290",,,0.0,,, , ,,0% ,,,,,,,,,,,,,,,,,,,,,,,,
엔에이치스팩9호,기타 금융지원 서비스업,,225570,대한민국,신규상장,주권,2015-09-25,,엔에이치투자증권(주),금융 지원 서비스업,100,"2,000","15,500,000","9,050,000",,,0.0,,, , ,,0% ,,,,,,,,,,,,,,,,,,,,,,,,
동일제강,"PC강연선, 경강선, 도금선, 마봉강",,002690,대한민국,신규상장,주권,2015-09-24,,엔에이치투자증권(주),1차 철강 제조업,500,"3,000","15,000,000","15,000,000",,,0.0,,, , ,,0% ,,,,,,,,,,,,,,,,,,,,,,,,
아이콘트롤스,"기계설비공사, 스마트홈, 지능형 빌딩, SOC",,039570,대한민국,신규상장,주권,2015-09-24,,미래에셋증권 주식회사,전기 및 통신 공사업,500,"32,000","83,592,640","8,230,000",,,0.0,,, , ,,0% ,,,,,,,,,,,,,,,,,,,,,,,,
인포마크,"웨어러블 디바이스, 모바일 라우터",,175140,대한민국,신규상장,주권,2015-09-23,,삼성증권(주),통신 및 방송 장비 제조업,500,"14,000","12,180,000","3,503,708",,,0.0,,, , ,,0% ,,,,,,,,,,,,,,,,,,,,,,,,
디와이엘엔제이,"와이어하네스, PVC절연전선",,207230,대한민국,신규상장,주권,2015-09-14,,해당없음,절연선 및 케이블 제조업,"1,000",-,-,"1,695,000",,,0.0,,, , ,, ,,,,,,,,,,,,,,,,,,,,,,,,
카이노스메드,"항암제, 항바이러스제, 비만당뇨치료제",,220250,대한민국,신규상장,주권,2015-09-10,,하나증권(주),자연과학 및 공학 연구개발업,500,-,-,"11,638,385",,,0.0,,, , ,, ,,,,,,,,,,,,,,,,,,,,,,,,
유진스팩3호,-,,221200,대한민국,신규상장,주권,2015-09-09,,유진투자증권(주),금융 지원 서비스업,100,"2,000","11,500,000","6,750,000",,,0.0,,, , ,,0% ,,,,,,,,,,,,,,,,,,,,,,,,
쿠첸,전기밥솥,,225650,대한민국,재상장,주권,2015-09-04,,대신증권(주),가정용 기기 제조업,500,-,-,"10,686,277",,,0.0,,, , ,, ,,,,,,,,,,,,,,,,,,,,,,,,
한국3호스팩,기업인수합병,,222080,대한민국,신규상장,주권,2015-09-02,,한국투자증권(주),금융 지원 서비스업,100,"2,000","13,000,000","7,000,000",,,0.0,,, , ,,0% ,,,,,,,,,,,,,,,,,,,,,,,,
케이티비스팩3호,기업인수,,220630,대한민국,신규상장,주권,2015-08-28,,다올투자증권 주식회사,금융 지원 서비스업,100,"2,000","12,500,000","6,750,000",,,0.0,,, , ,,0% ,,,,,,,,,,,,,,,,,,,,,,,,
교보5호스팩,기업인수합병,,223040,대한민국,신규상장,주권,2015-08-27,,교보증권(주),금융 지원 서비스업,100,"2,000","10,200,000","5,430,000",,,0.0,,, , ,,0% ,,,,,,,,,,,,,,,,,,,,,,,,
에이텍티앤,교통카드단말기,,224110,대한민국,재상장,주권,2015-08-25,,하나증권주식회사,통신 및 방송 장비 제조업,500,-,-,"5,340,000",,,0.0,,, , ,, ,,,,,,,,,,,,,,,,,,,,,,,,
웹스,"기능성 컴파운드, 건축외장자재",,196700,대한민국,신규상장,주권,2015-08-24,,한국투자증권(주),"비료, 농약 및 살균, 살충제 제조업",500,"7,200","11,520,000","6,254,000",,,0.0,,, , ,,0% ,,,,,,,,,,,,,,,,,,,,,,,,
AJ네트웍스,"렌탈(파렛트, OA장비, 고소장비 등)",,095570,대한민국,신규상장,주권,2015-08-21,,한국투자증권(주),,"5,000","34,300","78,890,000","9,364,459",,,0.0,,, , ,,0% ,,,,,,,,,,,,,,,,,,,,,,,,
현대드림3호스팩,기업인수목적,,221950,대한민국,신규상장,주권,2015-08-21,,KB증권(주),금융 지원 서비스업,100,"2,000","13,000,000","6,815,000",,,0.0,,, , ,,0% ,,,,,,,,,,,,,,,,,,,,,,,,
파인텍,"BLU, TSP, LCM, TSP Sensor",,131760,대한민국,신규상장,주권,2015-08-17,,엔에이치투자증권(주),전자부품 제조업,500,"10,500","11,189,336","4,997,621",,,0.0,,, , ,,0% ,,,,,,,,,,,,,,,,,,,,,,,,
퓨쳐켐,"방사성의약품, 자동합성장치, 합성시약 및 전구체",,220100,대한민국,신규상장,주권,2015-08-13,,엔에이치투자증권(주),의약품 제조업,500,-,-,"2,069,000",,,0.0,,, , ,, ,,,,,,,,,,,,,,,,,,,,,,,,
교보4호스팩,기업인수합병,,222810,대한민국,신규상장,주권,2015-08-13,,교보증권(주),금융 지원 서비스업,100,"2,000","6,000,000","3,100,000",,,0.0,,, , ,,0% ,,,,,,,,,,,,,,,,,,,,,,,,
흥국에프엔비,"과일음료(에이드베이스, 스무디, 착즙쥬스 등)",,189980,대한민국,신규상장,주권,2015-08-07,,엔에이치투자증권(주),비알코올음료 및 얼음 제조업,500,"20,000","36,000,000","6,716,250",,,0.0,,, , ,,0% ,,,,,,,,,,,,,,,,,,,,,,,,
심텍,반도체용 인쇄회로기판,,222800,대한민국,재상장,주권,2015-08-07,,미래에셋증권 주식회사,전자부품 제조업,500,-,-,"18,071,407",,,0.0,,, , ,, ,,,,,,,,,,,,,,,,,,,,,,,,
미래에셋제4호스팩,인수합병,,222420,대한민국,신규상장,주권,2015-08-06,,미래에셋증권(주),금융 지원 서비스업,100,"2,000","6,100,000","3,300,000",,,0.0,,, , ,,0% ,,,,,,,,,,,,,,,,,,,,,,,,
칩스앤미디어,비디오 IP,,094360,대한민국,이전상장,주권,2015-08-05,,한국투자증권(주),소프트웨어 개발 및 공급업,500,"10,500","6,825,000","3,397,702",,,0.0,,, , ,,0% ,,,,,,,,,,,,,,,,,,,,,,,,
케이비제8호스팩,해당사항 없음,,222390,대한민국,신규상장,주권,2015-08-05,,케이비투자증권(주),금융 지원 서비스업,100,"2,000","20,000,000","10,310,000",,,0.0,,, , ,,0% ,,,,,,,,,,,,,,,,,,,,,,,,
제놀루션,"RNAi, 핵산추출기기",,225220,대한민국,신규상장,주권,2015-08-03,,신영증권(주),자연과학 및 공학 연구개발업,500,-,-,"2,472,500",,,0.0,,, , ,, ,,,,,,,,,,,,,,,,,,,,,,,,
아시아경제,광고 및 콘텐츠,,127710,대한민국,신규상장,주권,2015-07-31,,한국투자증권(주),"자료처리, 호스팅, 포털 및 기타 인터넷 정보매개 서비스업",500,"3,600","30,600,000","25,244,030",,,0.0,,, , ,,0% ,,,,,,,,,,,,,,,,,,,,,,,,
정다운,"오리육, 오리털",,224090,대한민국,신규상장,주권,2015-07-31,,한국투자증권(주),"도축, 육류 가공 및 저장 처리업",500,-,-,"4,000,000",,,0.0,,, , ,, ,,,,,,,,,,,,,,,,,,,,,,,,
엔에스컴퍼니,"산업플랜트 건설 및 경상정비, 자동차부품제조판매",,224760,대한민국,신규상장,주권,2015-07-31,,아이비케이투자증권(주),토목 건설업,500,-,-,"3,939,700",,,0.0,,, , ,, ,,,,,,,,,,,,,,,,,,,,,,,,
아이쓰리시스템,"적외선 영상센서, 엑스레이 영상센서",,214430,대한민국,신규상장,주권,2015-07-30,,키움증권(주),전자부품 제조업,500,"36,000","18,000,000","3,317,400",,,0.0,,, , ,,0% ,,,,,,,,,,,,,,,,,,,,,,,,
로지시스,"전산장비 판매 및 유지보수, VAN기기 대행관리",,067730,대한민국,신규상장,주권,2015-07-29,,삼성증권(주),"컴퓨터 프로그래밍, 시스템 통합 및 관리업",500,"2,500","7,935,125","9,340,922",,,0.0,,, , ,,0% ,,,,,,,,,,,,,,,,,,,,,,,,
플럼라인생명과학,"강아지암치료제, 돼지DNA테라피",,222670,대한민국,신규상장,주권,2015-07-28,,(주)BNK투자증권,자연과학 및 공학 연구개발업,500,-,-,"1,846,600",,,0.0,,, , ,, ,,,,,,,,,,,,,,,,,,,,,,,,
엘아이지이에스스팩,,,220260,대한민국,신규상장,주권,2015-07-27,,케이프투자증권주식회사,기타 금융업,100,"2,000","5,000,000","3,020,000",,,0.0,,, , ,,0% ,,,,,,,,,,,,,,,,,,,,,,,,
파마리서치프로덕트,재생의약품,,214450,대한민국,신규상장,주권,2015-07-24,,"엔에이치투자증권(주),IBK투자증권(주),하나증권주식회사",생활용품 도매업,500,"55,000","123,750,000","8,814,498",,,0.0,,, , ,,0% ,,,,,,,,,,,,,,,,,,,,,,,,
펩트론,약효지속성 의약품 및 펩타이드 소재,,087010,대한민국,신규상장,주권,2015-07-22,,엔에이치투자증권(주),기초 의약물질 제조업,500,"16,000","13,041,952","5,092,001",,,0.0,,, , ,,0% ,,,,,,,,,,,,,,,,,,,,,,,,
SK2호스팩,기업인수합병,,219550,대한민국,신규상장,주권,2015-07-22,,SK증권(주),금융 지원 서비스업,100,"2,000","12,500,000","6,350,000",,,0.0,,, , ,,0% ,,,,,,,,,,,,,,,,,,,,,,,,
한화에이스스팩2호,기업인수합병,,219860,대한민국,신규상장,주권,2015-07-20,,(구)한화투자증권(주),금융 지원 서비스업,100,"2,000","13,250,000","7,123,000",,,0.0,,, , ,,0% ,,,,,,,,,,,,,,,,,,,,,,,,
이노션,광고대행 및 광고물의 제작 등,,214320,대한민국,신규상장,주권,2015-07-17,,엔에이치투자증권(주),광고업,500,"68,000","340,068,000","20,000,000",,,0.0,,, , ,,0% ,,,,,,,,,,,,,,,,,,,,,,,,
유안타제2호스팩,기업인수합병,,219960,대한민국,신규상장,주권,2015-07-17,,유안타증권(주),금융 지원 서비스업,100,"2,000","12,000,000","6,500,000",,,0.0,,, , ,,0% ,,,,,,,,,,,,,,,,,,,,,,,,
토니모리,"스킨케어 베이직, 포인트 메이크업, 스킨케어 스페셜, 베이스 메이크업 등",,214420,대한민국,신규상장,주권,2015-07-10,,미래에셋증권 주식회사,기타 화학제품 제조업,200,"32,000","94,080,000","11,760,000",,,0.0,,, , ,,0% ,,,,,,,,,,,,,,,,,,,,,,,,
네추럴FNP,건강기능식품,,086220,대한민국,신규상장,주권,2015-07-09,,교보증권(주),도시락 및 식사용 조리식품 제조업,500,-,-,"7,384,275",,,0.0,,, , ,, ,,,,,,,,,,,,,,,,,,,,,,,,
구름컴퍼니,모바일 컨텐츠 개발 및 유통,,223220,대한민국,신규상장,주권,2015-07-09,,아이비케이투자증권(주),소프트웨어 개발 및 공급업,500,-,-,"3,400,000",,,0.0,,, , ,, ,,,,,,,,,,,,,,,,,,,,,,,,
미래에셋생명,생명보험상품,,085620,대한민국,신규상장,주권,2015-07-08,,"삼성증권(주),다이와증권캐피탈마켓코리아(주),씨티그룹글로벌마켓증권(주)",보험업,"5,000","7,500","340,499,820","145,180,000",,,0.0,,, , ,,0% ,,,,,,,,,,,,,,,,,,,,,,,,
솔트웍스,"전자식 기술교범, 가상정비훈련장비 콘텐츠",,222520,대한민국,신규상장,주권,2015-07-08,,아이비케이투자증권(주),소프트웨어 개발 및 공급업,500,-,-,"2,480,000",,,0.0,,, , ,, ,,,,,,,,,,,,,,,,,,,,,,,,
키움스팩3호,기업인수합병,,218710,대한민국,신규상장,주권,2015-07-06,,키움증권(주),금융 지원 서비스업,100,"2,000","13,000,000","6,700,000",,,0.0,,, , ,,0% ,,,,,,,,,,,,,,,,,,,,,,,,
동운아나텍,아날로그 반도체,,094170,대한민국,신규상장,주권,2015-06-30,,키움증권(주),반도체 제조업,500,"10,000","5,000,000","5,577,000",,,0.0,,, , ,,0% ,,,,,,,,,,,,,,,,,,,,,,,,
유테크,"도광판, 몰드프레임",,178780,대한민국,신규상장,주권,2015-06-30,,대신증권(주),전자부품 제조업,500,"9,000","9,090,000","4,915,300",,,0.0,,, , ,,0% ,,,,,,,,,,,,,,,,,,,,,,,,
민앤지,휴대폰부가서비스,,214180,대한민국,신규상장,주권,2015-06-30,,신한투자증권 주식회사,기타 정보 서비스업,500,"28,000","39,530,400","5,682,814",,,0.0,,, , ,,0% ,,,,,,,,,,,,,,,,,,,,,,,,
엔에이치스팩8호,,,218410,대한민국,신규상장,주권,2015-06-30,,엔에이치투자증권(주),금융 지원 서비스업,100,"2,000","13,000,000","6,830,000",,,0.0,,, , ,,0% ,,,,,,,,,,,,,,,,,,,,,,,,
골든브릿지제3호스팩,기업인수합병,,219580,대한민국,신규상장,주권,2015-06-30,,주식회사 상상인증권,금융 지원 서비스업,100,"2,000","8,800,000","4,900,000",,,0.0,,, , ,,0% ,,,,,,,,,,,,,,,,,,,,,,,,
경보제약,"아토르바스타틴, 세프티족심, 세프트리약손",,214390,대한민국,신규상장,주권,2015-06-29,,엔에이치투자증권(주),기초 의약물질 제조업,500,"15,000","143,441,250","23,906,860",,,0.0,,, , ,,0% ,,,,,,,,,,,,,,,,,,,,,,,,
바이오코아,"CRO(분석생동임상) 서비스, 유전체 분석 및 유전체 분석제품 개발 등",,216400,대한민국,신규상장,주권,2015-06-29,,신한투자증권(주),자연과학 및 공학 연구개발업,500,-,-,"6,821,676",,,0.0,,, , ,, ,,,,,,,,,,,,,,,,,,,,,,,,
핸디소프트,"EKP, BPM, NW장비, IoT",,220180,대한민국,신규상장,주권,2015-06-29,,해당없음,소프트웨어 개발 및 공급업,500,-,-,"3,694,780",,,0.0,,, , ,, ,,,,,,,,,,,,,,,,,,,,,,,,
유투바이오,유전자 분석 서비스,,221800,대한민국,신규상장,주권,2015-06-29,,신한투자증권(주),기타 과학기술 서비스업,500,-,-,"1,446,666",,,0.0,,, , ,, ,,,,,,,,,,,,,,,,,,,,,,,,
에스엔텍,"진공합착기, NPS",,160600,대한민국,신규상장,주권,2015-06-26,,케이비투자증권(주),특수 목적용 기계 제조업,500,"6,500","7,150,000","5,813,000",,,0.0,,, , ,,0% ,,,,,,,,,,,,,,,,,,,,,,,,
코아스템,줄기세포 치료제,,166480,대한민국,신규상장,주권,2015-06-26,,한국투자증권(주),의약품 제조업,500,"16,000","40,000,000","15,717,440",,,0.0,,, , ,,0% ,,,,,,,,,,,,,,,,,,,,,,,,
이베스트스팩2호,기업인수합병,,217600,대한민국,신규상장,주권,2015-06-26,,엘에스증권 주식회사,금융 지원 서비스업,100,"2,000","13,000,000","7,000,000",,,0.0,,, , ,,0% ,,,,,,,,,,,,,,,,,,,,,,,,
세미콘라이트,LED Chip,,214310,대한민국,신규상장,주권,2015-06-25,,엔에이치투자증권(주),반도체 제조업,500,"11,300","11,758,305","5,200,000",,,0.0,,, , ,,0% ,,,,,,,,,,,,,,,,,,,,,,,,
드림티엔터테인먼트,"매니지먼트, 음반(음원)",,220110,대한민국,신규상장,주권,2015-06-24,,해당없음,"그외 기타 전문, 과학 및 기술 서비스업",200,-,-,"5,000,000",,,0.0,,, , ,, ,,,,,,,,,,,,,,,,,,,,,,,,
에스케이디앤디,"비주거용 부동산개발 및 임대(오피스, 지식산업센터, 호텔 등)",,210980,대한민국,신규상장,주권,2015-06-23,,"신한투자증권 주식회사,대신증권(주)",부동산 임대 및 공급업,"1,000","26,000","76,700,000","9,870,000",,,0.0,,, , ,,0% ,,,,,,,,,,,,,,,,,,,,,,,,
씨앗,"잉크리본, 인화지",,103660,대한민국,신규상장,주권,2015-06-22,,대신증권(주),기타 화학제품 제조업,500,-,-,"1,799,980",,,0.0,,, , ,, ,,,,,,,,,,,,,,,,,,,,,,,,
나노바이오시스,체외진단 의료기기 및 진단시약류,,214610,대한민국,신규상장,주권,2015-06-22,,KB증권(주),의료용 기기 제조업,500,-,-,"3,224,202",,,0.0,,, , ,, ,,,,,,,,,,,,,,,,,,,,,,,,
베셀,디스플레이 제조장비,,177350,대한민국,이전상장,주권,2015-06-19,,키움증권(주),특수 목적용 기계 제조업,500,"9,000","5,400,000","4,119,655",,,0.0,,, , ,,0% ,,,,,,,,,,,,,,,,,,,,,,,,
대신밸런스제1호스팩,기업인수합병,,217270,대한민국,신규상장,주권,2015-06-18,,대신증권(주),금융 지원 서비스업,100,"2,000","10,000,000","5,124,000",,,0.0,,, , ,,0% ,,,,,,,,,,,,,,,,,,,,,,,,
하나머스트5호스팩,기업인수합병,,218150,대한민국,신규상장,주권,2015-06-18,,하나증권주식회사,금융 지원 서비스업,100,"2,000","7,000,000","3,530,000",,,0.0,,, , ,,0% ,,,,,,,,,,,,,,,,,,,,,,,,
싸이맥스,"웨이퍼 이송장치(Cluster Tool, EFEM, LPM 등)",,160980,대한민국,신규상장,주권,2015-06-17,,대신증권(주),특수 목적용 기계 제조업,500,"16,300","25,951,230","5,354,863",,,0.0,,, , ,,0% ,,,,,,,,,,,,,,,,,,,,,,,,
지티지웰니스,피부미용 의료기기 등,,219750,대한민국,신규상장,주권,2015-06-17,,대신증권(주),기계장비 및 관련 물품 도매업,500,-,-,"1,556,450",,,0.0,,, , ,, ,,,,,,,,,,,,,,,,,,,,,,,,
하이제3호스팩,기업인수합병,,217500,대한민국,신규상장,주권,2015-06-16,,iM증권,금융 지원 서비스업,100,"2,000","8,500,000","4,750,000",,,0.0,,, , ,,0% ,,,,,,,,,,,,,,,,,,,,,,,,
픽셀플러스,CMOS 이미지센서 및 칩셋,,087600,대한민국,신규상장,주권,2015-06-12,,한국투자증권(주),전자부품 제조업,500,"30,000","24,000,000","8,166,558",,,0.0,,, , ,,0% ,,,,,,,,,,,,,,,,,,,,,,,,
엔에이치스팩7호,,,217810,대한민국,신규상장,주권,2015-06-12,,엔에이치투자증권(주),금융 지원 서비스업,100,"2,000","8,400,000","4,830,000",,,0.0,,, , ,,0% ,,,,,,,,,,,,,,,,,,,,,,,,
한화ACPC스팩,기업인수합병,,217620,대한민국,신규상장,주권,2015-06-10,,(구)한화투자증권(주),금융 지원 서비스업,100,"2,000","13,500,000","7,450,000",,,0.0,,, , ,,0% ,,,,,,,,,,,,,,,,,,,,,,,,
제노포커스,산업용 효소,,187420,대한민국,신규상장,주권,2015-05-29,,한국투자증권(주),기초 의약물질 제조업,500,"11,000","13,200,000","6,754,667",,,0.0,,, , ,,0% ,,,,,,,,,,,,,,,,,,,,,,,,
틸론,"Cloud Solution (D,A,E,Rstation)",,217880,대한민국,신규상장,주권,2015-05-28,,(주)BNK투자증권,소프트웨어 개발 및 공급업,500,-,-,"1,600,000",,,0.0,,, , ,, ,,,,,,,,,,,,,,,,,,,,,,,,
미래에셋제3호스팩,기업인수합병,,215750,대한민국,신규상장,주권,2015-05-22,,미래에셋증권(주),금융 지원 서비스업,100,"2,000","11,400,000","6,100,000",,,0.0,,, , ,,0% ,,,,,,,,,,,,,,,,,,,,,,,,
대우스팩3호,기업인수및합병,,215580,대한민국,신규상장,주권,2015-05-19,,미래에셋증권 주식회사,금융 지원 서비스업,100,"2,000","10,000,000","5,410,000",,,0.0,,, , ,,0% ,,,,,,,,,,,,,,,,,,,,,,,,
관악산업,"수중공사, 준설공사 등",,076340,대한민국,신규상장,주권,2015-05-18,,한국투자증권(주),기반조성 및 시설물 축조관련 전문공사업,500,-,-,"4,871,460",,,0.0,,, , ,, ,,,,,,,,,,,,,,,,,,,,,,,,
한화MGI스팩,기업인수합병,,215380,대한민국,신규상장,주권,2015-05-18,,(구)한화투자증권(주),금융 지원 서비스업,100,"2,000","10,000,000","5,500,000",,,0.0,,, , ,,0% ,,,,,,,,,,,,,,,,,,,,,,,,
대우SBI스팩1호,기업인수및합병,,215480,대한민국,신규상장,주권,2015-05-13,,미래에셋증권 주식회사,금융 지원 서비스업,100,"2,000","5,500,000","3,535,000",,,0.0,,, , ,,0% ,,,,,,,,,,,,,,,,,,,,,,,,
엔에이치스펙5호,기업 인수 합병,,215790,대한민국,신규상장,주권,2015-05-08,,엔에이치투자증권(주),금융 지원 서비스업,100,"2,000","13,000,000","7,000,000",,,0.0,,, , ,,0% ,,,,,,,,,,,,,,,,,,,,,,,,
우리산업,ACTUATOR 등,,215360,대한민국,재상장,주권,2015-05-06,,(구)한화투자증권(주),자동차 신품 부품 제조업,500,-,-,"9,132,163",,,0.0,,, , ,, ,,,,,,,,,,,,,,,,,,,,,,,,
메가스터디교육,"일반 교과 학원, 온라인 교육 학원",,215200,대한민국,재상장,주권,2015-05-04,,교보증권(주),일반 교습 학원,500,-,-,"2,324,376",,,0.0,,, , ,, ,,,,,,,,,,,,,,,,,,,,,,,,
원텍,,,216280,대한민국,신규상장,주권,2015-04-29,,대신증권(주),의료용 기기 제조업,500,-,-,"3,990,000",,,0.0,,, , ,, ,,,,,,,,,,,,,,,,,,,,,,,,
썬테크,"자기진단형 발전기, 영구자석 회전자 발전기",,217320,대한민국,신규상장,주권,2015-04-29,,신영증권(주),"전동기, 발전기 및 전기 변환 · 공급 · 제어 장치 제조업",500,-,-,"1,050,000",,,0.0,,, , ,, ,,,,,,,,,,,,,,,,,,,,,,,,
이엘피,"AMOLED, LCD디스플레이 검사장비",,063760,대한민국,신규상장,주권,2015-04-28,,엔에이치투자증권(주),"측정, 시험, 항해, 제어 및 기타 정밀기기 제조업; 광학기기 제외",500,-,-,"3,177,500",,,0.0,,, , ,, ,,,,,,,,,,,,,,,,,,,,,,,,
유진에이씨피씨스팩2호,기업인수합병,,215090,대한민국,신규상장,주권,2015-04-28,,유진투자증권(주),금융 지원 서비스업,100,"2,000","10,000,000","5,500,000",,,0.0,,, , ,,0% ,,,,,,,,,,,,,,,,,,,,,,,,
하나머스트4호스팩,기업인수합병,,215100,대한민국,신규상장,주권,2015-04-22,,하나증권주식회사,금융 지원 서비스업,100,"2,000","5,500,000","2,800,000",,,0.0,,, , ,,0% ,,,,,,,,,,,,,,,,,,,,,,,,
한화에이스스팩1호,,,214680,대한민국,신규상장,주권,2015-04-20,,(구)한화투자증권(주),금융 지원 서비스업,100,"2,000","8,200,000","4,433,000",,,0.0,,, , ,,0% ,,,,,,,,,,,,,,,,,,,,,,,,
유지인트,소형 머시닝센터,,195990,대한민국,신규상장,주권,2015-04-13,,한국투자증권(주),특수 목적용 기계 제조업,500,"15,000","30,900,000","10,314,800",,,0.0,,, , ,,0% ,,,,,,,,,,,,,,,,,,,,,,,,
현성바이탈,"균형생식환, 황천고",,204990,대한민국,신규상장,주권,2015-04-03,,엔에이치투자증권(주),도시락 및 식사용 조리식품 제조업,500,-,-,"20,000,000",,,0.0,,, , ,, ,,,,,,,,,,,,,,,,,,,,,,,,
케이티비스팩2호,기업인수,,214150,대한민국,신규상장,주권,2015-04-03,,다올투자증권 주식회사,금융 지원 서비스업,100,"2,000","10,000,000","5,500,000",,,0.0,,, , ,,0% ,,,,,,,,,,,,,,,,,,,,,,,,
골프존,골프시뮬레이터,,215000,대한민국,재상장,주권,2015-04-03,,엔에이치투자증권(주),소프트웨어 개발 및 공급업,500,-,-,"6,275,415",,,0.0,,, , ,, ,,,,,,,,,,,,,,,,,,,,,,,,
SK1호스팩,기업인수합병,,207930,대한민국,신규상장,주권,2015-03-31,,SK증권(주),금융 지원 서비스업,100,"2,000","10,000,000","5,500,000",,,0.0,,, , ,,0% ,,,,,,,,,,,,,,,,,,,,,,,,
비엔디생활건강,세탁용 세제,,215050,대한민국,신규상장,주권,2015-03-30,,KB증권(주),기타 화학제품 제조업,100,-,-,"2,000,000",,,0.0,,, , ,, ,,,,,,,,,,,,,,,,,,,,,,,,
엔에스쇼핑,TV홈쇼핑,,138250,대한민국,신규상장,주권,2015-03-27,,"한국투자증권(주),하나증권주식회사,미래에셋증권(주)",무점포 소매업,"5,000","235,000","206,372,535","3,369,600",,,0.0,,, , ,,0% ,,,,,,,,,,,,,,,,,,,,,,,,
케이비제7호스팩,기업인수합병,,214270,대한민국,신규상장,주권,2015-03-25,,케이비투자증권(주),금융 지원 서비스업,100,"2,000","8,000,000","5,350,000",,,0.0,,, , ,,0% ,,,,,,,,,,,,,,,,,,,,,,,,
세화아이엠씨,"타이어 금형, 타이어 제조설비",,145210,대한민국,신규상장,주권,2015-03-19,,한국투자증권(주),특수 목적용 기계 제조업,500,"16,300","21,361,150","11,335,440",,,0.0,,, , ,,0% ,,,,,,,,,,,,,,,,,,,,,,,,
포시에스,기업용 리포팅 SW 및 BI(Business Intelligence) 솔루션 OZ 시리즈,,189690,대한민국,신규상장,주권,2015-02-11,,DB증권주식회사,소프트웨어 개발 및 공급업,500,"9,100","11,830,000","6,212,799",,,0.0,,, , ,,0% ,,,,,,,,,,,,,,,,,,,,,,,,
덕산네오룩스,"HTL(정공수송층), HIL(정공주입층), RED HOST",,213420,대한민국,재상장,주권,2015-02-06,,하나증권주식회사,전자부품 제조업,200,-,-,"12,007,770",,,0.0,,, , ,, ,,,,,,,,,,,,,,,,,,,,,,,,
골든브릿지제2호스팩,기업인수 및 합병,,206660,대한민국,신규상장,주권,2015-02-05,,주식회사 상상인증권,금융 지원 서비스업,100,"2,000","7,000,000","3,900,000",,,0.0,,, , ,,0% ,,,,,,,,,,,,,,,,,,,,,,,,
한솔제지,"인쇄용지, 산업용지, 특수지 제조 및 판매",,213500,대한민국,재상장,주권,2015-01-26,,신영증권(주),"펄프, 종이 및 판지 제조업","5,000",-,-,"16,536,509",,,0.0,,, , ,, ,,,,,,,,,,,,,,,,,,,,,,,,
디와이파워,유공압기기 등,,210540,대한민국,재상장,주권,2015-01-15,,삼성증권(주),특수 목적용 기계 제조업,500,-,-,"11,041,708",,,0.0,,, , ,, ,,,,,,,,,,,,,,,,,,,,,,,,
국일신동,황동봉,,060480,대한민국,신규상장,주권,2014-12-29,,IBK투자증권(주),1차 비철금속 제조업,500,"1,700","5,100,000","11,090,000",,,0.0,,, , ,,0% ,,,,,,,,,,,,,,,,,,,,,,,,
예스티,반도체 제조 장비 등,,122640,대한민국,신규상장,주권,2014-12-29,,엔에이치투자증권(주),특수 목적용 기계 제조업,500,-,-,"2,465,454",,,0.0,,, , ,, ,,,,,,,,,,,,,,,,,,,,,,,,
듀켐바이오,"방사성의약품, 의료기기, 장비, 암진단의약품 도매, 무역 장비 임대 암진단의약품 등 제조",,176750,대한민국,신규상장,주권,2014-12-29,,엔에이치투자증권(주),의약품 제조업,500,-,-,"4,000,000",,,0.0,,, , ,, ,,,,,,,,,,,,,,,,,,,,,,,,
영백씨엠,휴대폰용 진동모터,,193250,대한민국,신규상장,주권,2014-12-29,,하나증권주식회사,전자부품 제조업,500,"5,500","3,704,250","2,693,705",,,0.0,,, , ,,0% ,,,,,,,,,,,,,,,,,,,,,,,,
현대드림스팩2호,기업인수합병,,204630,대한민국,신규상장,주권,2014-12-29,,KB증권(주),금융 지원 서비스업,100,"2,000","13,000,000","6,815,000",,,0.0,,, , ,,0% ,,,,,,,,,,,,,,,,,,,,,,,,
엔에이치스팩2호,기업인수합병,,206640,대한민국,신규상장,주권,2014-12-29,,엔에이치투자증권(주)(농협),금융 지원 서비스업,100,"2,000","8,540,000","4,600,000",,,0.0,,, , ,,0% ,,,,,,,,,,,,,,,,,,,,,,,,
케이비제6호스팩,기업인수합병,,208640,대한민국,신규상장,주권,2014-12-29,,케이비투자증권(주),금융 지원 서비스업,100,"2,000","30,000,000","16,000,000",,,0.0,,, , ,,0% ,,,,,,,,,,,,,,,,,,,,,,,,
하이셈,반도체 테스트,,200470,대한민국,신규상장,주권,2014-12-26,,미래에셋증권 주식회사,"그외 기타 전문, 과학 및 기술 서비스업",500,"1,500","6,534,000","17,553,680",,,0.0,,, , ,,0% ,,,,,,,,,,,,,,,,,,,,,,,,
휴메딕스,"히알루론산 관절염치료제, 히알루론산 더말필러",,200670,대한민국,신규상장,주권,2014-12-26,,한국투자증권(주),의약품 제조업,500,"28,000","28,000,000","5,689,031",,,0.0,,, , ,,0% ,,,,,,,,,,,,,,,,,,,,,,,,
아스트,항공기용 부품 제조 및 동체 조립,,067390,대한민국,신규상장,주권,2014-12-24,,케이비투자증권(주),"항공기,우주선 및 부품 제조업",500,"9,500","27,119,470","12,516,293",,,0.0,,, , ,,0% ,,,,,,,,,,,,,,,,,,,,,,,,
오킨스전자,반도체 검사용 소켓,,080580,대한민국,신규상장,주권,2014-12-24,,미래에셋증권(주),전자부품 제조업,500,"7,100","13,010,920","6,200,000",,,0.0,,, , ,,0% ,,,,,,,,,,,,,,,,,,,,,,,,
엑시콘,반도체 검사장비 제조,,092870,대한민국,신규상장,주권,2014-12-24,,아이비케이투자증권(주),특수 목적용 기계 제조업,500,-,-,"6,823,500",,,0.0,,, , ,, ,,,,,,,,,,,,,,,,,,,,,,,,
서전기전,수배전반,,189860,대한민국,신규상장,주권,2014-12-24,,DB증권주식회사,"전동기, 발전기 및 전기 변환 · 공급 · 제어 장치 제조업",500,"6,500","7,884,500","4,849,390",,,0.0,,, , ,,0% ,,,,,,,,,,,,,,,,,,,,,,,,
래몽래인,TV드라마제작,,200350,대한민국,신규상장,주권,2014-12-24,,아이비케이투자증권(주),"영화, 비디오물, 방송프로그램 제작 및 배급업",500,-,-,"1,000,000",,,0.0,,, , ,, ,,,,,,,,,,,,,,,,,,,,,,,,
케이비제5호스팩,기업인수합병,,208350,대한민국,신규상장,주권,2014-12-24,,케이비투자증권(주),금융 지원 서비스업,100,"2,000","9,082,200","5,220,000",,,0.0,,, , ,,0% ,,,,,,,,,,,,,,,,,,,,,,,,
교보3호스팩,기업인수합병,,208710,대한민국,신규상장,주권,2014-12-24,,교보증권(주),금융 지원 서비스업,100,"2,000","10,000,000","5,100,000",,,0.0,,, , ,,0% ,,,,,,,,,,,,,,,,,,,,,,,,
하나머스트3호스팩,기업인수합병,,208870,대한민국,신규상장,주권,2014-12-24,,하나증권주식회사,금융 지원 서비스업,100,"2,000","4,500,000","2,360,000",,,0.0,,, , ,,0% ,,,,,,,,,,,,,,,,,,,,,,,,
아이티센,시스템통합 등,,124500,대한민국,이전상장,주권,2014-12-23,,IBK투자증권(주),"컴퓨터 프로그래밍, 시스템 통합 및 관리업",500,"7,500","7,500,000","4,311,520",,,0.0,,, , ,,0% ,,,,,,,,,,,,,,,,,,,,,,,,
뉴,영화 투자 및 배급,,160550,대한민국,신규상장,주권,2014-12-23,,엔에이치투자증권(주),"영화, 비디오물, 방송프로그램 제작 및 배급업",500,"16,300","33,764,831","13,203,053",,,0.0,,, , ,,0% ,,,,,,,,,,,,,,,,,,,,,,,,
제일모직,"패션, 건설, 레져, 급식 및 식자재 유통",,028260,대한민국,신규상장,주권,2014-12-18,,미래에셋증권 주식회사,유원지 및 기타 오락관련 서비스업,100,"53,000","1,523,747,350","135,000,000",,,0.0,,, , ,,0% ,,,,,,,,,,,,,,,,,,,,,,,,
에듀케이션파트너,방과후 교육,,208890,대한민국,신규상장,주권,2014-12-18,,주식회사 아이엠증권,교육지원 서비스업,"1,000",-,-,"1,990,820",,,0.0,,, , ,, ,,,,,,,,,,,,,,,,,,,,,,,,
소프트캠프,"문서보안소프트웨어, 영역보안 소프트웨어, 키보드보안 소프트웨어",,210610,대한민국,신규상장,주권,2014-12-18,,KB증권(주),소프트웨어 개발 및 공급업,500,-,-,"1,630,000",,,0.0,,, , ,, ,,,,,,,,,,,,,,,,,,,,,,,,
세종머티리얼즈,"비철금속, PCB 제조 등",,135270,대한민국,신규상장,주권,2014-12-17,,해당없음,1차 비철금속 제조업,500,-,-,"3,650,000",,,0.0,,, , ,, ,,,,,,,,,,,,,,,,,,,,,,,,
녹십자엠에스,"혈액백, 진단시약, 혈액투석액",,142280,대한민국,신규상장,주권,2014-12-17,,한국투자증권(주),의료용품 및 기타 의약 관련제품 제조업,500,"6,000","12,000,000","9,560,000",,,0.0,,, , ,,0% ,,,,,,,,,,,,,,,,,,,,,,,,
하이로닉,피부미용 의료기기,,149980,대한민국,이전상장,주권,2014-12-17,,신한투자증권 주식회사,의료용 기기 제조업,500,"51,000","28,050,000","2,774,729",,,0.0,,, , ,,0% ,,,,,,,,,,,,,,,,,,,,,,,,
디티앤씨,전기전자규격 인증서비스,,187220,대한민국,신규상장,주권,2014-12-17,,키움증권(주),기타 과학기술 서비스업,500,"18,500","39,534,500","9,437,374",,,0.0,,, , ,,0% ,,,,,,,,,,,,,,,,,,,,,,,,
우리SL스팩,기업 인수 합병,,207720,대한민국,신규상장,주권,2014-12-17,,엔에이치투자증권(주),금융 지원 서비스업,100,"2,000","4,000,000","2,505,000",,,0.0,,, , ,,0% ,,,,,,,,,,,,,,,,,,,,,,,,
엘아이지스팩 2호,기업 인수 및 합병,,208140,대한민국,신규상장,주권,2014-12-17,,케이프투자증권주식회사,금융 지원 서비스업,100,"2,000","5,000,000","2,710,000",,,0.0,,, , ,,0% ,,,,,,,,,,,,,,,,,,,,,,,,
하나머스트2호스팩,기업인수합병,,208370,대한민국,신규상장,주권,2014-12-17,,하나증권주식회사,금융 지원 서비스업,100,"2,000","10,000,000","5,400,000",,,0.0,,, , ,,0% ,,,,,,,,,,,,,,,,,,,,,,,,
랩지노믹스,체외진단 서비스 및 제품,,084650,대한민국,이전상장,주권,2014-12-16,,한국투자증권(주),자연과학 및 공학 연구개발업,500,"13,200","3,300,000","3,966,276",,,0.0,,, , ,,0% ,,,,,,,,,,,,,,,,,,,,,,,,
에이디테크놀로지,주문형 반도체,,200710,대한민국,신규상장,주권,2014-12-16,,한국투자증권(주),반도체 제조업,500,"15,000","15,000,000","4,009,695",,,0.0,,, , ,,0% ,,,,,,,,,,,,,,,,,,,,,,,,
이김프로덕션,"드라마, OST",,210120,대한민국,신규상장,주권,2014-12-16,,엔에이치투자증권(주),"영화, 비디오물, 방송프로그램 제작 및 배급업",500,-,-,"1,700,000",,,0.0,,, , ,, ,,,,,,,,,,,,,,,,,,,,,,,,
엠지메드,분자진단제품,,180400,대한민국,신규상장,주권,2014-12-15,,신한투자증권(주),기타 과학기술 서비스업,500,-,-,"1,714,320",,,0.0,,, , ,, ,,,,,,,,,,,,,,,,,,,,,,,,
비씨월드제약,"마취통증약, 순환계약, 항생제, 기타처방약",,200780,대한민국,신규상장,주권,2014-12-15,,"대신증권(주),미래에셋증권 주식회사",의약품 제조업,200,"15,700","25,999,859","5,855,723",,,0.0,,, , ,,0% ,,,,,,,,,,,,,,,,,,,,,,,,
유디피,"IP카메라, 지능형영상분석SW",,091270,대한민국,신규상장,주권,2014-12-12,,해당없음,소프트웨어 개발 및 공급업,500,-,-,"7,338,254",,,0.0,,, , ,, ,,,,,,,,,,,,,,,,,,,,,,,,
알테오젠,바이오시밀러 및 바이오베터,,196170,대한민국,신규상장,주권,2014-12-12,,한국투자증권(주),자연과학 및 공학 연구개발업,500,"26,000","23,400,000","5,579,333",,,0.0,,, , ,,0% ,,,,,,,,,,,,,,,,,,,,,,,,
동부스팩2호,기업인수합병,,207760,대한민국,신규상장,주권,2014-12-12,,DB증권주식회사,금융 지원 서비스업,100,"2,000","10,000,000","5,500,000",,,0.0,,, , ,,0% ,,,,,,,,,,,,,,,,,,,,,,,,
한국2호스팩,합병,,206400,대한민국,신규상장,주권,2014-12-10,,한국투자증권(주),금융 지원 서비스업,100,"2,000","10,000,000","5,500,000",,,0.0,,, , ,,0% ,,,,,,,,,,,,,,,,,,,,,,,,
세신버팔로,수공구,,110660,대한민국,신규상장,주권,2014-12-08,,해당없음,기타 금속 가공제품 제조업,500,-,-,"6,000,000",,,0.0,,, , ,, ,,,,,,,,,,,,,,,,,,,,,,,,
SKC코오롱PI,PI필름,,178920,대한민국,신규상장,주권,2014-12-08,,한국투자증권(주),플라스틱제품 제조업,500,"8,000","102,400,000","29,366,322",,,0.0,,, , ,,0% ,,,,,,,,,,,,,,,,,,,,,,,,
대창스틸,"냉연강판, 이중바닥재",,140520,대한민국,신규상장,주권,2014-12-05,,하나증권주식회사,1차 철강 제조업,500,"2,500","5,500,000","14,566,000",,,0.0,,, , ,,0% ,,,,,,,,,,,,,,,,,,,,,,,,
엘스트로,인터넷전자등기시스템,,150440,대한민국,신규상장,주권,2014-12-05,,KB증권(주),소프트웨어 개발 및 공급업,500,-,-,"7,037,600",,,0.0,,, , ,, ,,,,,,,,,,,,,,,,,,,,,,,,
에프엔씨,"콘서트, 음반/음원",,173940,대한민국,신규상장,주권,2014-12-04,,유진투자증권(주),오디오물 출판 및 원판 녹음업,500,"28,000","39,200,000","6,302,915",,,0.0,,, , ,,0% ,,,,,,,,,,,,,,,,,,,,,,,,
하이제2호스팩,기업인수합병,,205470,대한민국,신규상장,주권,2014-12-01,,iM증권,금융 지원 서비스업,100,"2,000","10,000,000","5,500,000",,,0.0,,, , ,,0% ,,,,,,,,,,,,,,,,,,,,,,,,
씨에스윈드,풍력발전타워 제조,,112610,대한민국,신규상장,주권,2014-11-27,,"삼성증권(주),미래에셋증권(주)","구조용 금속제품, 탱크 및 증기발생기 제조업",500,"43,500","256,650,000","17,285,715",,,0.0,,, , ,,0% ,,,,,,,,,,,,,,,,,,,,,,,,
바이오리더스,자궁경부전암 치료백신,,142760,대한민국,신규상장,주권,2014-11-26,,키움증권(주),자연과학 및 공학 연구개발업,500,-,-,"6,486,405",,,0.0,,, , ,, ,,,,,,,,,,,,,,,,,,,,,,,,
텔콘,"RF 통신부품(케이블 어셈블리, 커넥터 등)",,200230,대한민국,신규상장,주권,2014-11-24,,대신증권(주),통신 및 방송 장비 제조업,500,"14,500","20,300,000","5,022,000",,,0.0,,, , ,,0% ,,,,,,,,,,,,,,,,,,,,,,,,
케이티비스팩1호,기업인수,,204650,대한민국,신규상장,주권,2014-11-24,,다올투자증권 주식회사,금융 지원 서비스업,100,"2,000","10,000,000","5,500,000",,,0.0,,, , ,,0% ,,,,,,,,,,,,,,,,,,,,,,,,
파티게임즈,모바일 게임,,194510,대한민국,신규상장,주권,2014-11-21,,엔에이치투자증권(주),소프트웨어 개발 및 공급업,500,"13,000","12,480,000","4,592,400",,,0.0,,, , ,,0% ,,,,,,,,,,,,,,,,,,,,,,,,
IBKS제2호스팩,금융지원서비스업,,204840,대한민국,신규상장,주권,2014-11-20,,IBK투자증권(주),금융 지원 서비스업,100,"2,000","8,000,000","4,500,000",,,0.0,,, , ,,0% ,,,,,,,,,,,,,,,,,,,,,,,,
우리은행,"은행법에 의한 은행업무, 자본시장과 금융투자업에 관한 법률에 의한 신탁업무 및 외국환업무",,000030,대한민국,신규상장,주권,2014-11-19,,엔에이치투자증권(주),은행 및 저축기관,"5,000",-,-,"676,278,371",,,0.0,,, , ,, ,,,,,,,,,,,,,,,,,,,,,,,,
디에이테크놀로지,2차전지설비,,196490,대한민국,신규상장,주권,2014-11-19,,대신증권(주),특수 목적용 기계 제조업,500,"6,600","9,464,400","5,243,700",,,0.0,,, , ,,0% ,,,,,,,,,,,,,,,,,,,,,,,,
유안타제1호스팩,기업인수합병,,204620,대한민국,신규상장,주권,2014-11-19,,유안타증권(주),금융 지원 서비스업,100,"2,000","11,000,000","6,000,000",,,0.0,,, , ,,0% ,,,,,,,,,,,,,,,,,,,,,,,,
삼성에스디에스,"IT서비스, 물류BPO",,018260,대한민국,신규상장,주권,2014-11-14,,"한국투자증권(주),골드만삭스증권 서울지점,제이피모간증권회사 서울지점","컴퓨터 프로그래밍, 시스템 통합 및 관리업",500,"190,000","1,158,924,760","77,377,800",,,0.0,,, , ,,0% ,,,,,,,,,,,,,,,,,,,,,,,,
아이케이세미콘,비메모리 반도체,,149010,대한민국,신규상장,주권,2014-11-14,,미래에셋증권(주),반도체 제조업,500,-,-,"3,120,000",,,0.0,,, , ,, ,,,,,,,,,,,,,,,,,,,,,,,,
케이비제4호스팩,기업인수합병,,205500,대한민국,신규상장,주권,2014-11-12,,케이비투자증권(주),금융 지원 서비스업,100,"2,000","20,000,000","10,520,000",,,0.0,,, , ,,0% ,,,,,,,,,,,,,,,,,,,,,,,,
현대에이블스팩1호,기업인수합병,,204760,대한민국,신규상장,주권,2014-11-10,,KB증권(주),금융 지원 서비스업,100,"2,000","10,000,000","5,525,000",,,0.0,,, , ,,0% ,,,,,,,,,,,,,,,,,,,,,,,,
교보위드스팩,기업인수합병,,205100,대한민국,신규상장,주권,2014-11-07,,교보증권(주),금융 지원 서비스업,100,"2,000","7,800,000","4,200,000",,,0.0,,, , ,,0% ,,,,,,,,,,,,,,,,,,,,,,,,
테고사이언스,피부세포치료제,,191420,대한민국,신규상장,주권,2014-11-06,,엔에이치투자증권(주),기초 의약물질 제조업,500,"13,500","7,191,437","3,560,000",,,0.0,,, , ,,0% ,,,,,,,,,,,,,,,,,,,,,,,,
슈피겐코리아,"핸드폰 케이스, 액정보호필름",,192440,대한민국,신규상장,주권,2014-11-05,,삼성증권(주),그외 기타 제품 제조업,500,"27,500","50,875,000","6,216,363",,,0.0,,, , ,,0% ,,,,,,,,,,,,,,,,,,,,,,,,
옵토팩,이미지센서 패키징(NeoPac),,123010,대한민국,신규상장,주권,2014-10-31,,아이비케이투자증권(주),전자부품 제조업,500,-,-,"3,124,542",,,0.0,,, , ,, ,,,,,,,,,,,,,,,,,,,,,,,,
테라셈,이미지센서 패키징,,182690,대한민국,이전상장,주권,2014-10-30,,한국투자증권(주),반도체 제조업,500,"3,000","5,400,000","13,966,340",,,0.0,,, , ,,0% ,,,,,,,,,,,,,,,,,,,,,,,,
영우디에스피,OLED/LCD 디스플레이 검사장비,,143540,대한민국,신규상장,주권,2014-10-29,,키움증권(주),특수 목적용 기계 제조업,500,"5,000","6,500,000","4,606,182",,,0.0,,, , ,,0% ,,,,,,,,,,,,,,,,,,,,,,,,
유니포인트,"소프트웨어 개발, 도소매컴퓨터시스템 설계, 자문",,121060,대한민국,신규상장,주권,2014-10-24,,(주)BNK투자증권,소프트웨어 개발 및 공급업,"5,000",-,-,"598,167",,,0.0,,, , ,, ,,,,,,,,,,,,,,,,,,,,,,,,
대우스팩2호,기업인수및합병,,204440,대한민국,신규상장,주권,2014-10-22,,미래에셋증권 주식회사,금융 지원 서비스업,100,"2,000","10,500,000","5,750,000",,,0.0,,, , ,,0% ,,,,,,,,,,,,,,,,,,,,,,,,
신한제2호SPAC,,,203650,대한민국,신규상장,주권,2014-10-13,,신한투자증권 주식회사,금융 지원 서비스업,100,"2,000","10,000,000","5,500,000",,,0.0,,, , ,,0% ,,,,,,,,,,,,,,,,,,,,,,,,
메디아나,"환자감시장치, 자동심장 제세동기(AED)",,041920,대한민국,이전상장,주권,2014-10-07,,케이비투자증권(주),의료용 기기 제조업,500,"6,200","8,928,000","7,220,780",,,0.0,,, , ,,0% ,,,,,,,,,,,,,,,,,,,,,,,,
데브시스터즈,모바일 게임(쿠키런),,194480,대한민국,신규상장,주권,2014-10-06,,엔에이치투자증권(주),소프트웨어 개발 및 공급업,500,"53,000","143,100,000","10,800,000",,,0.0,,, , ,,0% ,,,,,,,,,,,,,,,,,,,,,,,,
만도,"제동장치, 조향장치, 현가장치",,204320,대한민국,재상장,주권,2014-10-06,,엔에이치투자증권(주),자동차 신품 부품 제조업,"5,000",-,-,"9,391,424",,,0.0,,, , ,, ,,,,,,,,,,,,,,,,,,,,,,,,
케이비제3호스팩,기업인수합병,,203690,대한민국,신규상장,주권,2014-09-30,,케이비투자증권(주),금융 지원 서비스업,100,"2,000","20,000,000","10,520,000",,,0.0,,, , ,,0% ,,,,,,,,,,,,,,,,,,,,,,,,
리드,"글라스이송장치, 온도조절장치, 열재생장치",,197210,대한민국,신규상장,주권,2014-09-26,,미래에셋증권(주),특수 목적용 기계 제조업,500,-,-,"1,530,040",,,0.0,,, , ,, ,,,,,,,,,,,,,,,,,,,,,,,,
다린,"펌프 디스펜서, 트리거 스프레이",,204690,대한민국,신규상장,주권,2014-09-18,,한국투자증권(주),플라스틱제품 제조업,500,-,-,"7,933,340",,,0.0,,, , ,, ,,,,,,,,,,,,,,,,,,,,,,,,
감마누,기지국 안테나 및 인빌딩 안테나,,192410,대한민국,신규상장,주권,2014-08-14,,한국투자증권(주),통신 및 방송 장비 제조업,500,"11,000","3,960,000","2,406,800",,,0.0,,, , ,,0% ,,,,,,,,,,,,,,,,,,,,,,,,
우리스팩3호,기업인수합병,,198440,대한민국,신규상장,주권,2014-08-13,,엔에이치투자증권(주),금융 지원 서비스업,100,"2,000","13,000,000","7,000,000",,,0.0,,, , ,,0% ,,,,,,,,,,,,,,,,,,,,,,,,
한주금속,"엔진부품, 샤시부품",,198940,대한민국,신규상장,주권,2014-08-12,,현대차증권(주),자동차 신품 부품 제조업,500,-,-,"7,220,000",,,0.0,,, , ,, ,,,,,,,,,,,,,,,,,,,,,,,,
판도라티비,"판도라TV, KM 플레이어",,202960,대한민국,신규상장,주권,2014-08-11,,아이비케이투자증권(주),소프트웨어 개발 및 공급업,500,-,-,"4,945,653",,,0.0,,, , ,, ,,,,,,,,,,,,,,,,,,,,,,,,
신화콘텍,"커넥터(정보통신기기용, 디스플레이용, HDD용 등)",,187270,대한민국,신규상장,주권,2014-08-08,,KB증권(주),"전동기, 발전기 및 전기 변환 · 공급 · 제어 장치 제조업",500,"9,100","14,560,000","7,469,661",,,0.0,,, , ,,0% ,,,,,,,,,,,,,,,,,,,,,,,,
한일이화,자동차 도어 트림 및 시트,,200880,대한민국,재상장,주권,2014-08-08,,케이비투자증권(주),자동차 신품 부품 제조업,500,-,-,"27,028,437",,,0.0,,, , ,, ,,,,,,,,,,,,,,,,,,,,,,,,
쿠쿠전자,주방용 전기기기 제조업,,192400,대한민국,신규상장,주권,2014-08-06,,엔에이치투자증권(주),가정용 기기 제조업,500,"104,000","254,887,360","9,803,360",,,0.0,,, , ,,0% ,,,,,,,,,,,,,,,,,,,,,,,,
파버나인,"TV 외관제품(프레임, 스탠드)",,177830,대한민국,신규상장,주권,2014-08-04,,"한국투자증권(주),케이비투자증권(주)",전자부품 제조업,500,"12,500","13,750,000","4,083,000",,,0.0,,, , ,,0% ,,,,,,,,,,,,,,,,,,,,,,,,
덕신하우징,일체형 데크플레이트 등,,090410,대한민국,신규상장,주권,2014-08-01,,KB증권(주),"구조용 금속제품, 탱크 및 증기발생기 제조업",500,"13,000","26,000,000","8,012,000",,,0.0,,, , ,,0% ,,,,,,,,,,,,,,,,,,,,,,,,
창해에탄올,"주정(발효주정, 정제주정) 등",,004650,대한민국,신규상장,주권,2014-07-30,,엔에이치투자증권(주),알코올음료 제조업,500,"8,300","15,777,229","6,175,230",,,0.0,,, , ,,0% ,,,,,,,,,,,,,,,,,,,,,,,,
윈하이텍,데크 플레이트(건설용거푸집),,192390,대한민국,신규상장,주권,2014-07-25,,엔에이치투자증권(주),"구조용 금속제품, 탱크 및 증기발생기 제조업",500,"8,300","21,912,000","6,600,300",,,0.0,,, , ,,0% ,,,,,,,,,,,,,,,,,,,,,,,,
아진엑스텍,"전자집적회로, 모션제어칩",,059120,대한민국,이전상장,주권,2014-07-24,,신한투자증권 주식회사,반도체 제조업,500,"7,000","7,000,000","5,630,000",,,0.0,,, , ,,0% ,,,,,,,,,,,,,,,,,,,,,,,,
미래에셋제2호스팩,기업인수합병,,200130,대한민국,신규상장,주권,2014-07-23,,미래에셋증권(주),금융 지원 서비스업,100,"2,000","13,000,000","7,000,000",,,0.0,,, , ,,0% ,,,,,,,,,,,,,,,,,,,,,,,,
유니온커뮤니티,지문인식출입통제기,,203450,대한민국,신규상장,주권,2014-07-23,,해당없음,통신 및 방송 장비 제조업,500,-,-,"10,907,000",,,0.0,,, , ,, ,,,,,,,,,,,,,,,,,,,,,,,,
화인베스틸,"조선용 형강(부등변 부등후 앵글, 부등호 앵글, 등변앵글 평철 등)",,133820,대한민국,신규상장,주권,2014-07-22,,KB증권(주),1차 철강 제조업,500,"4,700","30,237,732","32,100,000",,,0.0,,, , ,,0% ,,,,,,,,,,,,,,,,,,,,,,,,
에이비온,"신약개발, CRO 서비스",,203400,대한민국,신규상장,주권,2014-07-21,,유진투자증권(주),자연과학 및 공학 연구개발업,500,-,-,"4,780,000",,,0.0,,, , ,, ,,,,,,,,,,,,,,,,,,,,,,,,
트루윈,"자동차용 센서(APS, TPS, IAPS, SLS)",,105550,대한민국,신규상장,주권,2014-07-11,,하나증권주식회사,자동차 신품 부품 제조업,500,"10,500","12,600,000","6,336,000",,,0.0,,, , ,,0% ,,,,,,,,,,,,,,,,,,,,,,,,
아시아종묘,종자 생산,,154030,대한민국,신규상장,주권,2014-07-08,,대신증권(주),작물 재배업,500,-,-,"6,076,620",,,0.0,,, , ,, ,,,,,,,,,,,,,,,,,,,,,,,,
큐엠씨,"반도체, LED, FPD 제조 및 검사 장비",,136660,대한민국,신규상장,주권,2014-07-01,,하나증권(주),특수 목적용 기계 제조업,500,-,-,"892,000",,,0.0,,, , ,, ,,,,,,,,,,,,,,,,,,,,,,,,
데이터스트림즈,TeraStream,,199150,대한민국,신규상장,주권,2014-06-25,,키움증권(주),소프트웨어 개발 및 공급업,500,-,-,"4,015,598",,,0.0,,, , ,, ,,,,,,,,,,,,,,,,,,,,,,,,
툴젠,"유전자가위(TALEN, RGEN) 및 이와 파생되는 세포 및 동물",,199800,대한민국,신규상장,주권,2014-06-25,,한국투자증권(주),자연과학 및 공학 연구개발업,500,-,-,"4,553,000",,,0.0,,, , ,, ,,,,,,,,,,,,,,,,,,,,,,,,
디피앤케이,의류,,189700,대한민국,신규상장,주권,2014-06-10,,해당없음,봉제의복 제조업,500,-,-,"4,739,240",,,0.0,,, , ,, ,,,,,,,,,,,,,,,,,,,,,,,,
하나머스트스팩,기업인수합병,,194610,대한민국,신규상장,주권,2014-06-10,,하나증권주식회사,금융 지원 서비스업,100,"2,000","5,000,000","2,710,000",,,0.0,,, , ,,0% ,,,,,,,,,,,,,,,,,,,,,,,,
차디오스텍,휴대폰용 카메라 렌즈모듈 제조,,196450,대한민국,재상장,주권,2014-06-02,,교보증권(주),사진장비 및 광학기기 제조업,500,-,-,"18,872,534",,,0.0,,, , ,, ,,,,,,,,,,,,,,,,,,,,,,,,
디지캡,"콘텐츠 보안 솔루션, 방송서비스 솔루션, N-스크린 솔루션",,197140,대한민국,신규상장,주권,2014-05-30,,KB증권(주),소프트웨어 개발 및 공급업,500,-,-,"3,153,581",,,0.0,,, , ,, ,,,,,,,,,,,,,,,,,,,,,,,,
캐스텍코리아,자동차용 터보차저 부품,,071850,대한민국,신규상장,주권,2014-05-27,,한국투자증권(주),자동차 신품 부품 제조업,500,"6,500","16,250,000","12,373,089",,,0.0,,, , ,,0% ,,,,,,,,,,,,,,,,,,,,,,,,
KNB금융지주,금융지주회사,,192520,대한민국,재상장,주권,2014-05-22,,대신증권(주),기타 금융업,"5,000",-,-,"78,420,912",,,0.0,,, , ,, ,,,,,,,,,,,,,,,,,,,,,,,,
KJB금융지주,금융지주회사,,192530,대한민국,재상장,주권,2014-05-22,,대신증권(주),기타 금융업,"5,000",-,-,"51,316,057",,,0.0,,, , ,, ,,,,,,,,,,,,,,,,,,,,,,,,
BGF리테일,연쇄화 편의점,,027410,대한민국,신규상장,주권,2014-05-19,,삼성증권(주),종합 소매업,"1,000","41,000","252,561,230","24,640,080",,,0.0,,, , ,,0% ,,,,,,,,,,,,,,,,,,,,,,,,
유진스팩1호,,,187790,대한민국,신규상장,주권,2014-05-08,,유진투자증권(주),기타 금융업,100,"2,000","10,000,000","5,500,000",,,0.0,,, , ,,0% ,,,,,,,,,,,,,,,,,,,,,,,,
케이비제2호스팩,,,192250,대한민국,신규상장,주권,2014-04-28,,케이비투자증권(주),금융 지원 서비스업,100,"2,000","14,800,000","7,715,100",,,0.0,,, , ,,0% ,,,,,,,,,,,,,,,,,,,,,,,,
씨아이에스,"2차전지 공정용 롤프레스, 슬리터, 코터 등",,144630,대한민국,신규상장,주권,2014-04-25,,한국투자증권(주),특수 목적용 기계 제조업,500,-,-,"3,333,320",,,0.0,,, , ,, ,,,,,,,,,,,,,,,,,,,,,,,,
에스와이이노베이션,"사파이어 웨이퍼 카세트, TFT_LCD 레티클 카세트 등",,194860,대한민국,신규상장,주권,2014-04-25,,아이비케이투자증권(주),플라스틱제품 제조업,500,-,-,"1,500,000",,,0.0,,, , ,, ,,,,,,,,,,,,,,,,,,,,,,,,
프렉코,"휴대폰힌지, 휴대폰케이스, 가전제품",,082220,대한민국,신규상장,주권,2014-04-11,,해당없음,통신 및 방송 장비 제조업,500,-,-,"4,001,000",,,0.0,,, , ,, ,,,,,,,,,,,,,,,,,,,,,,,,
코스맥스,화장품,,192820,대한민국,재상장,주권,2014-04-07,,대신증권(주),기타 화학제품 제조업,500,-,-,"8,999,509",,,0.0,,, , ,, ,,,,,,,,,,,,,,,,,,,,,,,,
비지스틸,"철강제품 포장재(단면측판, 내·외주링)",,179440,대한민국,신규상장,주권,2014-02-28,,아이비케이투자증권(주),1차 철강 제조업,200,-,-,"3,174,875",,,0.0,,, , ,, ,,,,,,,,,,,,,,,,,,,,,,,,
나이코,"철강제품 포장재(판지, 플라스틱, Seal)",,192240,대한민국,신규상장,주권,2014-02-28,,아이비케이투자증권(주),기타 종이 및 판지 제품 제조업,500,-,-,"1,708,300",,,0.0,,, , ,, ,,,,,,,,,,,,,,,,,,,,,,,,
오이솔루션,광트랜시버,,138080,대한민국,신규상장,주권,2014-02-27,,대신증권(주),통신 및 방송 장비 제조업,500,"10,000","7,769,450","5,179,610",,,0.0,,, , ,,0% ,,,,,,,,,,,,,,,,,,,,,,,,
인터파크INT,"온라인쇼핑, 도서, ENT(공연티켓 등), 투어",,108790,대한민국,신규상장,주권,2014-02-06,,미래에셋증권 주식회사,무점포 소매업,500,"7,700","52,414,462","32,430,190",,,0.0,,, , ,,0% ,,,,,,,,,,,,,,,,,,,,,,,,
한국정보인증,"공인인증서, PKI솔루션 등",,053300,대한민국,신규상장,주권,2014-02-04,,KB증권(주),소프트웨어 개발 및 공급업,500,"1,800","9,720,000","26,965,000",,,0.0,,, , ,,0% ,,,,,,,,,,,,,,,,,,,,,,,,
유비온,이러닝(E-Learning),,084440,대한민국,신규상장,주권,2014-01-21,,미래에셋증권(주),기타 정보 서비스업,500,-,-,"2,997,107",,,0.0,,, , ,, ,,,,,,,,,,,,,,,,,,,,,,,,
이지웰페어,선택적복리후생서비스,,090850,대한민국,신규상장,주권,2013-12-27,,한국투자증권(주),소프트웨어 개발 및 공급업,500,"4,400","4,400,000","9,893,000",,,0.0,,, , ,,0% ,,,,,,,,,,,,,,,,,,,,,,,,
솔루에타,전자파차폐소재,,154040,대한민국,신규상장,주권,2013-12-27,,키움증권(주),전자부품 제조업,500,"24,000","24,000,000","5,129,925",,,0.0,,, , ,,0% ,,,,,,,,,,,,,,,,,,,,,,,,
하나일렉콤,EMI차폐부품,,103650,대한민국,신규상장,주권,2013-12-26,,교보증권(주),전자부품 제조업,500,-,-,"3,000,000",,,0.0,,, , ,, ,,,,,,,,,,,,,,,,,,,,,,,,
위월드,"이동위성통신안테나, 위성방송시스템",,140660,대한민국,신규상장,주권,2013-12-26,,엔에이치투자증권(주),통신 및 방송 장비 제조업,500,-,-,"2,487,252",,,0.0,,, , ,, ,,,,,,,,,,,,,,,,,,,,,,,,
알엔투테크놀로지,"Coupler, Substrate, Powder",,148250,대한민국,신규상장,주권,2013-12-24,,하나증권(주),전자부품 제조업,500,-,-,"2,386,828",,,0.0,,, , ,, ,,,,,,,,,,,,,,,,,,,,,,,,
씨이랩,"구피(Guppii), 전통시장활성화솔루션(Smilero), 소셜VOC",,189330,대한민국,신규상장,주권,2013-12-24,,아이비케이투자증권(주),"컴퓨터 프로그래밍, 시스템 통합 및 관리업",500,-,-,"1,980,000",,,0.0,,, , ,, ,,,,,,,,,,,,,,,,,,,,,,,,
코셋,광통신용 증폭기,,189350,대한민국,신규상장,주권,2013-12-24,,아이비케이투자증권(주),통신 및 방송 장비 제조업,500,-,-,"4,000,000",,,0.0,,, , ,, ,,,,,,,,,,,,,,,,,,,,,,,,
씨티네트웍스,광통신소재 및 광접속류품,,189540,대한민국,신규상장,주권,2013-12-24,,해당없음,통신 및 방송 장비 제조업,500,-,-,"1,999,990",,,0.0,,, , ,, ,,,,,,,,,,,,,,,,,,,,,,,,
매직마이크로,LED용 및 반도체용 리드프레임,,127160,대한민국,신규상장,주권,2013-12-20,,해당없음,전자부품 제조업,500,-,-,"4,025,000",,,0.0,,, , ,, ,,,,,,,,,,,,,,,,,,,,,,,,
청광종건,"관도급, BTL, 자체사업",,140290,대한민국,신규상장,주권,2013-12-20,,현대차증권(주),토목 건설업,500,-,-,"10,000,000",,,0.0,,, , ,, ,,,,,,,,,,,,,,,,,,,,,,,,
대동고려삼,"인삼식품(홍삼진액, 홍삼정)",,178600,대한민국,신규상장,주권,2013-12-20,,대신증권(주),도시락 및 식사용 조리식품 제조업,500,-,-,"4,400,000",,,0.0,,, , ,, ,,,,,,,,,,,,,,,,,,,,,,,,
키움스팩2호,기업 인수 합병,,184230,대한민국,신규상장,주권,2013-12-20,,키움증권(주),금융 지원 서비스업,100,"2,000","13,000,000","7,000,000",,,0.0,,, , ,,0% ,,,,,,,,,,,,,,,,,,,,,,,,
그린플러스,"알루미늄 압출 및 가공제품, 첨단유리온실, 식물재배시스템",,186230,대한민국,신규상장,주권,2013-12-20,,한국투자증권(주),1차 비철금속 제조업,500,-,-,"2,357,500",,,0.0,,, , ,, ,,,,,,,,,,,,,,,,,,,,,,,,
기가레인,RF통신부품 및 반도체 장비,,049080,대한민국,신규상장,주권,2013-12-19,,하나증권주식회사,전자부품 제조업,500,"5,500","21,786,023","15,963,213",,,0.0,,, , ,,0% ,,,,,,,,,,,,,,,,,,,,,,,,
인트로메딕,"캡슐내시경, 일회용 연성내시경",,150840,대한민국,신규상장,주권,2013-12-19,,한국투자증권(주),의료용 기기 제조업,500,"6,000","4,200,000","6,952,178",,,0.0,,, , ,,0% ,,,,,,,,,,,,,,,,,,,,,,,,
판타지오,"연예인매니지먼트, 영화 및 드라마 제작",,187770,대한민국,신규상장,주권,2013-12-12,,하나증권(주),"그외 기타 전문, 과학 및 기술 서비스업",500,-,-,"2,306,840",,,0.0,,, , ,, ,,,,,,,,,,,,,,,,,,,,,,,,
한중,"자동차부품(배기시스템부품, WCS 등)",,107640,대한민국,신규상장,주권,2013-12-10,,아이비케이투자증권(주),자동차 신품 부품 제조업,500,-,-,"3,700,000",,,0.0,,, , ,, ,,,,,,,,,,,,,,,,,,,,,,,,
금오하이텍,"PVC FRAME, ABS SHEET 등",,165270,대한민국,신규상장,주권,2013-12-10,,해당없음,플라스틱제품 제조업,500,-,-,"4,573,630",,,0.0,,, , ,, ,,,,,,,,,,,,,,,,,,,,,,,,
알티캐스트,"디지털 방송용 소프트웨어(셋톱박스용 미들웨어 등), CAS(수신제한시스템)",,085810,대한민국,신규상장,주권,2013-12-06,,한국투자증권(주),소프트웨어 개발 및 공급업,500,"8,500","17,000,000","18,194,997",,,0.0,,, , ,,0% ,,,,,,,,,,,,,,,,,,,,,,,,
종근당,"딜라트렌,리피로우",,185750,대한민국,재상장,주권,2013-12-06,,엔에이치투자증권(주),의약품 제조업,"2,500",-,-,"9,409,050",,,0.0,,, , ,, ,,,,,,,,,,,,,,,,,,,,,,,,
현대공업,"시트패드, 암레스트, 헤드레스트",,170030,대한민국,신규상장,주권,2013-12-04,,신영증권(주),자동차 신품 부품 제조업,500,"7,500","22,525,763","10,000,000",,,0.0,,, , ,,0% ,,,,,,,,,,,,,,,,,,,,,,,,
엔브이에이치코리아,"헤드라이너, NVH부품",,067570,대한민국,신규상장,주권,2013-12-03,,미래에셋증권(주),자동차 신품 부품 제조업,500,"4,500","38,250,000","28,722,222",,,0.0,,, , ,,0% ,,,,,,,,,,,,,,,,,,,,,,,,
아이진,"당뇨망막증치료제, 욕창치료제, 자궁경부암예방백신",,185490,대한민국,신규상장,주권,2013-11-28,,엔에이치투자증권(주),자연과학 및 공학 연구개발업,500,-,-,"7,600,288",,,0.0,,, , ,, ,,,,,,,,,,,,,,,,,,,,,,,,
디엠티,셋톱박스,,134580,대한민국,신규상장,주권,2013-11-26,,하나증권주식회사,통신 및 방송 장비 제조업,500,"5,700","6,113,632","7,500,000",,,0.0,,, , ,,0% ,,,,,,,,,,,,,,,,,,,,,,,,
신송홀딩스,사업경영 및 관리자문,,006880,대한민국,신규상장,주권,2013-11-21,,엔에이치투자증권(주),회사 본부 및 경영 컨설팅 서비스업,500,"6,500","23,066,277","11,828,858",,,0.0,,, , ,,0% ,,,,,,,,,,,,,,,,,,,,,,,,
우리스팩2호,기업 인수 합병,,182360,대한민국,신규상장,주권,2013-11-21,,엔에이치투자증권(주),금융 지원 서비스업,100,"2,000","13,000,000","7,000,000",,,0.0,,, , ,,0% ,,,,,,,,,,,,,,,,,,,,,,,,
라이온켐텍,"합성왁스, 인조대리석",,171120,대한민국,신규상장,주권,2013-11-19,,하나증권주식회사,기타 화학제품 제조업,500,"12,500","37,011,563","10,163,425",,,0.0,,, , ,,0% ,,,,,,,,,,,,,,,,,,,,,,,,
램테크놀러지,"AMOLED 마스크 세정액, 반도체 식각액, 반도체 박리액",,171010,대한민국,신규상장,주권,2013-11-18,,한국투자증권(주),기초 화학물질 제조업,500,"3,900","4,875,000","6,826,647",,,0.0,,, , ,,0% ,,,,,,,,,,,,,,,,,,,,,,,,
미동전자통신,"차량용 블랙박스, 차량운행보조시스템",,161570,대한민국,신규상장,주권,2013-11-13,,엔에이치투자증권(주),영상 및 음향기기 제조업,500,"20,000","19,417,460","3,000,000",,,0.0,,, , ,,0% ,,,,,,,,,,,,,,,,,,,,,,,,
닉스테크,정보보안솔루션,,063840,대한민국,신규상장,주권,2013-11-12,,신한투자증권(주),소프트웨어 개발 및 공급업,500,-,-,"5,600,000",,,0.0,,, , ,, ,,,,,,,,,,,,,,,,,,,,,,,,
데카시스템,골프거리측정기,,183410,대한민국,신규상장,주권,2013-11-12,,주식회사 아이엠증권,"측정, 시험, 항해, 제어 및 기타 정밀기기 제조업; 광학기기 제외",500,-,-,"3,533,080",,,0.0,,, , ,, ,,,,,,,,,,,,,,,,,,,,,,,,
이푸른,혼합조사료,,185280,대한민국,신규상장,주권,2013-11-12,,해당없음,산업용 농·축산물 및 동·식물 도매업,500,-,-,"1,727,000",,,0.0,,, , ,, ,,,,,,,,,,,,,,,,,,,,,,,,
에이씨티,기능성 화장품 원료,,138360,대한민국,신규상장,주권,2013-11-08,,한국투자증권(주),기타 화학제품 제조업,500,"8,100","8,505,000","6,000,000",,,0.0,,, , ,,0% ,,,,,,,,,,,,,,,,,,,,,,,,
해성옵틱스,"렌즈모듈, 카메라 모듈",,076610,대한민국,신규상장,주권,2013-11-06,,엔에이치투자증권(주),사진장비 및 광학기기 제조업,500,"6,600","21,615,330","16,375,000",,,0.0,,, , ,,0% ,,,,,,,,,,,,,,,,,,,,,,,,
아세아시멘트,"시멘트, 레미콘, 몰탈",,183190,대한민국,재상장,주권,2013-11-06,,엔에이치투자증권(주),"시멘트, 석회, 플라스터 및 그 제품 제조업","5,000",-,-,"3,295,809",,,0.0,,, , ,, ,,,,,,,,,,,,,,,,,,,,,,,,
(주)내츄럴엔도텍,백수오 여성호르몬제,,168330,대한민국,신규상장,주권,2013-10-31,,키움증권(주),자연과학 및 공학 연구개발업,500,"40,000","21,200,000","5,260,120",,,0.0,,, , ,,0% ,,,,,,,,,,,,,,,,,,,,,,,,
현대로템,"철도차량, 특수중기, 산업기계",,064350,대한민국,신규상장,주권,2013-10-30,,미래에셋증권 주식회사,철도장비 제조업,"5,000","23,000","622,380,000","85,000,000",,,0.0,,, , ,,0% ,,,,,,,,,,,,,,,,,,,,,,,,
칩스앤미디어,Video IP,,094360,대한민국,신규상장,주권,2013-10-29,,한국투자증권(주),소프트웨어 개발 및 공급업,500,-,-,"2,728,202",,,0.0,,, , ,, ,,,,,,,,,,,,,,,,,,,,,,,,
수프로,조경수용 수목,,185190,대한민국,신규상장,주권,2013-10-29,,아이비케이투자증권(주),산업용 농·축산물 및 동·식물 도매업,500,-,-,"3,325,450",,,0.0,,, , ,, ,,,,,,,,,,,,,,,,,,,,,,,,
테스나,반도체 테스트,,131970,대한민국,신규상장,주권,2013-10-22,,키움증권(주),"그외 기타 전문, 과학 및 기술 서비스업",500,"13,500","9,767,952","6,850,000",,,0.0,,, , ,,0% ,,,,,,,,,,,,,,,,,,,,,,,,
파수닷컴,기업용 문서보안 솔루션,,150900,대한민국,신규상장,주권,2013-10-18,,삼성증권(주),소프트웨어 개발 및 공급업,500,"5,800","9,280,000","7,929,695",,,0.0,,, , ,,0% ,,,,,,,,,,,,,,,,,,,,,,,,
테라셈,이미지센서 패키징,,182690,대한민국,신규상장,주권,2013-10-11,,한국투자증권(주),전자부품 제조업,500,-,-,"12,112,340",,,0.0,,, , ,, ,,,,,,,,,,,,,,,,,,,,,,,,
엘피케이,직교좌표로봇,,183350,대한민국,신규상장,주권,2013-10-11,,KB증권(주),특수 목적용 기계 제조업,500,-,-,"1,722,720",,,0.0,,, , ,, ,,,,,,,,,,,,,,,,,,,,,,,,
엘티씨,LCD 및 반도체용 박리액,,170920,대한민국,신규상장,주권,2013-10-08,,키움증권(주),기초 화학물질 제조업,500,"20,500","26,728,474","6,550,000",,,0.0,,, , ,,0% ,,,,,,,,,,,,,,,,,,,,,,,,
지엔씨에너지,"비상발전기, 소형열병합발전설비, 바이오가스발전설비",,119850,대한민국,신규상장,주권,2013-10-02,,교보증권(주),"전동기, 발전기 및 전기 변환 · 공급 · 제어 장치 제조업",500,"6,000","7,200,000","4,346,667",,,0.0,,, , ,,0% ,,,,,,,,,,,,,,,,,,,,,,,,
세화피앤씨,"염모제 및 두발용 화장품(리체나, 비해피 등)",,085980,대한민국,신규상장,주권,2013-09-25,,아이비케이투자증권(주),기타 화학제품 제조업,500,-,-,"3,704,100",,,0.0,,, , ,, ,,,,,,,,,,,,,,,,,,,,,,,,
엔지켐,"디사이크로세린(의약폼원료), 세파제돈, 세프부페라존",,183490,대한민국,신규상장,주권,2013-09-25,,한국투자증권(주),기초 의약물질 제조업,500,-,-,"3,566,660",,,0.0,,, , ,, ,,,,,,,,,,,,,,,,,,,,,,,,
한진칼,"지주사업, 경영자문 및 컨설팅",,180640,대한민국,재상장,주권,2013-09-16,,하나증권주식회사,회사 본부 및 경영 컨설팅 서비스업,"2,500",-,-,"28,890,396",,,0.0,,, , ,, ,,,,,,,,,,,,,,,,,,,,,,,,
아미코젠,제약용 특수효소 및 효소기반 바이오신소재,,092040,대한민국,신규상장,주권,2013-09-12,,엔에이치투자증권(주),도시락 및 식사용 조리식품 제조업,500,"25,000","15,762,975","4,125,000",,,0.0,,, , ,,0% ,,,,,,,,,,,,,,,,,,,,,,,,
NHN엔터테인먼트,한게임,,181710,대한민국,재상장,주권,2013-08-29,,엔에이치투자증권(주),소프트웨어 개발 및 공급업,500,-,-,"15,165,025",,,0.0,,, , ,, ,,,,,,,,,,,,,,,,,,,,,,,,
힘스인터내셔널,"점자정보단말기, 독서확대기, 문자인식단말기",,181980,대한민국,신규상장,주권,2013-08-14,,하나증권(주),의료용 기기 제조업,500,-,-,"1,600,000",,,0.0,,, , ,, ,,,,,,,,,,,,,,,,,,,,,,,,
금호엔티,"자동차용 부직포, 폴리우레탄 폼",,130500,대한민국,신규상장,주권,2013-08-02,,미래에셋증권(주),기타 섬유제품 제조업,500,"3,100","7,440,000","7,000,000",,,0.0,,, , ,,0% ,,,,,,,,,,,,,,,,,,,,,,,,
파이오링크,"ADC(서버부하 분산장치), 보안스위치, 웹방화벽",,170790,대한민국,신규상장,주권,2013-08-01,,케이프투자증권주식회사,통신 및 방송 장비 제조업,500,"10,500","12,600,000","5,142,330",,,0.0,,, , ,,0% ,,,,,,,,,,,,,,,,,,,,,,,,
KG ETS,"집단에너지(스팀), 산화동, 폐기물 소각",,151860,대한민국,신규상장,주권,2013-07-24,,엔에이치투자증권(주),"증기, 냉·온수 및 공기조절 공급업",500,"3,800","30,827,120","36,000,000",,,0.0,,, , ,,0% ,,,,,,,,,,,,,,,,,,,,,,,,
JB금융지주,금융지주 회사,,175330,대한민국,신규상장,주권,2013-07-18,,대신증권(주),기타 금융업,"5,000",-,-,"66,824,362",,,0.0,,, , ,, ,,,,,,,,,,,,,,,,,,,,,,,,
나스미디어,광고매체 판매,,089600,대한민국,신규상장,주권,2013-07-17,,케이비투자증권(주),광고업,500,"8,800","16,887,200","8,246,432",,,0.0,,, , ,,0% ,,,,,,,,,,,,,,,,,,,,,,,,
하이골드12호,,,172580,대한민국,신규상장,선박투자회사,2013-07-12,,,,"5,000","5,087","66,352,285","13,044,500",,,0.0,,, , ,,0% ,,,,,,,,,,,,,,,,,,,,,,,,
메디아나,"환자감시장치, AED",,041920,대한민국,신규상장,주권,2013-07-01,,해당없음,의료용 기기 제조업,500,-,-,"5,737,580",,,0.0,,, , ,, ,,,,,,,,,,,,,,,,,,,,,,,,
아진엑스텍,"전자집적회로, 모션제어칩, 산업용제어장비",,059120,대한민국,신규상장,주권,2013-07-01,,신한투자증권(주),반도체 제조업,500,-,-,"4,600,000",,,0.0,,, , ,, ,,,,,,,,,,,,,,,,,,,,,,,,
에프앤가이드,금융정보제공서비스(FnGuide.com),,064850,대한민국,신규상장,주권,2013-07-01,,신영증권(주),금융 지원 서비스업,500,-,-,"6,965,000",,,0.0,,, , ,, ,,,,,,,,,,,,,,,,,,,,,,,,
랩지노믹스,체외진단 서비스 및 제품,,084650,대한민국,신규상장,주권,2013-07-01,,한국투자증권(주),자연과학 및 공학 연구개발업,500,-,-,"3,454,176",,,0.0,,, , ,, ,,,,,,,,,,,,,,,,,,,,,,,,
에스엔피,유전체 분석 서비스,,086460,대한민국,신규상장,주권,2013-07-01,,주식회사 아이엠증권,자연과학 및 공학 연구개발업,500,-,-,"1,823,850",,,0.0,,, , ,, ,,,,,,,,,,,,,,,,,,,,,,,,
이엔드디,"매연저감장치, 촉매",,101360,대한민국,신규상장,주권,2013-07-01,,아이비케이투자증권(주),자동차 신품 부품 제조업,500,-,-,"6,000,000",,,0.0,,, , ,, ,,,,,,,,,,,,,,,,,,,,,,,,
대주이엔티,"이중보온관, 엘리베이터 가이드 레일",,114920,대한민국,신규상장,주권,2013-07-01,,현대차증권(주),1차 철강 제조업,500,-,-,"3,469,500",,,0.0,,, , ,, ,,,,,,,,,,,,,,,,,,,,,,,,
태양기계,엔진부품,,116100,대한민국,신규상장,주권,2013-07-01,,신한투자증권(주),자동차 신품 부품 제조업,500,-,-,"6,239,986",,,0.0,,, , ,, ,,,,,,,,,,,,,,,,,,,,,,,,
아이티센시스템즈,시스템 통합,,124500,대한민국,신규상장,주권,2013-07-01,,아이비케이투자증권(주),"컴퓨터 프로그래밍, 시스템 통합 및 관리업",500,-,-,"2,400,000",,,0.0,,, , ,, ,,,,,,,,,,,,,,,,,,,,,,,,
비나텍,초고용량 커패시터,,126340,대한민국,신규상장,주권,2013-07-01,,대신증권(주),전자부품 제조업,"5,000",-,-,"228,300",,,0.0,,, , ,, ,,,,,,,,,,,,,,,,,,,,,,,,
퓨얼셀,연료전지 시스템,,139170,대한민국,신규상장,주권,2013-07-01,,한국투자증권(주),기타 전기장비 제조업,500,-,-,"3,333,330",,,0.0,,, , ,, ,,,,,,,,,,,,,,,,,,,,,,,,
피엠디아카데미,의·치의학 전문대학원 및 약학 대학 입시교육,,144740,대한민국,신규상장,주권,2013-07-01,,해당없음,일반 교습 학원,500,-,-,"1,737,554",,,0.0,,, , ,, ,,,,,,,,,,,,,,,,,,,,,,,,
하이로닉,피부미용 의료기기,,149980,대한민국,신규상장,주권,2013-07-01,,신한투자증권(주),의료용 기기 제조업,500,-,-,"2,000,000",,,0.0,,, , ,, ,,,,,,,,,,,,,,,,,,,,,,,,
테라텍,"게이트밸브, 가스정제장치",,151750,대한민국,신규상장,주권,2013-07-01,,대신증권(주),특수 목적용 기계 제조업,"5,000",-,-,"296,000",,,0.0,,, , ,, ,,,,,,,,,,,,,,,,,,,,,,,,
엘앤케이바이오,척추 임플란트,,156100,대한민국,신규상장,주권,2013-07-01,,엔에이치투자증권(주),의료용 기기 제조업,500,-,-,"4,129,820",,,0.0,,, , ,, ,,,,,,,,,,,,,,,,,,,,,,,,
비앤에스미디어,스마트 러닝 시스템 및 솔루션,,156170,대한민국,신규상장,주권,2013-07-01,,해당없음,컴퓨터 및 주변장치 제조업,500,-,-,"3,204,540",,,0.0,,, , ,, ,,,,,,,,,,,,,,,,,,,,,,,,
에스에이티이엔지,"FPD Bonding System, Inspection System",,158300,대한민국,신규상장,주권,2013-07-01,,아이비케이투자증권(주),특수 목적용 기계 제조업,500,-,-,"3,210,000",,,0.0,,, , ,, ,,,,,,,,,,,,,,,,,,,,,,,,
웹솔루스,"수운영 소프트웨어 개발, 공급, 시스템 통합",,160350,대한민국,신규상장,주권,2013-07-01,,아이비케이투자증권(주),소프트웨어 개발 및 공급업,500,-,-,"6,014,000",,,0.0,,, , ,, ,,,,,,,,,,,,,,,,,,,,,,,,
베셀,"LCD/OLED 디스플레이용 장비, 터치패널용 장비",,177350,대한민국,신규상장,주권,2013-07-01,,키움증권(주),특수 목적용 기계 제조업,500,-,-,"2,799,506",,,0.0,,, , ,, ,,,,,,,,,,,,,,,,,,,,,,,,
스탠다드펌,알루미늄 빌렛,,179280,대한민국,신규상장,주권,2013-07-01,,대신증권(주),1차 비철금속 제조업,500,-,-,"6,600,000",,,0.0,,, , ,, ,,,,,,,,,,,,,,,,,,,,,,,,
옐로페이,전자지급결제 서비스,,179720,대한민국,신규상장,주권,2013-07-01,,엔에이치투자증권(주),소프트웨어 개발 및 공급업,500,-,-,"10,000,000",,,0.0,,, , ,, ,,,,,,,,,,,,,,,,,,,,,,,,
엑세스바이오,"말라리아 진단키트(RDT), HIV 진단키트(RDT)",,950130,미국,신규상장,주식예탁증권,2013-05-30,,"유진투자증권(주),엔에이치투자증권(주)",의료용품 및 기타 의약 관련제품 제조업,0.05,"4,500","22,888,431","26,000,000",,,0.0,,, , ,,0% ,,,,,,,,,,,,,,,,,,,,,,,,
DSR,합섬섬유로프,,155660,대한민국,신규상장,주권,2013-05-15,,엔에이치투자증권(주),기타 섬유제품 제조업,500,"4,000","16,000,000","16,000,000",,,0.0,,, , ,,0% ,,,,,,,,,,,,,,,,,,,,,,,,
레고켐바이오,신약후보물질 발굴을 통한 License-Out,,141080,대한민국,신규상장,주권,2013-05-10,,한국투자증권(주),의약품 제조업,500,"15,500","21,700,000","5,771,250",,,0.0,,, , ,,0% ,,,,,,,,,,,,,,,,,,,,,,,,
삼목강업,자동차 서스펜션용 스프링,,158380,대한민국,신규상장,주권,2013-04-30,,교보증권(주),자동차 신품 부품 제조업,"1,000","2,600","8,320,000","10,200,000",,,0.0,,, , ,,0% ,,,,,,,,,,,,,,,,,,,,,,,,
한국패러랠,,,168490,대한민국,신규상장,투자회사,2013-04-19,,,신탁업 및 집합투자업,무액면,"5,000","400,100,000","80,020,000",,,0.0,,, , ,,0% ,,,,,,,,,,,,,,,,,,,,,,,,
동아에스티,"스티렌, 자이데나",,170900,대한민국,재상장,주권,2013-04-08,,엔에이치투자증권(주),의약품 제조업,"5,000",-,-,"7,001,588",,,0.0,,, , ,, ,,,,,,,,,,,,,,,,,,,,,,,,
세호로보트,"Guide Hole Puncher, Vision Press 등 PCB제조장비",,158310,대한민국,신규상장,주권,2013-04-03,,IBK투자증권(주),특수 목적용 기계 제조업,500,"7,800","8,580,000","4,221,000",,,0.0,,, , ,,0% ,,,,,,,,,,,,,,,,,,,,,,,,
윈팩,반도체 패키징 및 테스트,,097800,대한민국,신규상장,주권,2013-03-07,,키움증권(주),반도체 제조업,500,"4,000","10,109,624","14,200,000",,,0.0,,, , ,,0% ,,,,,,,,,,,,,,,,,,,,,,,,
코렌텍,"인공고관절, 인공슬관절, 척추고정체 등",,104540,대한민국,신규상장,주권,2013-03-05,,한국투자증권(주),의료용 기기 제조업,500,"16,000","19,200,000","7,883,661",,,0.0,,, , ,,0% ,,,,,,,,,,,,,,,,,,,,,,,,
제로투세븐,유아동복 및 용품,,159580,대한민국,신규상장,주권,2013-02-19,,KB증권(주),생활용품 도매업,500,"8,300","24,900,000","11,540,000",,,0.0,,, , ,,0% ,,,,,,,,,,,,,,,,,,,,,,,,
지디,Display panel 식각 서비스,,155960,대한민국,신규상장,주권,2013-02-13,,미래에셋증권(주),전자부품 제조업,500,"18,000","43,200,000","11,934,061",,,0.0,,, , ,,0% ,,,,,,,,,,,,,,,,,,,,,,,,
아이원스,"반도체 장비 부품 제조 및 세정, LCD 장비 부품 제조",,114810,대한민국,신규상장,주권,2013-02-07,,엔에이치투자증권(주),특수 목적용 기계 제조업,500,"4,500","9,884,160","8,500,000",,,0.0,,, , ,,0% ,,,,,,,,,,,,,,,,,,,,,,,,
우리이앤엘,LED 패키지,,153490,대한민국,신규상장,주권,2013-02-05,,KB증권(주),반도체 제조업,500,"4,900","44,100,000","32,000,000",,,0.0,,, , ,,0% ,,,,,,,,,,,,,,,,,,,,,,,,
아이센스,"혈당측정기, 혈액분석기 등",,099190,대한민국,신규상장,주권,2013-01-30,,엔에이치투자증권(주),의료용 기기 제조업,500,"19,000","17,100,000","8,969,634",,,0.0,,, , ,,0% ,,,,,,,,,,,,,,,,,,,,,,,,
포티스,셋톱박스,,141020,대한민국,신규상장,주권,2013-01-29,,하나증권주식회사,통신 및 방송 장비 제조업,500,"3,900","4,853,550","4,977,833",,,0.0,,, , ,,0% ,,,,,,,,,,,,,,,,,,,,,,,,
CS엘쏠라,"OLED발광소재, OLED승화정제장비",,159910,대한민국,신규상장,주권,2012-12-27,,키움증권(주),기초 화학물질 제조업,500,"10,000","12,000,000","8,074,763",,,0.0,,, , ,,0% ,,,,,,,,,,,,,,,,,,,,,,,,
SBI액시즈,전자결제대행서비스(PG서비스),,950110,일본,신규상장,주식예탁증권,2012-12-17,,하나증권주식회사,소프트웨어 개발 및 공급업,무액면,"3,600","19,229,040","21,365,400",,,0.0,,, , ,,0% ,,,,,,,,,,,,,,,,,,,,,,,,
우리로광통신,"광분배기(웨이퍼, 칩, 모듈), 광다이오드",,046970,대한민국,신규상장,주권,2012-11-27,,미래에셋증권(주),반도체 제조업,500,"10,300","21,504,103","6,742,878",,,0.0,,, , ,,0% ,,,,,,,,,,,,,,,,,,,,,,,,
디젠스,자동차부품(머플러) 제조,,113810,대한민국,신규상장,주권,2012-11-22,,엔에이치투자증권(주),자동차 신품 부품 제조업,500,"1,800","9,000,000","18,250,000",,,0.0,,, , ,,0% ,,,,,,,,,,,,,,,,,,,,,,,,
지엠비코리아,"VS, TIB, CVJoint 등",,013870,대한민국,신규상장,주권,2012-11-20,,신한투자증권 주식회사,자동차 신품 부품 제조업,500,"6,000","34,313,160","19,072,280",,,0.0,,, , ,,0% ,,,,,,,,,,,,,,,,,,,,,,,,
맥스로텍,갠트리로봇 공장자동화시스템,,141070,대한민국,신규상장,주권,2012-11-16,,미래에셋증권(주),특수 목적용 기계 제조업,500,"7,000","7,000,000","5,714,280",,,0.0,,, , ,,0% ,,,,,,,,,,,,,,,,,,,,,,,,
와이엠씨,"FPD패널용 Target, Backing Plate",,155650,대한민국,신규상장,주권,2012-11-15,,엔에이치투자증권(주),전자부품 제조업,500,"6,000","11,677,914","9,731,593",,,0.0,,, , ,,0% ,,,,,,,,,,,,,,,,,,,,,,,,
씨제이헬로비전,"케이블TV, 인터넷서비스 등",,037560,대한민국,신규상장,주권,2012-11-09,,"미래에셋증권 주식회사,iM증권,제이피모간증권회사 서울지점",텔레비전 방송업,"2,500","16,000","293,210,336","69,262,895",,,0.0,,, , ,,0% ,,,,,,,,,,,,,,,,,,,,,,,,
아바텍,"Glass Slimming & ITO코팅 제품, PDP필터",,149950,대한민국,신규상장,주권,2012-11-06,,한국투자증권(주),전자부품 제조업,500,"6,300","18,585,000","16,000,000",,,0.0,,, , ,,0% ,,,,,,,,,,,,,,,,,,,,,,,,
한국콜마,"화장품, 의약품",,161890,대한민국,재상장,주권,2012-10-19,,미래에셋증권(주),기타 화학제품 제조업,500,-,-,"19,483,772",,,0.0,,, , ,, ,,,,,,,,,,,,,,,,,,,,,,,,
동일고무벨트,"산업용고무제품, 종합고무부품",,163560,대한민국,재상장,주권,2012-10-19,,iM증권,고무제품 제조업,500,-,-,"10,701,726",,,0.0,,, , ,, ,,,,,,,,,,,,,,,,,,,,,,,,
한국타이어,타이어 제조,,161390,대한민국,재상장,주권,2012-10-04,,엔에이치투자증권(주),고무제품 제조업,500,-,-,"123,875,069",,,0.0,,, , ,, ,,,,,,,,,,,,,,,,,,,,,,,,
코이즈,"보호필름, 도광판, 백코팅",,121850,대한민국,신규상장,주권,2012-09-27,,한국투자증권(주),플라스틱제품 제조업,500,"7,500","8,850,000","6,156,166",,,0.0,,, , ,,0% ,,,,,,,,,,,,,,,,,,,,,,,,
모다정보통신,무선 데이터 통신 단말기,,149940,대한민국,신규상장,주권,2012-09-25,,키움증권(주),통신 및 방송 장비 제조업,500,"7,000","4,900,000","4,908,000",,,0.0,,, , ,,0% ,,,,,,,,,,,,,,,,,,,,,,,,
하이골드8호,,,159650,대한민국,신규상장,선박투자회사,2012-09-17,,,,"5,000","5,087","75,825,443","14,905,929",,,0.0,,, , ,,0% ,,,,,,,,,,,,,,,,,,,,,,,,
애경유화,오르토프탈산디옥틸,,161000,대한민국,재상장,주권,2012-09-17,,엔에이치투자증권(주),기타 화학제품 제조업,"5,000",-,-,"3,204,000",,,0.0,,, , ,, ,,,,,,,,,,,,,,,,,,,,,,,,
나노스,IR Filter,,151910,대한민국,신규상장,주권,2012-08-02,,한화투자증권(주),사진장비 및 광학기기 제조업,500,"7,000","10,500,000","7,316,920",,,0.0,,, , ,,0% ,,,,,,,,,,,,,,,,,,,,,,,,
AJ렌터카,승용자동차 임대,,068400,대한민국,신규상장,주권,2012-07-27,,한국투자증권(주),,500,"7,000","38,850,000","22,146,300",,,0.0,,, , ,,0% ,,,,,,,,,,,,,,,,,,,,,,,,
우양에이치씨,"열교환기, 압력용기, 타워 등",,101970,대한민국,신규상장,주권,2012-07-26,,한화투자증권(주),"구조용 금속제품, 탱크 및 증기발생기 제조업",500,"5,500","13,915,000","12,090,183",,,0.0,,, , ,,0% ,,,,,,,,,,,,,,,,,,,,,,,,
엠씨넥스,휴대폰용자동차용 카메라모듈,,097520,대한민국,신규상장,주권,2012-07-25,,한국투자증권(주),영상 및 음향기기 제조업,500,"15,000","12,000,000","5,749,271",,,0.0,,, , ,,0% ,,,,,,,,,,,,,,,,,,,,,,,,
네이블커뮤니케이션즈,"유무선융합 인프라, 클라이언트 및 All-IP 통신보안",,153460,대한민국,신규상장,주권,2012-07-19,,한국투자증권(주),소프트웨어 개발 및 공급업,500,"9,000","5,400,000","4,326,601",,,0.0,,, , ,,0% ,,,,,,,,,,,,,,,,,,,,,,,,
디지탈옵틱,"렌즈(휴대폰카메라,차량용),초소형프로젝터렌즈 제조",,106520,대한민국,신규상장,주권,2012-07-13,,신한투자증권 주식회사,사진장비 및 광학기기 제조업,500,"11,500","15,807,900","5,393,177",,,0.0,,, , ,,0% ,,,,,,,,,,,,,,,,,,,,,,,,
피엔티,2차전지 및 전자소재용 Roll-to-Roll 장비,,137400,대한민국,신규상장,주권,2012-07-06,,하나증권주식회사,특수 목적용 기계 제조업,500,"17,000","13,712,846","3,209,547",,,0.0,,, , ,,0% ,,,,,,,,,,,,,,,,,,,,,,,,
사조씨푸드,횟감용 참치 및 기타 일반수산물,,014710,대한민국,신규상장,주권,2012-06-29,,미래에셋증권(주),수산물 가공 및 저장 처리업,"5,000","10,600","63,880,794","17,218,543",,,0.0,,, , ,,0% ,,,,,,,,,,,,,,,,,,,,,,,,
바다로19호,,,155900,대한민국,신규상장,선박투자회사,2012-06-29,,,,"5,000","5,190","78,888,000","15,200,004",,,0.0,,, , ,,0% ,,,,,,,,,,,,,,,,,,,,,,,,
케이비부국위탁리츠,,,149130,대한민국,신규상장,부동산투자회사,2012-06-12,,,부동산 임대 및 공급업,"5,000","5,000","5,000,000","3,200,000",,,0.0,,, , ,,0% ,,,,,,,,,,,,,,,,,,,,,,,,
비아트론,AMOLED 등 제조장비,,141000,대한민국,신규상장,주권,2012-05-04,,한국투자증권(주),특수 목적용 기계 제조업,500,"15,900","18,285,000","9,931,870",,,0.0,,, , ,,0% ,,,,,,,,,,,,,,,,,,,,,,,,
하이골드3호,,,153360,대한민국,신규상장,선박투자회사,2012-05-04,,,,"5,000","5,062","81,749,225","16,149,790",,,0.0,,, , ,,0% ,,,,,,,,,,,,,,,,,,,,,,,,
SBI모기지,고정금리 주택담보 대출,,950100,일본,신규상장,주식예탁증권,2012-04-30,,하나증권주식회사,기타 금융업,0,"7,000","49,861,000","23,741,000",,,0.0,,, , ,,0% ,,,,,,,,,,,,,,,,,,,,,,,,
코오롱머티리얼,"합성섬유 제조/직물 도매,무역",,144620,대한민국,신규상장,주권,2012-04-05,,엔에이치투자증권(주),화학섬유 제조업,"5,000","14,500","43,500,000","9,000,000",,,0.0,,, , ,,0% ,,,,,,,,,,,,,,,,,,,,,,,,
빛샘전자,"전광판용 LED 모듈, LED 전광판, 광접속함체",,072950,대한민국,신규상장,주권,2012-03-21,,미래에셋증권(주),전자부품 제조업,500,"4,400","3,432,000","5,000,000",,,0.0,,, , ,,0% ,,,,,,,,,,,,,,,,,,,,,,,,
한국ANKOR유전,,,152550,대한민국,신규상장,투자회사,2012-03-08,,,신탁업 및 집합투자업,0,"5,000","350,000,000","70,020,000",,,0.0,,, , ,,0% ,,,,,,,,,,,,,,,,,,,,,,,,
휴비스,"합성섬유(폴리에스테르원사,원면),재생섬유,폴리에스텔 원사,원면,고상칩 제조,도소매",,079980,대한민국,신규상장,주권,2012-02-23,,미래에셋증권 주식회사,화학섬유 제조업,"5,000","12,200","200,141,000","34,500,000",,,0.0,,, , ,,0% ,,,,,,,,,,,,,,,,,,,,,,,,
사람인에이치알,"온라인 채용광고(취업포털), 인재파견, 취업지원 등",,143240,대한민국,신규상장,주권,2012-02-21,,KB증권(주),"자료처리, 호스팅, 포털 및 기타 인터넷 정보매개 서비스업",500,"5,000","12,150,350","8,800,000",,,0.0,,, , ,,0% ,,,,,,,,,,,,,,,,,,,,,,,,
뉴로스,터보블로워,,126870,대한민국,신규상장,주권,2012-02-15,,교보증권(주),일반 목적용 기계 제조업,500,"8,500","4,250,000","4,191,242",,,0.0,,, , ,,0% ,,,,,,,,,,,,,,,,,,,,,,,,
제룡산업,송배전 금구류 및 합성수지 제품,,147830,대한민국,재상장,주권,2012-02-13,,유안타증권(주),"구조용 금속제품, 탱크 및 증기발생기 제조업",500,0,0,"7,932,320",,,0.0,,, , ,, ,,,,,,,,,,,,,,,,,,,,,,,,
남화토건,"건축공사, 토목공사",,091590,대한민국,신규상장,주권,2012-01-31,,현대차증권주식회사,건물 건설업,500,"3,000","9,000,000","11,740,000",,,0.0,,, , ,,0% ,,,,,,,,,,,,,,,,,,,,,,,,
케이탑리츠,,,145270,대한민국,신규상장,부동산투자회사,2012-01-31,,,부동산 임대 및 공급업,"5,000","5,500","16,500,000","5,421,000",,,0.0,,, , ,,0% ,,,,,,,,,,,,,,,,,,,,,,,,
동아팜텍,"발기부전증치료제, 전립선비대증치료제",,140410,대한민국,신규상장,주권,2012-01-20,,엔에이치투자증권(주),자연과학 및 공학 연구개발업,500,"24,000","54,408,000","8,068,000",,,0.0,,, , ,,0% ,,,,,,,,,,,,,,,,,,,,,,,,
원익머트리얼즈,"저메인가스, 산화질소, 암모니아 등",,104830,대한민국,신규상장,주권,2011-12-28,,유안타증권(주),기초 화학물질 제조업,500,"27,000","45,029,277","5,800,000",,,0.0,,, , ,,0% ,,,,,,,,,,,,,,,,,,,,,,,,
디엔에이링크,"유전체분석(EGIS), 개인유전체분석(DNAGPS)",,127120,대한민국,신규상장,주권,2011-12-26,,미래에셋증권(주),자연과학 및 공학 연구개발업,500,"7,700","5,069,819","4,115,930",,,0.0,,, , ,,0% ,,,,,,,,,,,,,,,,,,,,,,,,
GS리테일,"체인화 편의점,슈퍼마켓,마트,전자상거래/부동산(빌딩) 임대",,007070,대한민국,신규상장,주권,2011-12-23,,"한국투자증권(주),엔에이치투자증권(주)",종합 소매업,"1,000","19,500","300,300,000","77,000,000",,,0.0,,, , ,,0% ,,,,,,,,,,,,,,,,,,,,,,,,
나이스디앤비,기업신용조사 보고서,,130580,대한민국,신규상장,주권,2011-12-22,,대신증권(주),기타 사업지원 서비스업,500,"1,700","6,664,000","15,400,000",,,0.0,,, , ,,0% ,,,,,,,,,,,,,,,,,,,,,,,,
시큐브,"시스템보안관리솔루션, 정보유출방지솔루션",,131090,대한민국,신규상장,주권,2011-12-21,,SK증권(주),소프트웨어 개발 및 공급업,500,"4,900","4,458,226","6,200,000",,,0.0,,, , ,,0% ,,,,,,,,,,,,,,,,,,,,,,,,
서암기계공업,"공작기계부품(정밀기어,척),산업기계 제조,도매/부동산 임대",,100660,대한민국,신규상장,주권,2011-12-19,,한국투자증권(주),일반 목적용 기계 제조업,500,"3,800","11,970,000","12,600,000",,,0.0,,, , ,,0% ,,,,,,,,,,,,,,,,,,,,,,,,
인터지스,"화물운송,알선,하역",,129260,대한민국,신규상장,주권,2011-12-16,,삼성증권(주),도로 화물 운송업,"1,000","10,000","58,350,000","13,138,560",,,0.0,,, , ,,0% ,,,,,,,,,,,,,,,,,,,,,,,,
씨유메디칼,심장제세동기,,115480,대한민국,신규상장,주권,2011-12-15,,KB증권(주),의료용 기기 제조업,500,"12,000","9,600,000","4,780,806",,,0.0,,, , ,,0% ,,,,,,,,,,,,,,,,,,,,,,,,
사파이어테크놀로지,사파이어 잉곳,,123260,대한민국,신규상장,주권,2011-12-05,,한국투자증권(주),반도체 제조업,500,"65,000","52,650,000","5,995,369",,,0.0,,, , ,,0% ,,,,,,,,,,,,,,,,,,,,,,,,
삼양사,설탕,,145990,대한민국,재상장,주권,2011-12-05,,미래에셋증권(주),도시락 및 식사용 조리식품 제조업,"5,000",0,0,"4,426,573",,,0.0,,, , ,, ,,,,,,,,,,,,,,,,,,,,,,,,
넥스트리밍,"NexMFW, NexPlayer EMB",,139670,대한민국,신규상장,주권,2011-12-02,,신한투자증권 주식회사,소프트웨어 개발 및 공급업,500,"6,000","3,975,600","6,625,551",,,0.0,,, , ,,0% ,,,,,,,,,,,,,,,,,,,,,,,,
티브이로직,방송용 LCD모니터,,121800,대한민국,신규상장,주권,2011-12-01,,한국투자증권(주),통신 및 방송 장비 제조업,500,"12,000","12,600,000","5,250,000",,,0.0,,, , ,,0% ,,,,,,,,,,,,,,,,,,,,,,,,
에스에프씨,"태양광 모듈용 백시트, 라미네이팅 필름",,112240,대한민국,신규상장,주권,2011-11-30,,엔에이치투자증권(주),플라스틱제품 제조업,500,"14,000","22,860,600","6,432,621",,,0.0,,, , ,,0% ,,,,,,,,,,,,,,,,,,,,,,,,
신진에스엠,표준 플레이트,,138070,대한민국,신규상장,주권,2011-11-28,,한화투자증권(주),기타 금속 가공제품 제조업,500,"15,000","13,500,000","4,500,000",,,0.0,,, , ,,0% ,,,,,,,,,,,,,,,,,,,,,,,,
이엠넷,온라인 검색광고 대행,,123570,대한민국,신규상장,주권,2011-11-25,,케이비투자증권(주),광고업,500,"6,400","9,600,000","5,500,000",,,0.0,,, , ,,0% ,,,,,,,,,,,,,,,,,,,,,,,,
와이지엔터테인먼트,"음악 및 기타 오디오물 출판, 신인 아티스트 육성 및 매니지먼트",,122870,대한민국,신규상장,주권,2011-11-23,,미래에셋증권 주식회사,오디오물 출판 및 원판 녹음업,500,"34,000","42,382,326","4,986,157",,,0.0,,, , ,,0% ,,,,,,,,,,,,,,,,,,,,,,,,
쎄미시스코,"EGIS(유리기판 검사장비), Smart-EPD 및 Smart-HMS(플라즈마 검사장비)",,136510,대한민국,신규상장,주권,2011-11-18,,iM증권,특수 목적용 기계 제조업,500,"9,500","9,137,100","3,600,000",,,0.0,,, , ,,0% ,,,,,,,,,,,,,,,,,,,,,,,,
아이테스트,반도체 테스트,,089530,대한민국,신규상장,주권,2011-11-11,,미래에셋증권(주),"그외 기타 전문, 과학 및 기술 서비스업",500,"2,400","24,000,000","46,330,294",,,0.0,,, , ,,0% ,,,,,,,,,,,,,,,,,,,,,,,,
테크윙,"반도체테스트핸들러,C.O.K(Change Over Kit)",,089030,대한민국,신규상장,주권,2011-11-10,,한국투자증권(주),특수 목적용 기계 제조업,500,"23,000","14,950,000","4,771,040",,,0.0,,, , ,,0% ,,,,,,,,,,,,,,,,,,,,,,,,
신흥기계,"자동화물류서비스, 자동화공정설비",,007820,대한민국,신규상장,주권,2011-11-08,,한국투자증권(주),일반 목적용 기계 제조업,500,"8,500","13,396,000","6,643,000",,,0.0,,, , ,,0% ,,,,,,,,,,,,,,,,,,,,,,,,
씨큐브,진주광택안료,,101240,대한민국,신규상장,주권,2011-11-08,,대신증권(주),기초 화학물질 제조업,500,"5,750","5,510,731","5,500,000",,,0.0,,, , ,,0% ,,,,,,,,,,,,,,,,,,,,,,,,
씨엔플러스,커넥터,,115530,대한민국,신규상장,주권,2011-11-02,,한국투자증권(주),"전동기, 발전기 및 전기 변환 · 공급 · 제어 장치 제조업",500,"11,500","9,200,000","4,150,001",,,0.0,,, , ,,0% ,,,,,,,,,,,,,,,,,,,,,,,,
하나투어,"일반여행알선,컴퓨터프로그램 개발,보급,통신판매",,039130,대한민국,이전상장,주권,2011-11-01,,대신증권(주),여행사 및 기타 여행보조 서비스업,"5,000",0,0,"11,616,185",,,0.0,,, , ,, ,,,,,,,,,,,,,,,,,,,,,,,,
테라세미콘,반도체 및 AMOLED 제조용 열처리장비,,123100,대한민국,신규상장,주권,2011-11-01,,"삼성증권(주),케이프투자증권주식회사",특수 목적용 기계 제조업,500,"13,500","16,200,000","8,045,902",,,0.0,,, , ,,0% ,,,,,,,,,,,,,,,,,,,,,,,,
케이맥,"FPD, 반도체 공정용 검사장비 및 바이오/의료진단기기, Lab용 분석기기",,043290,대한민국,신규상장,주권,2011-10-25,,KB증권(주),"측정, 시험, 항해, 제어 및 기타 정밀기기 제조업; 광학기기 제외",500,"14,500","17,400,000","6,188,500",,,0.0,,, , ,,0% ,,,,,,,,,,,,,,,,,,,,,,,,
로보스타,"제조용 로봇, FPD 장비, IT부품 제조장비",,090360,대한민국,신규상장,주권,2011-10-17,,미래에셋증권(주),특수 목적용 기계 제조업,500,"5,800","6,805,888","7,800,000",,,0.0,,, , ,,0% ,,,,,,,,,,,,,,,,,,,,,,,,
넥솔론,태양광발전용 웨이퍼,,110570,대한민국,신규상장,주권,2011-10-14,,엔에이치투자증권(주),반도체 제조업,"5,000","4,000","85,490,200","79,065,200",,,0.0,,, , ,,0% ,,,,,,,,,,,,,,,,,,,,,,,,
대한과학,"의료, 정밀 및 연구실험기기 제조 및 유통",,131220,대한민국,신규상장,주권,2011-10-11,,미래에셋증권 주식회사,기계장비 및 관련 물품 도매업,500,"3,000","4,200,000","5,525,130",,,0.0,,, , ,,0% ,,,,,,,,,,,,,,,,,,,,,,,,
트러스제7호,,,140890,대한민국,신규상장,부동산투자회사,2011-09-30,,,부동산 임대 및 공급업,"5,000","5,000","16,500,000","9,686,000",,,0.0,,, , ,,0% ,,,,,,,,,,,,,,,,,,,,,,,,
피앤이솔루션,"2차전지 공정용 장비, 산업용 정류기",,131390,대한민국,신규상장,주권,2011-09-27,,교보증권(주),"전동기, 발전기 및 전기 변환 · 공급 · 제어 장치 제조업",500,"8,000","12,000,000","6,176,000",,,0.0,,, , ,,0% ,,,,,,,,,,,,,,,,,,,,,,,,
아이디스,보안용 DVR,,143160,대한민국,재상장,주권,2011-09-26,,대신증권(주),통신 및 방송 장비 제조업,500,0,0,"3,106,200",,,0.0,,, , ,, ,,,,,,,,,,,,,,,,,,,,,,,,
에이블씨엔씨,"화장품 제조,도소매/소프트웨어 자문,개발,공급/전자상거래",,078520,대한민국,이전상장,주권,2011-09-07,,미래에셋증권 주식회사,기타 화학제품 제조업,500,0,0,"9,421,492",,,0.0,,, , ,, ,,,,,,,,,,,,,,,,,,,,,,,,
화진,"우드그레인, IPE",,134780,대한민국,신규상장,주권,2011-08-10,,현대차증권주식회사,자동차 신품 부품 제조업,500,"4,300","12,304,880","12,100,000",,,0.0,,, , ,,0% ,,,,,,,,,,,,,,,,,,,,,,,,
제이씨케미칼,"바이오디젤, 글리세린 등",,137950,대한민국,신규상장,주권,2011-08-08,,삼성증권(주),기타 화학제품 제조업,500,"7,200","24,048,000","13,340,000",,,0.0,,, , ,,0% ,,,,,,,,,,,,,,,,,,,,,,,,
아이씨디,"건식세정기,LCD,반도체 장비,광정보통신 부품,장비 제조,연구개발,용역 서비스,수출입",,040910,대한민국,신규상장,주권,2011-08-05,,유안타증권(주),특수 목적용 기계 제조업,500,"34,000","52,700,000","7,721,832",,,0.0,,, , ,,0% ,,,,,,,,,,,,,,,,,,,,,,,,
제닉,"하이드로겔 마스크 팩, 기타화장품",,123330,대한민국,신규상장,주권,2011-08-03,,교보증권(주),기타 화학제품 제조업,500,"22,000","19,800,000","3,922,909",,,0.0,,, , ,,0% ,,,,,,,,,,,,,,,,,,,,,,,,
경봉,"용역서비스(ITS,BIS,ATMS,BRT)",,139050,대한민국,신규상장,주권,2011-07-29,,유안타증권(주),"컴퓨터 프로그래밍, 시스템 통합 및 관리업",500,"7,100","9,478,500","5,100,040",,,0.0,,, , ,,0% ,,,,,,,,,,,,,,,,,,,,,,,,
삼원강재,"열간압연제품(평강,봉강,특수이형강,환강,자동차용 겹판스프링) 제조,판매",,023000,대한민국,신규상장,주권,2011-07-22,,미래에셋증권 주식회사,자동차 신품 부품 제조업,500,"4,000","40,000,000","40,000,000",,,0.0,,, , ,,0% ,,,,,,,,,,,,,,,,,,,,,,,,
상아프론테크,"LCD 부품, 사무기기 부품, PCB 부품, 2차전지 부품",,089980,대한민국,신규상장,주권,2011-07-21,,한국투자증권(주),플라스틱제품 제조업,500,"6,000","15,000,000","12,289,470",,,0.0,,, , ,,0% ,,,,,,,,,,,,,,,,,,,,,,,,
코오롱아이넷,"철강, 화학제품 등의 수출입",,022520,대한민국,이전상장,주권,2011-07-19,,유안타증권(주),상품 종합 도매업,500,0,0,"81,481,540",,,0.0,,, , ,, ,,,,,,,,,,,,,,,,,,,,,,,,
신세계인터내셔날,"섬유, 의복, 신발 및 가죽제품 소매",,031430,대한민국,신규상장,주권,2011-07-14,,한국투자증권(주),"섬유, 의복, 신발 및 가죽제품 소매업","5,000","65,000","130,000,000","7,140,000",,,0.0,,, , ,,0% ,,,,,,,,,,,,,,,,,,,,,,,,
광희리츠,,,140910,대한민국,신규상장,부동산투자회사,2011-07-14,,,부동산 임대 및 공급업,"5,000","5,500","3,600,025","2,134,550",,,0.0,,, , ,,0% ,,,,,,,,,,,,,,,,,,,,,,,,
나이벡,"치아미백제,치과용 골이식재",,138610,대한민국,신규상장,주권,2011-07-13,,대신증권(주),의료용품 및 기타 의약 관련제품 제조업,500,"10,000","7,340,000","2,935,996",,,0.0,,, , ,,0% ,,,,,,,,,,,,,,,,,,,,,,,,
옵티시스,광링크 모듈 등,,109080,대한민국,신규상장,주권,2011-07-12,,키움증권(주),통신 및 방송 장비 제조업,500,"7,600","5,320,000","5,636,000",,,0.0,,, , ,,0% ,,,,,,,,,,,,,,,,,,,,,,,,
대양전기공업,"해상용 조명등기구, (함정용)전자시스템, 배전반류 등",,108380,대한민국,신규상장,주권,2011-07-08,,삼성증권(주),선박 및 보트 건조업,500,"9,000","25,650,000","9,495,300",,,0.0,,, , ,,0% ,,,,,,,,,,,,,,,,,,,,,,,,
한국항공우주,"정부방산 및 완제기 수출(T-50계열, KUH계열, KT-1계열 등), 기체부품",,047810,대한민국,신규상장,주권,2011-06-30,,"엔에이치투자증권(주),KB증권(주)","항공기,우주선 및 부품 제조업","5,000","15,500","567,515,187","97,475,107",,,0.0,,, , ,,0% ,,,,,,,,,,,,,,,,,,,,,,,,
하이마트,"가전제품,잡화 도소매/부동산 임대",,071840,대한민국,신규상장,주권,2011-06-29,,미래에셋증권 주식회사,가전제품 및 정보통신장비 소매업,"5,000","59,000","419,747,830","23,607,712",,,0.0,,, , ,,0% ,,,,,,,,,,,,,,,,,,,,,,,,
탑금속,자동차금형.건설중장비 부품,,019770,대한민국,신규상장,주권,2011-06-24,,KB증권(주),특수 목적용 기계 제조업,500,"6,500","21,450,000","11,650,000",,,0.0,,, , ,,0% ,,,,,,,,,,,,,,,,,,,,,,,,
엠케이트렌드,"케주얼웨어(BUCKAROO, TBJ 등)",,069640,대한민국,신규상장,주권,2011-06-21,,엔에이치투자증권(주),봉제의복 제조업,500,"11,000","26,400,000","8,000,000",,,0.0,,, , ,,0% ,,,,,,,,,,,,,,,,,,,,,,,,
쓰리피시스템,"LCD자동화설비, 친환경자동차용 부품(배터리,인버터) 자동화설비",,110500,대한민국,신규상장,주권,2011-06-17,,부국증권(주),특수 목적용 기계 제조업,500,"5,800","9,912,954","6,800,000",,,0.0,,, , ,,0% ,,,,,,,,,,,,,,,,,,,,,,,,
코오롱플라스틱,엔지니어링플라스틱,,138490,대한민국,신규상장,주권,2011-06-15,,미래에셋증권 주식회사,"비료, 농약 및 살균, 살충제 제조업","1,000","4,300","37,410,000","29,000,000",,,0.0,,, , ,,0% ,,,,,,,,,,,,,,,,,,,,,,,,
리켐,"이차전지 전해액 소재, LCD 공정용 에천트 소재",,131100,대한민국,신규상장,주권,2011-06-14,,SK증권(주),기초 화학물질 제조업,500,"14,000","16,399,600","4,270,000",,,0.0,,, , ,,0% ,,,,,,,,,,,,,,,,,,,,,,,,
넥스트아이,"LCD 편광필름 검사장비, BLU 검사장비 등",,137940,대한민국,신규상장,주권,2011-06-14,,한국투자증권(주),"측정, 시험, 항해, 제어 및 기타 정밀기기 제조업; 광학기기 제외",500,"10,000","10,000,000","5,810,945",,,0.0,,, , ,,0% ,,,,,,,,,,,,,,,,,,,,,,,,
완리,외벽타일,,900180,홍콩,신규상장,외국주권,2011-06-13,,삼성증권(주),회사 본부 및 경영 컨설팅 서비스업,1,"4,100","50,020,000","48,696,351",,,0.0,,, , ,,0% ,,,,,,,,,,,,,,,,,,,,,,,,
이마트,대형마트,,139480,대한민국,재상장,주권,2011-06-10,,삼성증권(주),종합 소매업,"5,000",0,0,"27,875,819",,,0.0,,, , ,, ,,,,,,,,,,,,,,,,,,,,,,,,
DGB금융지주,지주회사,,139130,대한민국,신규상장,주권,2011-06-07,,한국투자증권(주),기타 금융업,"5,000",0,0,"134,053,154",,,0.0,,, , ,, ,,,,,,,,,,,,,,,,,,,,,,,,
케이티스카이라이프,위성방송서비스,,053210,대한민국,신규상장,주권,2011-06-03,,미래에셋증권 주식회사,텔레비전 방송업,"2,500","17,000","42,500,000","47,666,614",,,0.0,,, , ,,0% ,,,,,,,,,,,,,,,,,,,,,,,,
엘티에스,"LGP Engraving M/C, Cell Sealing M/C",,138690,대한민국,신규상장,주권,2011-06-02,,엔에이치투자증권(주),특수 목적용 기계 제조업,500,"34,000","24,598,286","3,600,000",,,0.0,,, , ,,0% ,,,,,,,,,,,,,,,,,,,,,,,,
세아특수강　　　　,"냉간압조용선재,마봉강,스테인레스봉강 제조",,019440,대한민국,신규상장,주권,2011-06-01,,하나증권주식회사,1차 철강 제조업,"5,000","28,000","72,318,960","8,570,000",,,0.0,,, , ,,0% ,,,,,,,,,,,,,,,,,,,,,,,,
KMH,방송채널사업 및 방송송출서비스,,122450,대한민국,신규상장,주권,2011-05-25,,IBK투자증권(주),텔레비전 방송업,500,"9,500","29,391,480","12,375,360",,,0.0,,, , ,,0% ,,,,,,,,,,,,,,,,,,,,,,,,
골프존,골프시뮬레이터,,121440,대한민국,신규상장,주권,2011-05-20,,한국투자증권(주),소프트웨어 개발 및 공급업,500,"85,000","170,000,000","12,283,023",,,0.0,,, , ,,0% ,,,,,,,,,,,,,,,,,,,,,,,,
메리츠금융지주,투자사업,,138040,대한민국,재상장,주권,2011-05-13,,,기타 금융업,500,0,0,"36,530,310",,,0.0,,, , ,, ,,,,,,,,,,,,,,,,,,,,,,,,
하림,"육계, 육계가공식품",,136480,대한민국,재상장,주권,2011-05-02,,미래에셋증권 주식회사,"도축, 육류 가공 및 저장 처리업",500,0,0,"53,945,938",,,0.0,,, , ,, ,,,,,,,,,,,,,,,,,,,,,,,,
윈스테크넷,"네크워크보안장비(IPS, 안티 DDoS)",,136540,대한민국,재상장,주권,2011-05-02,,엔에이치투자증권(주)(농협),"컴퓨터 프로그래밍, 시스템 통합 및 관리업",500,0,0,"9,841,600",,,0.0,,, , ,, ,,,,,,,,,,,,,,,,,,,,,,,,
한국종합기술,"토목설계,건축설계,감리,측량/토목건축공사",,023350,대한민국,신규상장,주권,2011-04-28,,"메리츠증권 주식회사,엔에이치투자증권(주)","건축기술, 엔지니어링 및 관련 기술 서비스업",500,"7,100","22,323,252","10,950,000",,,0.0,,, , ,,0% ,,,,,,,,,,,,,,,,,,,,,,,,
이퓨쳐,Smart Phonics 등(외국어 어학교재),,134060,대한민국,신규상장,주권,2011-04-27,,삼성증권(주),"서적, 잡지 및 기타 인쇄물 출판업",500,"6,400","5,760,000","3,635,000",,,0.0,,, , ,,0% ,,,,,,,,,,,,,,,,,,,,,,,,
티케이케미칼,"수지, 폴리에스터, 스판덱스",,104480,대한민국,신규상장,주권,2011-04-26,,엔에이치투자증권(주),화학섬유 제조업,500,"5,000","198,000,000","90,000,000",,,0.0,,, , ,,0% ,,,,,,,,,,,,,,,,,,,,,,,,
하이골드2호,,,139200,대한민국,신규상장,선박투자회사,2011-04-15,,,,"5,000","5,090","67,900,111","13,339,907",,,0.0,,, , ,,0% ,,,,,,,,,,,,,,,,,,,,,,,,
BS금융지주,금융지주회사,,138930,대한민국,신규상장,주권,2011-03-30,,유안타증권(주),기타 금융업,"5,000",0,0,"193,379,899",,,0.0,,, , ,, ,,,,,,,,,,,,,,,,,,,,,,,,
이코리아리츠,,,138440,대한민국,신규상장,부동산투자회사,2011-03-10,,,부동산 임대 및 공급업,"5,000","5,000","4,000,000","1,600,000",,,0.0,,, , ,,0% ,,,,,,,,,,,,,,,,,,,,,,,,
일진머티리얼즈,"인쇄회로기판(PCB)용 전해동박(ACF,UCF),에폭시용 동박,전해콘덴서용 알루미늄박 제조,판매",,020150,대한민국,신규상장,주권,2011-03-04,,미래에셋증권(주),전자부품 제조업,500,"15,800","185,829,520","39,200,000",,,0.0,,, , ,,0% ,,,,,,,,,,,,,,,,,,,,,,,,
부스타,"관류보일러,진공온수보일러,무압온수보일러,난방기 제조,판매",,008470,대한민국,신규상장,주권,2011-02-23,,현대차증권주식회사,"구조용 금속제품, 탱크 및 증기발생기 제조업",500,"4,200","8,568,000","8,160,000",,,0.0,,, , ,,0% ,,,,,,,,,,,,,,,,,,,,,,,,
현대위아,"자동차부품, 공작기계 등",,011210,대한민국,신규상장,주권,2011-02-21,,미래에셋증권(주),자동차 신품 부품 제조업,"5,000","65,000","520,000,000","25,730,119",,,0.0,,, , ,,0% ,,,,,,,,,,,,,,,,,,,,,,,,
선진,조제동물사료,,136490,대한민국,재상장,주권,2011-02-16,,미래에셋증권 주식회사,기타 식품 제조업,500,0,0,"8,140,000",,,0.0,,, , ,, ,,,,,,,,,,,,,,,,,,,,,,,,
미원화학,"계면활성제, 황산및분황",,134380,대한민국,재상장,주권,2011-02-15,,,기타 화학제품 제조업,"5,000",0,0,"458,297",,,0.0,,, , ,, ,,,,,,,,,,,,,,,,,,,,,,,,
나노신소재,"인듐계 산화물 TCO Target, 반도체 CMP Slurry 등",,121600,대한민국,신규상장,주권,2011-02-09,,한국투자증권(주),기타 화학제품 제조업,500,"17,000","30,243,000","7,116,000",,,0.0,,, , ,,0% ,,,,,,,,,,,,,,,,,,,,,,,,
케이아이엔엑스,인터넷연동서비스 등,,093320,대한민국,신규상장,주권,2011-02-08,,하나증권주식회사,"자료처리, 호스팅, 포털 및 기타 인터넷 정보매개 서비스업",500,"8,000","5,760,000","4,800,000",,,0.0,,, , ,,0% ,,,,,,,,,,,,,,,,,,,,,,,,
티피씨글로벌,"정밀인발강관, 정밀강관, Water pipe, Filler Neck 등",,130740,대한민국,신규상장,주권,2011-02-08,,신영증권(주),자동차 신품 부품 제조업,500,"5,200","6,760,000","5,610,345",,,0.0,,, , ,,0% ,,,,,,,,,,,,,,,,,,,,,,,,
엘비세미콘,"골드범핑, 솔더범핑 등",,061970,대한민국,신규상장,주권,2011-01-31,,한국투자증권(주),반도체 제조업,500,"4,700","37,600,000","43,274,592",,,0.0,,, , ,,0% ,,,,,,,,,,,,,,,,,,,,,,,,
제이엔케이히터,산업용가열로,,126880,대한민국,신규상장,주권,2011-01-31,,엔에이치투자증권(주),일반 목적용 기계 제조업,500,"13,600","27,200,000","8,000,000",,,0.0,,, , ,,0% ,,,,,,,,,,,,,,,,,,,,,,,,
딜리,디지털 UV 프린터,,131180,대한민국,신규상장,주권,2011-01-31,,KB증권(주),컴퓨터 및 주변장치 제조업,500,"8,000","11,760,000","5,470,000",,,0.0,,, , ,,0% ,,,,,,,,,,,,,,,,,,,,,,,,
블루콤,"마이크로스피커, 블루투스헤드셋, Linear 진동모터",,033560,대한민국,신규상장,주권,2011-01-26,,엔에이치투자증권(주),영상 및 음향기기 제조업,500,"12,000","32,400,000","9,600,000",,,0.0,,, , ,,0% ,,,,,,,,,,,,,,,,,,,,,,,,
인트론바이오,"바이오신약, 핵산검사제, 동물용 항생제 대체재",,048530,대한민국,신규상장,주권,2011-01-26,,신한투자증권 주식회사,기초 의약물질 제조업,500,"6,100","3,050,000","9,163,333",,,0.0,,, , ,,0% ,,,,,,,,,,,,,,,,,,,,,,,,
팀스,교육용가구,,134790,대한민국,재상장,주권,2011-01-25,,엔에이치투자증권(주),가구 제조업,"1,000",0,0,"1,000,000",,,0.0,,, , ,, ,,,,,,,,,,,,,,,,,,,,,,,,
중국고섬,폴리에스터 섬유,,950070,싱가포르,신규상장,주식예탁증권,2011-01-25,,미래에셋증권 주식회사,회사 본부 및 경영 컨설팅 서비스업,0,"7,000","210,000,000","30,000,000",,,0.0,,, , ,,0% ,,,,,,,,,,,,,,,,,,,,,,,,
씨그널정보통신,"멀티미디어/방송 솔루션, 통신망구축, 무선통신 솔루션",,099830,대한민국,신규상장,주권,2011-01-24,,신영증권(주),"컴퓨터 프로그래밍, 시스템 통합 및 관리업",500,"8,500","7,582,000","3,400,000",,,0.0,,, , ,,0% ,,,,,,,,,,,,,,,,,,,,,,,,
다나와,"인터넷쇼핑몰 가격비교서비스, 온라인광고",,119860,대한민국,신규상장,주권,2011-01-24,,한국투자증권(주),소프트웨어 개발 및 공급업,500,"14,000","20,141,044","6,600,000",,,0.0,,, , ,,0% ,,,,,,,,,,,,,,,,,,,,,,,,
인텍플러스,"LED 외관검사장비, 반도체 외관검사장비, 태양전지 외관검사장비등",,064290,대한민국,신규상장,주권,2011-01-05,,한국투자증권(주),특수 목적용 기계 제조업,500,"7,000","7,000,000","8,005,000",,,0.0,,, , ,,0% ,,,,,,,,,,,,,,,,,,,,,,,,
티에스이,"Probe Card, Test Interface Board, LED Test Equipment",,131290,대한민국,신규상장,주권,2011-01-05,,한국투자증권(주),"측정, 시험, 항해, 제어 및 기타 정밀기기 제조업; 광학기기 제외",500,"45,000","36,549,000","3,248,298",,,0.0,,, , ,,0% ,,,,,,,,,,,,,,,,,,,,,,,,
케이비게임앤앱스스팩,합병(유일한 목적사업),,131370,대한민국,신규상장,주권,2011-01-05,,케이비투자증권(주),금융 지원 서비스업,100,"2,500","20,000,000","8,620,001",,,0.0,,, , ,,0% ,,,,,,,,,,,,,,,,,,,,,,,,
두산엔진,"대형선박용엔진,내연발전엔진",,082740,대한민국,신규상장,주권,2011-01-04,,"미래에셋증권 주식회사,유안타증권(주)",일반 목적용 기계 제조업,"1,000","19,300","202,650,000","69,500,000",,,0.0,,, , ,,0% ,,,,,,,,,,,,,,,,,,,,,,,,
액트,연성회로기판,,131400,대한민국,신규상장,주권,2010-12-27,,한국투자증권(주),전자부품 제조업,500,"2,700","10,800,000","15,000,000",,,0.0,,, , ,,0% ,,,,,,,,,,,,,,,,,,,,,,,,
대구도시가스,천연가스,,117580,대한민국,신규상장,주권,2010-12-24,,신한투자증권 주식회사,연료용 가스 제조 및 배관공급업,"1,000","5,400","40,500,000","27,500,000",,,0.0,,, , ,,0% ,,,,,,,,,,,,,,,,,,,,,,,,
현대에이치씨엔,지주회사(자회사 : 방송업),,126560,대한민국,신규상장,주권,2010-12-23,,KB증권(주),회사 본부 및 경영 컨설팅 서비스업,500,"3,800","83,600,000","84,727,220",,,0.0,,, , ,,0% ,,,,,,,,,,,,,,,,,,,,,,,,
IBKS스팩1호,기업 인수합병,,126680,대한민국,신규상장,주권,2010-12-22,,IBK투자증권(주),금융 지원 서비스업,500,"1,000","20,000,000","20,880,000",,,0.0,,, , ,,0% ,,,,,,,,,,,,,,,,,,,,,,,,
대정화금,"시약, 원료의약품",,120240,대한민국,신규상장,주권,2010-12-20,,현대차증권주식회사,기초 화학물질 제조업,500,"9,200","21,160,000","5,537,272",,,0.0,,, , ,,0% ,,,,,,,,,,,,,,,,,,,,,,,,
케이티스,"114전화번호안내, 고객센터",,058860,대한민국,신규상장,주권,2010-12-17,,엔에이치투자증권(주),기타 정보 서비스업,"5,000","2,700","11,625,687","34,802,000",,,0.0,,, , ,,0% ,,,,,,,,,,,,,,,,,,,,,,,,
한전산업,"전기검침용역,발전설비 정비,운전",,130660,대한민국,신규상장,주권,2010-12-16,,신한투자증권 주식회사,기타 사업지원 서비스업,500,"5,500","71,720,000","32,600,000",,,0.0,,, , ,,0% ,,,,,,,,,,,,,,,,,,,,,,,,
피제이메탈,"탈산제, 조재제",,128660,대한민국,재상장,주권,2010-12-13,,하나증권주식회사,1차 비철금속 제조업,500,0,0,"21,722,658",,,0.0,,, , ,, ,,,,,,,,,,,,,,,,,,,,,,,,
동부티에스블랙펄스팩,기업 인수합병,,128910,대한민국,신규상장,주권,2010-12-08,,DB증권주식회사,금융 지원 서비스업,100,"2,000","22,500,000","12,300,000",,,0.0,,, , ,,0% ,,,,,,,,,,,,,,,,,,,,,,,,
하이제1호스팩,기업 인수합병,,131030,대한민국,신규상장,주권,2010-12-03,,iM증권,금융 지원 서비스업,500,"4,000","27,000,000","7,250,000",,,0.0,,, , ,,0% ,,,,,,,,,,,,,,,,,,,,,,,,
세우테크,"POS프린터, Mobile프린터, Label프린터",,096690,대한민국,신규상장,주권,2010-12-01,,신한투자증권 주식회사,컴퓨터 및 주변장치 제조업,500,"5,500","8,250,000","5,000,000",,,0.0,,, , ,,0% ,,,,,,,,,,,,,,,,,,,,,,,,
코라오홀딩스,지주회사,,900140,케이맨 제도,신규상장,외국주권,2010-11-30,,IBK투자증권(주),회사 본부 및 경영 컨설팅 서비스업,0.25,"4,800","56,317,056","38,400,000",,,0.0,,, , ,,0% ,,,,,,,,,,,,,,,,,,,,,,,,
대구방송,"텔레비젼 방송,문화서비스,광고/출판,음반 제작,도매",,033830,대한민국,신규상장,주권,2010-11-29,,부국증권(주),텔레비전 방송업,"5,000","7,500","7,500,000","10,000,000",,,0.0,,, , ,,0% ,,,,,,,,,,,,,,,,,,,,,,,,
시그네틱스,반도체 패키징,,033170,대한민국,신규상장,주권,2010-11-26,,"신한투자증권 주식회사,미래에셋증권(주)",반도체 제조업,500,"2,600","36,526,963","77,288,319",,,0.0,,, , ,,0% ,,,,,,,,,,,,,,,,,,,,,,,,
케이티롤,열간 압연롤,,122800,대한민국,신규상장,주권,2010-11-26,,대신증권(주),금속 주조업,500,"6,800","7,172,681","4,200,000",,,0.0,,, , ,,0% ,,,,,,,,,,,,,,,,,,,,,,,,
한국전자인증,"개인용이메일 보안,인증업무,전자상거래관련 인증서비스/기업용 인증솔루션 제공",,041460,대한민국,신규상장,주권,2010-11-19,,한국투자증권(주),소프트웨어 개발 및 공급업,500,"1,600","2,240,000","21,400,000",,,0.0,,, , ,,0% ,,,,,,,,,,,,,,,,,,,,,,,,
디케이락,"DK-Lok 피팅, D-Pro 밸브",,105740,대한민국,신규상장,주권,2010-11-12,,신한투자증권 주식회사,일반 목적용 기계 제조업,500,"7,500","15,000,000","6,200,000",,,0.0,,, , ,,0% ,,,,,,,,,,,,,,,,,,,,,,,,
코프라,엔지니어링 플라스틱 칩,,126600,대한민국,신규상장,주권,2010-11-12,,미래에셋증권(주),"비료, 농약 및 살균, 살충제 제조업",500,"7,000","12,320,000","5,800,000",,,0.0,,, , ,,0% ,,,,,,,,,,,,,,,,,,,,,,,,
하나그린스팩,기업 인수합병,,123420,대한민국,신규상장,주권,2010-11-10,,하나증권주식회사,금융 지원 서비스업,100,"4,000","20,000,000","5,232,000",,,0.0,,, , ,,0% ,,,,,,,,,,,,,,,,,,,,,,,,
거북선7호,,,134000,대한민국,신규상장,선박투자회사,2010-11-10,,,,"5,000","5,130","10,260,000","2,000,006",,,0.0,,, , ,,0% ,,,,,,,,,,,,,,,,,,,,,,,,
삼본정밀전자,"이어폰,헤드폰,키패드",,111870,대한민국,신규상장,주권,2010-11-05,,KB증권(주),영상 및 음향기기 제조업,500,"8,800","17,600,000","9,500,000",,,0.0,,, , ,,0% ,,,,,,,,,,,,,,,,,,,,,,,,
아나패스,Timing Controller(TCON),,123860,대한민국,신규상장,주권,2010-11-05,,"미래에셋증권 주식회사,IBK투자증권(주)",반도체 제조업,500,"52,000","24,440,000","3,366,190",,,0.0,,, , ,,0% ,,,,,,,,,,,,,,,,,,,,,,,,
케이엔엔,방송프로그램 제작 및 송출,,058400,대한민국,신규상장,주권,2010-11-03,,미래에셋증권(주),텔레비전 방송업,"5,000","9,000","11,970,000","13,242,972",,,0.0,,, , ,,0% ,,,,,,,,,,,,,,,,,,,,,,,,
동양시스템즈,"시스템통합소프트웨어 개발,전산용역/컴퓨터(통신,판매,임대),전자기기 도매",,030790,대한민국,이전상장,주권,2010-11-02,,DB증권주식회사,"컴퓨터 프로그래밍, 시스템 통합 및 관리업","5,000",0,0,"27,200,000",,,0.0,,, , ,, ,,,,,,,,,,,,,,,,,,,,,,,,
부국퓨쳐스타즈스팩,기업인수합병,,123300,대한민국,신규상장,주권,2010-10-29,,부국증권(주),금융 지원 서비스업,500,"2,000","11,800,000","6,670,000",,,0.0,,, , ,,0% ,,,,,,,,,,,,,,,,,,,,,,,,
누리플랜,"경관조명, 경관시설",,069140,대한민국,신규상장,주권,2010-10-26,,현대차증권주식회사,"구조용 금속제품, 탱크 및 증기발생기 제조업",500,"5,500","6,050,000","4,310,000",,,0.0,,, , ,,0% ,,,,,,,,,,,,,,,,,,,,,,,,
아이텍반도체,비메모리 반도체 테스트,,119830,대한민국,신규상장,주권,2010-10-26,,미래에셋증권 주식회사,"그외 기타 전문, 과학 및 기술 서비스업",500,"9,100","8,190,000","4,612,500",,,0.0,,, , ,,0% ,,,,,,,,,,,,,,,,,,,,,,,,
코렌,카메라폰용 렌즈,,078650,대한민국,신규상장,주권,2010-10-22,,미래에셋증권 주식회사,사진장비 및 광학기기 제조업,500,"5,800","6,960,000","4,650,271",,,0.0,,, , ,,0% ,,,,,,,,,,,,,,,,,,,,,,,,
인화정공,선박엔진부품,,101930,대한민국,신규상장,주권,2010-10-22,,신한투자증권 주식회사,선박 및 보트 건조업,500,"26,000","31,200,000","4,344,504",,,0.0,,, , ,,0% ,,,,,,,,,,,,,,,,,,,,,,,,
아이씨코리아,신용카드 및 전자화폐 등,,068940,대한민국,신규상장,주권,2010-10-19,,한화투자증권(주),전자부품 제조업,500,"2,800","4,200,000","10,937,077",,,0.0,,, , ,,0% ,,,,,,,,,,,,,,,,,,,,,,,,
오미디어홀딩스,지주회사,,130960,대한민국,재상장,주권,2010-10-15,,엔에이치투자증권(주),회사 본부 및 경영 컨설팅 서비스업,"5,000",0,0,"4,958,257",,,0.0,,, , ,, ,,,,,,,,,,,,,,,,,,,,,,,,
키움스팩1호,기업인수합병,,123840,대한민국,신규상장,주권,2010-10-05,,키움증권(주),금융 지원 서비스업,100,"2,000","20,000,000","10,540,000",,,0.0,,, , ,,0% ,,,,,,,,,,,,,,,,,,,,,,,,
휠라코리아,"스포츠의류,신발,가방,시계,골프장비,화장품,가죽제품(지갑,키홀더) 도매,수출입",,081660,대한민국,신규상장,주권,2010-09-28,,삼성증권(주),생활용품 도매업,"5,000","35,000","113,750,000","8,567,073",,,0.0,,, , ,,0% ,,,,,,,,,,,,,,,,,,,,,,,,
알파칩스,시스템 반도체 개발,,117670,대한민국,신규상장,주권,2010-09-17,,KB증권(주),반도체 제조업,500,"12,000","7,200,000","4,016,448",,,0.0,,, , ,,0% ,,,,,,,,,,,,,,,,,,,,,,,,
포메탈,"자동차,풍력,방위산업,산업기계,농기계등의 단조부품",,119500,대한민국,신규상장,주권,2010-09-17,,IBK투자증권(주),기타 금속 가공제품 제조업,500,"6,000","10,800,000","5,987,340",,,0.0,,, , ,,0% ,,,,,,,,,,,,,,,,,,,,,,,,
KTcs,전화번호검색 데이타제공/콜센터 운영,,058850,대한민국,신규상장,주권,2010-09-16,,한국투자증권(주),기타 정보 서비스업,"5,000","2,600","18,597,462","47,685,000",,,0.0,,, , ,,0% ,,,,,,,,,,,,,,,,,,,,,,,,
성융광전투자,"태양광모듈, 태양광전지",,900150,홍콩,신규상장,외국주권,2010-09-15,,미래에셋증권 주식회사,회사 본부 및 경영 컨설팅 서비스업,1,"2,800","50,400,000","72,000,000",,,0.0,,, , ,,0% ,,,,,,,,,,,,,,,,,,,,,,,,
다원시스,"핵융합 전원장치, 플라즈마 전원장치, 태양광 CVD 전원장치, 산업용 특수정류기",,068240,대한민국,신규상장,주권,2010-09-14,,iM증권,"전동기, 발전기 및 전기 변환 · 공급 · 제어 장치 제조업",500,"11,000","14,868,810","6,400,000",,,0.0,,, , ,,0% ,,,,,,,,,,,,,,,,,,,,,,,,
현대홈쇼핑,TV홈쇼핑 도소매/홈쇼핑프로그램 제작,,057050,대한민국,신규상장,주권,2010-09-13,,"KB증권(주),iM증권,현대차증권주식회사",무점포 소매업,"5,000","90,000","270,000,000","12,000,000",,,0.0,,, , ,,0% ,,,,,,,,,,,,,,,,,,,,,,,,
씨젠,"호흡기성 병원체 검사제품, 성감염증원인균 검사제품",,096530,대한민국,신규상장,주권,2010-09-10,,"대신증권(주),미래에셋증권 주식회사",의료용품 및 기타 의약 관련제품 제조업,500,"30,500","19,413,250","6,158,820",,,0.0,,, , ,,0% ,,,,,,,,,,,,,,,,,,,,,,,,
와이솔,"SAW Filter, Wafer Chip, Duplexer",,122990,대한민국,신규상장,주권,2010-09-10,,한화투자증권(주),전자부품 제조업,500,"8,000","8,000,000","10,200,000",,,0.0,,, , ,,0% ,,,,,,,,,,,,,,,,,,,,,,,,
이트레이드1호스팩,기업인수합병,,126700,대한민국,신규상장,주권,2010-09-10,,엘에스증권 주식회사,금융 지원 서비스업,100,"2,000","19,000,000","10,210,000",,,0.0,,, , ,,0% ,,,,,,,,,,,,,,,,,,,,,,,,
다산리츠,,,105380,대한민국,신규상장,부동산투자회사,2010-09-09,,,부동산 임대 및 공급업,"1,000","1,000","15,000,000","22,000,000",,,0.0,,, , ,,0% ,,,,,,,,,,,,,,,,,,,,,,,,
에이치엠씨제1호스팩,기업인수합병,,126640,대한민국,신규상장,주권,2010-08-31,,현대차증권주식회사,금융 지원 서비스업,100,"2,000","23,560,000","12,500,000",,,0.0,,, , ,,0% ,,,,,,,,,,,,,,,,,,,,,,,,
교보KTB스팩,기업인수합병,,123410,대한민국,신규상장,주권,2010-08-27,,"교보증권(주),다올투자증권 주식회사",금융 지원 서비스업,100,"4,000","25,000,000","6,784,000",,,0.0,,, , ,,0% ,,,,,,,,,,,,,,,,,,,,,,,,
한국스팩1호,기업 인수합병,,123290,대한민국,신규상장,주권,2010-08-24,,한국투자증권(주),금융 지원 서비스업,200,"2,200","23,100,000","11,290,000",,,0.0,,, , ,,0% ,,,,,,,,,,,,,,,,,,,,,,,,
대신증권그로쓰스팩,합병(유일한 사업목적),,123550,대한민국,신규상장,주권,2010-08-24,,대신증권(주),금융 지원 서비스업,"1,000","2,000","20,000,000","10,960,000",,,0.0,,, , ,,0% ,,,,,,,,,,,,,,,,,,,,,,,,
에스비아이앤솔로몬스팩,기업 인수합병,,123910,대한민국,신규상장,주권,2010-08-24,,메리츠종합금융증권(주),금융 지원 서비스업,500,"1,250","20,000,000","17,000,000",,,0.0,,, , ,,0% ,,,,,,,,,,,,,,,,,,,,,,,,
도화,"토목설계,건축설계,종합감리전문업,종합기술용역,엔지니어링",,002150,대한민국,신규상장,주권,2010-08-12,,엔에이치투자증권(주),"건축기술, 엔지니어링 및 관련 기술 서비스업","5,000","22,000","44,000,000","16,860,000",,,0.0,,, , ,,0% ,,,,,,,,,,,,,,,,,,,,,,,,
엠에스오토텍,자동차 차체 부품,,123040,대한민국,신규상장,주권,2010-08-06,,현대차증권주식회사,자동차 신품 부품 제조업,500,"5,500","15,840,000","8,200,000",,,0.0,,, , ,,0% ,,,,,,,,,,,,,,,,,,,,,,,,
이글루시큐리티,"통합보안관리솔루션, 보안관제서비스",,067920,대한민국,신규상장,주권,2010-08-04,,미래에셋증권(주),소프트웨어 개발 및 공급업,500,"14,000","21,000,000","7,500,000",,,0.0,,, , ,,0% ,,,,,,,,,,,,,,,,,,,,,,,,
아이마켓코리아,B2B 전자상거래,,122900,대한민국,신규상장,주권,2010-07-30,,미래에셋증권(주),상품 종합 도매업,"5,000","15,300","137,700,000","35,943,340",,,0.0,,, , ,,0% ,,,,,,,,,,,,,,,,,,,,,,,,
대성산업,"주유소 운영, 건설 등",,128820,대한민국,재상장,주권,2010-07-30,,하나증권주식회사,연료 소매업,"5,000",0,0,"3,797,761",,,0.0,,, , ,, ,,,,,,,,,,,,,,,,,,,,,,,,
한미약품,의약품,,128940,대한민국,재상장,주권,2010-07-30,,,의약품 제조업,"2,500",0,0,"7,154,540",,,0.0,,, , ,, ,,,,,,,,,,,,,,,,,,,,,,,,
하이텍팜,주사제용 무균 원료의약품(Sterile Imipenem 외),,106190,대한민국,신규상장,주권,2010-07-28,,현대차증권주식회사,기초 의약물질 제조업,500,"11,500","24,150,000","7,000,000",,,0.0,,, , ,,0% ,,,,,,,,,,,,,,,,,,,,,,,,
인터로조,"콘텍트렌즈(소프트렌즈, 원데이렌즈, 하드렌즈 등)",,119610,대한민국,신규상장,주권,2010-07-28,,한화투자증권(주),사진장비 및 광학기기 제조업,500,"12,000","12,134,208","4,814,000",,,0.0,,, , ,,0% ,,,,,,,,,,,,,,,,,,,,,,,,
우진,원전용계측기,,105840,대한민국,신규상장,주권,2010-07-26,,한국투자증권(주),"측정, 시험, 항해, 제어 및 기타 정밀기기 제조업; 광학기기 제외",500,"15,000","32,550,000","7,880,000",,,0.0,,, , ,,0% ,,,,,,,,,,,,,,,,,,,,,,,,
웨이포트,"제초기류,톱류,전동공구류,원림청소기류",,900130,홍콩,신규상장,외국주권,2010-07-23,,메리츠증권 주식회사,회사 본부 및 경영 컨설팅 서비스업,1,"1,400","19,558,000","55,880,000",,,0.0,,, , ,,0% ,,,,,,,,,,,,,,,,,,,,,,,,
크루셜텍,"옵티컬트랙패드, LED플래시모듈, PL Lens",,114120,대한민국,신규상장,주권,2010-07-21,,미래에셋증권(주),반도체 제조업,500,"23,500","28,326,618","8,289,547",,,0.0,,, , ,,0% ,,,,,,,,,,,,,,,,,,,,,,,,
무학,소주,,033920,대한민국,이전상장,주권,2010-07-20,,한국투자증권(주),알코올음료 제조업,"5,000",0,0,"26,212,561",,,0.0,,, , ,, ,,,,,,,,,,,,,,,,,,,,,,,,
에스디시스템,"요금징수시스템, 지능형교통시스템,하이패스단말기",,121890,대한민국,신규상장,주권,2010-07-16,,미래에셋증권 주식회사,전자부품 제조업,500,"14,800","14,060,000","3,800,000",,,0.0,,, , ,,0% ,,,,,,,,,,,,,,,,,,,,,,,,
한화SV스팩1호,기업인수합병,,124050,대한민국,신규상장,주권,2010-07-09,,한화투자증권(주),금융 지원 서비스업,100,"5,000","20,000,000","4,200,000",,,0.0,,, , ,,0% ,,,,,,,,,,,,,,,,,,,,,,,,
신영스팩1호,합병(유일한 목적사업),,123750,대한민국,신규상장,주권,2010-07-02,,신영증권(주),금융 지원 서비스업,500,"1,000","19,700,000","20,220,000",,,0.0,,, , ,,0% ,,,,,,,,,,,,,,,,,,,,,,,,
웅진에너지,"태양전지원료(잉곳),태양전지용웨이퍼 제조/전기공사/신재생에너지 사업",,103130,대한민국,신규상장,주권,2010-06-30,,대신증권(주),반도체 제조업,500,"9,500","150,860,000","62,000,000",,,0.0,,, , ,,0% ,,,,,,,,,,,,,,,,,,,,,,,,
유비벨록스,"모바일플랫폼 및 모바일솔루션, 스마트카드 등",,089850,대한민국,신규상장,주권,2010-06-18,,한국투자증권(주),소프트웨어 개발 및 공급업,500,"11,000","11,000,000","5,410,776",,,0.0,,, , ,,0% ,,,,,,,,,,,,,,,,,,,,,,,,
처음앤씨,B2B전자결제중개서비스,,111820,대한민국,신규상장,주권,2010-06-18,,엔에이치투자증권(주),기타 정보 서비스업,500,"13,000","11,465,766","3,150,000",,,0.0,,, , ,,0% ,,,,,,,,,,,,,,,,,,,,,,,,
케이엔디티,"비파괴검사 , 방사선안전관리",,046120,대한민국,신규상장,주권,2010-06-15,,교보증권(주),기타 과학기술 서비스업,500,"8,500","15,300,000","7,117,336",,,0.0,,, , ,,0% ,,,,,,,,,,,,,,,,,,,,,,,,
히든챔피언스팩1호,기업인수합병,,123160,대한민국,신규상장,주권,2010-06-11,,삼성증권(주),금융 지원 서비스업,"1,000","2,000","30,000,000","16,100,000",,,0.0,,, , ,,0% ,,,,,,,,,,,,,,,,,,,,,,,,
이연제약,"항생제,순환기제",,102460,대한민국,신규상장,주권,2010-06-10,,KB증권(주),의약품 제조업,500,"16,500","21,450,000","11,712,000",,,0.0,,, , ,,0% ,,,,,,,,,,,,,,,,,,,,,,,,
솔라시아,"USIM카드, 금융카드",,070300,대한민국,신규상장,주권,2010-06-09,,한국투자증권(주),소프트웨어 개발 및 공급업,500,"5,000","4,375,000","4,373,900",,,0.0,,, , ,,0% ,,,,,,,,,,,,,,,,,,,,,,,,
실리콘웍스,"LDI, T-Con, PMIC, EPD-IC 등",,108320,대한민국,신규상장,주권,2010-06-08,,한국투자증권(주),반도체 제조업,500,"67,000","67,000,000","6,505,720",,,0.0,,, , ,,0% ,,,,,,,,,,,,,,,,,,,,,,,,
투비소프트,"MiPlatform, X Platform",,079970,대한민국,신규상장,주권,2010-06-01,,한국투자증권(주),소프트웨어 개발 및 공급업,500,"8,000","3,160,000","2,048,120",,,0.0,,, , ,,0% ,,,,,,,,,,,,,,,,,,,,,,,,
한국화장품,화장품,,123690,대한민국,재상장,주권,2010-06-01,,엔에이치투자증권(주),생활용품 도매업,500,0,0,"16,068,000",,,0.0,,, , ,, ,,,,,,,,,,,,,,,,,,,,,,,,
에스제이엠,자동차및산업용Bellows,,123700,대한민국,재상장,주권,2010-05-31,,미래에셋증권(주),자동차 신품 부품 제조업,500,0,0,"8,603,265",,,0.0,,, , ,, ,,,,,,,,,,,,,,,,,,,,,,,,
인피니트헬스케어,의료영상저장전송시스템(PACS),,071200,대한민국,신규상장,주권,2010-05-26,,삼성증권(주),소프트웨어 개발 및 공급업,500,"5,200","15,600,000","23,470,467",,,0.0,,, , ,,0% ,,,,,,,,,,,,,,,,,,,,,,,,
모바일리더,"Sync 솔루션, 멀티미디어 솔루션",,100030,대한민국,신규상장,주권,2010-05-25,,한화투자증권(주),소프트웨어 개발 및 공급업,500,"15,000","9,000,000","2,998,000",,,0.0,,, , ,,0% ,,,,,,,,,,,,,,,,,,,,,,,,
신한스팩1호,기업인수합병,,122690,대한민국,신규상장,주권,2010-05-25,,신한투자증권 주식회사,금융 지원 서비스업,100,"5,000","37,500,000","8,250,000",,,0.0,,, , ,,0% ,,,,,,,,,,,,,,,,,,,,,,,,
만도,"자동차부품(제동장치,조향장치,현가장치)",,060980,대한민국,신규상장,주권,2010-05-19,,"엔에이치투자증권(주),제이피모간증권회사 서울지점",자동차 신품 부품 제조업,"5,000","83,000","498,000,000","18,214,033",,,0.0,,, , ,,0% ,,,,,,,,,,,,,,,,,,,,,,,,
삼성생명,"생명보험,부동산 임대",,032830,대한민국,신규상장,주권,2010-05-12,,"한국투자증권(주),골드만삭스증권 서울지점",보험업,"5,000","110,000","4,888,116,200","200,000,000",,,0.0,,, , ,,0% ,,,,,,,,,,,,,,,,,,,,,,,,
우리스팩1호,금융지원서비스,,122750,대한민국,신규상장,주권,2010-05-11,,엔에이치투자증권(주),금융 지원 서비스업,"5,000","10,000","35,000,000","3,980,000",,,0.0,,, , ,,0% ,,,,,,,,,,,,,,,,,,,,,,,,
골든나래리츠,,,119250,대한민국,신규상장,부동산투자회사,2010-05-03,,,부동산 임대 및 공급업,"5,000","5,000","4,500,000","2,900,000",,,0.0,,, , ,,0% ,,,,,,,,,,,,,,,,,,,,,,,,
신세계푸드,"단체급식, 식자재유통, 외식",,031440,대한민국,이전상장,주권,2010-04-29,,하나증권주식회사,음식점업,"5,000",0,0,"3,428,600",,,0.0,,, , ,, ,,,,,,,,,,,,,,,,,,,,,,,,
동아체육용품,"스포츠화, 스포츠의류",,900110,홍콩,신규상장,외국주권,2010-04-23,,교보증권(주),회사 본부 및 경영 컨설팅 서비스업,1,"5,000","29,995,000","23,000,000",,,0.0,,, , ,,0% ,,,,,,,,,,,,,,,,,,,,,,,,
뉴프라이드,인터모달 신생 및 재생타이어,,900100,미국,신규상장,외국주권,2010-04-21,,주식회사 상상인증권,자동차 부품 및 내장품 판매업,0.003,"7,500","13,875,000","7,000,000",,,0.0,,, , ,,0% ,,,,,,,,,,,,,,,,,,,,,,,,
케이씨에스,컴퓨터시스템 통합 구축 및 철도 도로 교통인프라,,115500,대한민국,신규상장,주권,2010-04-14,,삼성증권(주),"컴퓨터 프로그래밍, 시스템 통합 및 관리업",500,"1,600","5,760,000","12,000,000",,,0.0,,, , ,,0% ,,,,,,,,,,,,,,,,,,,,,,,,
차이나킹,건강보조식품,,900120,케이맨 제도,신규상장,외국주권,2010-03-31,,엔에이치투자증권(주),회사 본부 및 경영 컨설팅 서비스업,0.05,"3,700","88,800,000","80,000,000",,,0.0,,, , ,,0% ,,,,,,,,,,,,,,,,,,,,,,,,
디지탈아리아,"임베디드 GUI 미들웨어 FXUI-2D, FXUI-3D",,115450,대한민국,신규상장,주권,2010-03-26,,교보증권(주),소프트웨어 개발 및 공급업,500,"11,000","11,510,895","4,182,000",,,0.0,,, , ,,0% ,,,,,,,,,,,,,,,,,,,,,,,,
동양밸류스팩,금융지원서비스,,122290,대한민국,신규상장,주권,2010-03-25,,유안타증권(주),금융 지원 서비스업,500,"10,000","45,000,000","4,940,000",,,0.0,,, , ,,0% ,,,,,,,,,,,,,,,,,,,,,,,,
현대증권스팩1호,기업인수합병,,122350,대한민국,신규상장,주권,2010-03-19,,KB증권(주),금융 지원 서비스업,100,"6,000","20,004,000","3,859,000",,,0.0,,, , ,,0% ,,,,,,,,,,,,,,,,,,,,,,,,
대한생명,생명보험,,088350,대한민국,신규상장,주권,2010-03-17,,미래에셋증권 주식회사,보험업,"5,000","8,200","1,780,466,000","868,530,000",,,0.0,,, , ,,0% ,,,,,,,,,,,,,,,,,,,,,,,,
미래에셋스팩1호,합병(유일목적사업),,121950,대한민국,신규상장,주권,2010-03-12,,미래에셋증권(주),금융 지원 서비스업,500,"1,500","20,000,001","13,933,334",,,0.0,,, , ,,0% ,,,,,,,,,,,,,,,,,,,,,,,,
대우증권스팩,금융지원서비스,,121910,대한민국,신규상장,주권,2010-03-03,,미래에셋증권 주식회사,금융 지원 서비스업,"1,000","3,500","87,500,000","27,007,000",,,0.0,,, , ,,0% ,,,,,,,,,,,,,,,,,,,,,,,,
이미지스,"터치스크린칩, 햅틱칩",,115610,대한민국,신규상장,주권,2010-02-26,,교보증권(주),반도체 제조업,500,"6,000","9,960,000","4,913,521",,,0.0,,, , ,,0% ,,,,,,,,,,,,,,,,,,,,,,,,
조선선재,용접재료,,120030,대한민국,재상장,주권,2010-02-19,,,기타 금속 가공제품 제조업,500,0,0,"1,257,651",,,0.0,,, , ,, ,,,,,,,,,,,,,,,,,,,,,,,,
하이소닉,휴대폰 카메라용 Auto Focus Actuator,,106080,대한민국,신규상장,주권,2010-02-09,,한화투자증권(주),전자부품 제조업,500,"13,000","10,400,000","4,762,169",,,0.0,,, , ,,0% ,,,,,,,,,,,,,,,,,,,,,,,,
인포바인,"휴대폰인증서보관서비스(UBIKey), 유선전화결제서비스(Vinepay)",,115310,대한민국,신규상장,주권,2010-02-09,,한국투자증권(주),전기 통신업,500,"33,000","14,850,000","2,970,000",,,0.0,,, , ,,0% ,,,,,,,,,,,,,,,,,,,,,,,,
차이나하오란,코팅백판지,,900090,홍콩,신규상장,외국주권,2010-02-05,,신한투자증권 주식회사,회사 본부 및 경영 컨설팅 서비스업,1,"4,700","47,000,000","40,000,000",,,0.0,,, , ,,0% ,,,,,,,,,,,,,,,,,,,,,,,,
모베이스,휴대전화 케이스,,101330,대한민국,신규상장,주권,2010-02-04,,미래에셋증권(주),통신 및 방송 장비 제조업,500,"13,200","18,942,000","6,000,000",,,0.0,,, , ,,0% ,,,,,,,,,,,,,,,,,,,,,,,,
에스이티아이,CMOS 이미지센서,,114570,대한민국,신규상장,주권,2010-02-04,,삼성증권(주),반도체 제조업,500,"17,500","32,900,000","4,697,433",,,0.0,,, , ,,0% ,,,,,,,,,,,,,,,,,,,,,,,,
에이치디시에스,"인고트, 주강품",,105070,대한민국,신규상장,주권,2010-02-02,,iM증권,1차 철강 제조업,500,"15,000","14,999,985","5,600,000",,,0.0,,, , ,,0% ,,,,,,,,,,,,,,,,,,,,,,,,
코오롱인더,"산업자재, 화학, 필름",,120110,대한민국,재상장,주권,2010-02-01,,엔에이치투자증권(주),화학섬유 제조업,"5,000",0,0,"19,493,050",,,0.0,,, , ,, ,,,,,,,,,,,,,,,,,,,,,,,,
지역난방공사,"집단에너지공급 및 전기,증기 생산,판매",,071320,대한민국,신규상장,주권,2010-01-29,,삼성증권(주),"증기, 냉·온수 및 공기조절 공급업","5,000","45,000","130,275,000","11,578,744",,,0.0,,, , ,,0% ,,,,,,,,,,,,,,,,,,,,,,,,
KC코트렐,전기집진기 등,,119650,대한민국,재상장,주권,2010-01-29,,,일반 목적용 기계 제조업,500,0,0,"2,550,000",,,0.0,,, , ,, ,,,,,,,,,,,,,,,,,,,,,,,,
코크렙십오호,,,121550,대한민국,신규상장,부동산투자회사,2010-01-29,,,부동산 임대 및 공급업,"5,000","5,000","24,800,000","12,400,000",,,0.0,,, , ,,0% ,,,,,,,,,,,,,,,,,,,,,,,,
락앤락,플라스틱 밀폐용기,,115390,대한민국,신규상장,주권,2010-01-28,,한국투자증권(주),플라스틱제품 제조업,500,"15,700","157,000,000","50,000,000",,,0.0,,, , ,,0% ,,,,,,,,,,,,,,,,,,,,,,,,
우리넷,"광전송장비(MSPP), 교환장비(AGW)",,115440,대한민국,신규상장,주권,2010-01-27,,한국투자증권(주),통신 및 방송 장비 제조업,500,"6,700","6,412,972","5,528,580",,,0.0,,, , ,,0% ,,,,,,,,,,,,,,,,,,,,,,,,
스타플렉스,"광고용 플렉스(조명용, 비조명용)",,115570,대한민국,신규상장,주권,2010-01-27,,대신증권(주),플라스틱제품 제조업,500,"15,000","21,000,000","5,400,000",,,0.0,,, , ,,0% ,,,,,,,,,,,,,,,,,,,,,,,,
아세아텍,"농기계(관리기,SS기, 이앙기) 제조",,050860,대한민국,신규상장,주권,2010-01-26,,IBK투자증권(주),특수 목적용 기계 제조업,500,"4,100","18,040,000","17,500,000",,,0.0,,, , ,,0% ,,,,,,,,,,,,,,,,,,,,,,,,
영흥철강,와이어로프 등,,012160,대한민국,신규상장,주권,2010-01-25,,미래에셋증권 주식회사,1차 철강 제조업,"5,000","12,000","26,984,304","5,621,724",,,0.0,,, , ,,0% ,,,,,,,,,,,,,,,,,,,,,,,,
우노,"PVC가발사, 난연고열사",,114630,대한민국,신규상장,주권,2010-01-15,,SK증권(주),화학섬유 제조업,500,"6,500","16,945,500","10,500,000",,,0.0,,, , ,,0% ,,,,,,,,,,,,,,,,,,,,,,,,
승화엘엠씨,"LMC교면포장공법, HEAT가설교량공법",,111610,대한민국,신규상장,주권,2010-01-06,,한화투자증권(주),기반조성 및 시설물 축조관련 전문공사업,500,"6,700","8,937,800","5,334,000",,,0.0,,, , ,,0% ,,,,,,,,,,,,,,,,,,,,,,,,
코디에스,"LCD 검사부품(프로브유니트), LED 검사부품(프로브카드)",,080530,대한민국,신규상장,주권,2010-01-05,,DB증권주식회사,특수 목적용 기계 제조업,500,"6,000","6,048,972","4,868,354",,,0.0,,, , ,,0% ,,,,,,,,,,,,,,,,,,,,,,,,
우리들생명과학,의료기기 도매,,118000,대한민국,재상장,주권,2009-12-30,,,기계장비 및 관련 물품 도매업,500,0,0,"42,358,350",,,0.0,,, , ,, ,,,,,,,,,,,,,,,,,,,,,,,,
한진해운,해상운송,,117930,대한민국,재상장,주권,2009-12-29,,,해상 운송업,"5,000",0,0,"74,084,781",,,0.0,,, , ,, ,,,,,,,,,,,,,,,,,,,,,,,,
GSMT,"자회사 제품 : IT기기용 정밀 화스너부품(스크류, 샤프트, 스프링)",,900070,케이맨 제도,신규상장,외국주권,2009-12-23,,미래에셋증권(주),회사 본부 및 경영 컨설팅 서비스업,0.5,"3,200","18,540,864","31,694,020",,,0.0,,, , ,,0% ,,,,,,,,,,,,,,,,,,,,,,,,
ITX시큐리티,"DVR,유선통신기기 제조,무역/소프트웨어 자문,연구개발,기술용역",,099520,대한민국,신규상장,주권,2009-12-22,,한화투자증권(주),영상 및 음향기기 제조업,500,"6,000","7,758,000","5,733,000",,,0.0,,, , ,,0% ,,,,,,,,,,,,,,,,,,,,,,,,
동양피엔에프,뉴메틱 컨베잉 시스템(분체이송시스템),,104460,대한민국,신규상장,주권,2009-12-22,,현대차증권주식회사,일반 목적용 기계 제조업,500,"12,000","20,400,000","6,500,000",,,0.0,,, , ,,0% ,,,,,,,,,,,,,,,,,,,,,,,,
KPX생명과학,의약품 중간체 등,,114450,대한민국,신규상장,주권,2009-12-22,,미래에셋증권(주),기초 의약물질 제조업,500,"6,200","34,100,000","15,000,000",,,0.0,,, , ,,0% ,,,,,,,,,,,,,,,,,,,,,,,,
멜파스,"터치스위치,반도체방식지문인식센서(바이오포인팅장치) 제조",,096640,대한민국,신규상장,주권,2009-12-18,,한국투자증권(주),전자부품 제조업,500,"43,200","53,752,291","5,149,001",,,0.0,,, , ,,0% ,,,,,,,,,,,,,,,,,,,,,,,,
위메이드,미르의전설2,,112040,대한민국,신규상장,주권,2009-12-18,,엔에이치투자증권(주),소프트웨어 개발 및 공급업,500,"62,000","130,200,000","7,140,000",,,0.0,,, , ,,0% ,,,,,,,,,,,,,,,,,,,,,,,,
현대푸드,단체급식,,114410,대한민국,신규상장,주권,2009-12-17,,KB증권(주),도시락 및 식사용 조리식품 제조업,500,"11,600","59,670,400","17,144,000",,,0.0,,, , ,,0% ,,,,,,,,,,,,,,,,,,,,,,,,
한전기술,원자력발전소 설계 등,,052690,대한민국,신규상장,주권,2009-12-14,,유안타증권(주),"건축기술, 엔지니어링 및 관련 기술 서비스업","10,000","21,600","165,110,400","38,220,000",,,0.0,,, , ,,0% ,,,,,,,,,,,,,,,,,,,,,,,,
디오텍,"필기 인식, 전자 사전, 모바일 OCR 소프트웨어 등",,108860,대한민국,신규상장,주권,2009-12-10,,한화투자증권(주),소프트웨어 개발 및 공급업,500,"9,000","6,444,000","3,577,166",,,0.0,,, , ,,0% ,,,,,,,,,,,,,,,,,,,,,,,,
중국엔진집단,"오토바이, 제초기, 자동차기어",,900080,홍콩,신규상장,외국주권,2009-12-04,,신한투자증권 주식회사,회사 본부 및 경영 컨설팅 서비스업,1,"6,000","60,000,000","40,000,000",,,0.0,,, , ,,0% ,,,,,,,,,,,,,,,,,,,,,,,,
이원컴포텍,에어서스펜션 시트/일반고정형 시트/스프링서스펜션 시트,,088290,대한민국,신규상장,주권,2009-12-01,,신영증권(주),자동차 신품 부품 제조업,500,"2,000","2,903,036","5,000,000",,,0.0,,, , ,,0% ,,,,,,,,,,,,,,,,,,,,,,,,
강원비앤이,플랜트설비(산업용 보일러),,114190,대한민국,신규상장,주권,2009-11-20,,KB증권(주),"구조용 금속제품, 탱크 및 증기발생기 제조업",500,"4,700","6,580,000","5,300,000",,,0.0,,, , ,,0% ,,,,,,,,,,,,,,,,,,,,,,,,
지케이엘,카지노,,114090,대한민국,신규상장,주권,2009-11-19,,미래에셋증권(주),유원지 및 기타 오락관련 서비스업,500,"12,000","222,680,412","61,855,670",,,0.0,,, , ,,0% ,,,,,,,,,,,,,,,,,,,,,,,,
휴맥스,셋톱박스,,115160,대한민국,재상장,주권,2009-11-16,,한국투자증권(주),영상 및 음향기기 제조업,500,0,0,"22,886,157",,,0.0,,, , ,, ,,,,,,,,,,,,,,,,,,,,,,,,
이너스텍,"차량용 블루투스 핸즈프리 스피커폰, 가로등/보안등 제어시스템",,109960,대한민국,신규상장,주권,2009-11-13,,미래에셋증권 주식회사,통신 및 방송 장비 제조업,500,"10,000","3,750,000","1,875,000",,,0.0,,, , ,,0% ,,,,,,,,,,,,,,,,,,,,,,,,
SK C&C,"시스템통합(SI),정보통신사업 관련 컨설팅,조사용역,정보통신기술 연구개발/정보통신기기,소프트웨어 개발,도매",,034730,대한민국,신규상장,주권,2009-11-11,,"한국투자증권(주),엔에이치투자증권(주),대신증권(주)","컴퓨터 프로그래밍, 시스템 통합 및 관리업",200,"30,000","540,000,000","50,000,000",,,0.0,,, , ,,0% ,,,,,,,,,,,,,,,,,,,,,,,,
동방선기,선박용 배관 등,,099410,대한민국,신규상장,주권,2009-11-10,,신한투자증권 주식회사,선박 및 보트 건조업,500,"4,000","7,199,840","6,000,000",,,0.0,,, , ,,0% ,,,,,,,,,,,,,,,,,,,,,,,,
디엠씨,"선박용 크레인,선박구성부품,선박의장품,철구조물 제조/철판 도매/부동산 임대",,101000,대한민국,신규상장,주권,2009-11-06,,미래에셋증권(주),선박 및 보트 건조업,500,"6,300","4,725,000","4,334,000",,,0.0,,, , ,,0% ,,,,,,,,,,,,,,,,,,,,,,,,
진매트릭스,"B형간염치료제 내성진단,C형간염바이러스 유전형진단, 자궁경부암유발바이러스 유전형진단",,109820,대한민국,신규상장,주권,2009-11-06,,삼성증권(주),자연과학 및 공학 연구개발업,500,"8,000","6,400,000","3,761,000",,,0.0,,, , ,,0% ,,,,,,,,,,,,,,,,,,,,,,,,
황금에스티,"스테인레스 냉연, 열연",,032560,대한민국,이전상장,주권,2009-10-29,,미래에셋증권 주식회사,1차 비철금속 제조업,"5,000",0,0,"10,000,000",,,0.0,,, , ,, ,,,,,,,,,,,,,,,,,,,,,,,,
비츠로셀,리튬1차전지,,082920,대한민국,신규상장,주권,2009-10-28,,KB증권(주),일차전지 및 이차전지 제조업,500,"5,500","17,600,000","12,676,375",,,0.0,,, , ,,0% ,,,,,,,,,,,,,,,,,,,,,,,,
스틸플라워,후육강관,,087220,대한민국,신규상장,주권,2009-10-27,,미래에셋증권(주),1차 철강 제조업,500,"13,500","23,625,000","13,000,000",,,0.0,,, , ,,0% ,,,,,,,,,,,,,,,,,,,,,,,,
진로,소주,,000080,대한민국,신규상장,주권,2009-10-19,,"엔에이치투자증권(주),삼성증권(주)",알코올음료 제조업,"5,000","41,000","590,400,000","42,995,303",,,0.0,,, , ,,0% ,,,,,,,,,,,,,,,,,,,,,,,,
한스바이오메드,"인체이식용조직(인조피부,인조뼈),의료용시술재료(가슴보형물)",,042520,대한민국,신규상장,주권,2009-10-09,,한국투자증권(주),의료용품 및 기타 의약 관련제품 제조업,500,"5,500","4,273,500","7,766,243",,,0.0,,, , ,,0% ,,,,,,,,,,,,,,,,,,,,,,,,
동양생명보험,생명보험,,082640,대한민국,신규상장,주권,2009-10-08,,미래에셋증권 주식회사,보험업,"5,000","17,000","340,379,763","107,523,390",,,0.0,,, , ,,0% ,,,,,,,,,,,,,,,,,,,,,,,,
아이앤씨,지상파 DMB용 수신칩(모바일 TV용 SoC),,052860,대한민국,신규상장,주권,2009-10-06,,미래에셋증권(주),반도체 제조업,500,"16,000","37,120,000","11,581,182",,,0.0,,, , ,,0% ,,,,,,,,,,,,,,,,,,,,,,,,
네오위즈벅스,"디지털음원유통, 온라인음악서비스",,104200,대한민국,신규상장,주권,2009-10-06,,엔에이치투자증권(주),기타 정보 서비스업,500,"9,000","24,599,232","10,140,936",,,0.0,,, , ,,0% ,,,,,,,,,,,,,,,,,,,,,,,,
거북선5호,,,114130,대한민국,신규상장,선박투자회사,2009-10-01,,,,"5,000","5,110","8,176,000","1,610,000",,,0.0,,, , ,,0% ,,,,,,,,,,,,,,,,,,,,,,,,
거북선6호,,,114140,대한민국,신규상장,선박투자회사,2009-10-01,,,,"5,000","5,110","6,029,800","1,190,000",,,0.0,,, , ,,0% ,,,,,,,,,,,,,,,,,,,,,,,,
쌍용머티리얼,"페라이트,세라믹 제조,도매",,047400,대한민국,신규상장,주권,2009-09-29,,미래에셋증권 주식회사,"내화, 비내화 요업제품 제조업","5,000","17,500","31,500,000","4,200,000",,,0.0,,, , ,,0% ,,,,,,,,,,,,,,,,,,,,,,,,
케이엔더블유,"Blanket, DOF, 보호필름",,105330,대한민국,신규상장,주권,2009-09-29,,키움증권(주),플라스틱제품 제조업,500,"11,000","9,900,000","4,400,000",,,0.0,,, , ,,0% ,,,,,,,,,,,,,,,,,,,,,,,,
에리트베이직,"학생복,스포츠의류,작업복 제조,도매",,093240,대한민국,신규상장,주권,2009-09-28,,신한투자증권 주식회사,봉제의복 제조업,"5,000","4,000","8,000,000","8,000,000",,,0.0,,, , ,,0% ,,,,,,,,,,,,,,,,,,,,,,,,
모린스,휴대폰용 터치스크린패널,,110310,대한민국,신규상장,주권,2009-09-25,,"엔에이치투자증권(주),KB증권(주)",전자부품 제조업,500,"39,000","53,134,068","7,093,439",,,0.0,,, , ,,0% ,,,,,,,,,,,,,,,,,,,,,,,,
디에스케이,"FPD용 PCB Bonding System, In-line System, Linear Motion System 등",,109740,대한민국,신규상장,주권,2009-09-23,,신한투자증권 주식회사,특수 목적용 기계 제조업,500,"5,000","7,500,000","6,000,000",,,0.0,,, , ,,0% ,,,,,,,,,,,,,,,,,,,,,,,,
제넥신,항체융합단백질 치료제 및 유전자치료 백신개발,,095700,대한민국,신규상장,주권,2009-09-15,,"교보증권(주),미래에셋증권 주식회사",자연과학 및 공학 연구개발업,500,"27,000","27,000,000","4,022,870",,,0.0,,, , ,,0% ,,,,,,,,,,,,,,,,,,,,,,,,
톱텍,평판디스플레이 제조용 자동화설비,,108230,대한민국,신규상장,주권,2009-09-15,,현대차증권주식회사,특수 목적용 기계 제조업,500,"10,400","20,800,000","5,600,000",,,0.0,,, , ,,0% ,,,,,,,,,,,,,,,,,,,,,,,,
동국S&C,Wind-Tower,,100130,대한민국,신규상장,주권,2009-08-31,,삼성증권(주),"구조용 금속제품, 탱크 및 증기발생기 제조업",500,"11,000","251,430,300","57,143,000",,,0.0,,, , ,,0% ,,,,,,,,,,,,,,,,,,,,,,,,
에스앤더블류,"디젤엔진부품, 산업부품, 단조품",,103230,대한민국,신규상장,주권,2009-08-05,,대신증권(주),일반 목적용 기계 제조업,500,"6,700","5,360,000","7,200,000",,,0.0,,, , ,,0% ,,,,,,,,,,,,,,,,,,,,,,,,
키움증권,"유가증권의 매매, 위탁, 인수, 주선",,039490,대한민국,이전상장,주권,2009-08-03,,유안타증권(주),금융 지원 서비스업,"5,000",0,0,"19,459,476",,,0.0,,, , ,, ,,,,,,,,,,,,,,,,,,,,,,,,
게임빌,모바일게임,,063080,대한민국,신규상장,주권,2009-07-30,,유안타증권(주),소프트웨어 개발 및 공급업,500,"15,000","12,600,000","5,484,780",,,0.0,,, , ,,0% ,,,,,,,,,,,,,,,,,,,,,,,,
영원무역,스포츠의류,,111770,대한민국,재상장,주권,2009-07-30,,신한투자증권 주식회사,상품 종합 도매업,500,0,0,"40,811,468",,,0.0,,, , ,, ,,,,,,,,,,,,,,,,,,,,,,,,
동일금속,"크롤러크레인용 트랙슈 어셈블리, 굴삭기용 아이들러 트랙슈 스프링 등",,109860,대한민국,신규상장,주권,2009-07-28,,유안타증권(주),금속 주조업,500,"8,000","16,800,000","7,000,000",,,0.0,,, , ,,0% ,,,,,,,,,,,,,,,,,,,,,,,,
대우캐피탈,"투자회사,할부금융,리스/자동차정비,자동차리스",,033660,대한민국,신규상장,주권,2009-06-25,,한국투자증권(주),기타 금융업,"5,000","8,000","46,400,000","57,200,000",,,0.0,,, , ,,0% ,,,,,,,,,,,,,,,,,,,,,,,,
한미파슨스,"건축 설계,감리/건축공사,토목공사,설비공사,전기공사,안전공사",,053690,대한민국,신규상장,주권,2009-06-23,,삼성증권(주),"건축기술, 엔지니어링 및 관련 기술 서비스업",500,"14,500","15,950,000","7,100,000",,,0.0,,, , ,,0% ,,,,,,,,,,,,,,,,,,,,,,,,
동아지질,"보링그라우팅공사,토공사,철근콘크리트공사,상하수도공사,비계구조물해체공사,수중공사/지질조사,시공감리",,028100,대한민국,신규상장,주권,2009-06-12,,미래에셋증권 주식회사,기반조성 및 시설물 축조관련 전문공사업,500,"14,500","50,750,000","11,500,000",,,0.0,,, , ,,0% ,,,,,,,,,,,,,,,,,,,,,,,,
어보브반도체,"반도체,전자제품,마이크로컨트롤라",,102120,대한민국,신규상장,주권,2009-06-05,,한국투자증권(주),반도체 제조업,500,"3,300","4,059,000","10,546,833",,,0.0,,, , ,,0% ,,,,,,,,,,,,,,,,,,,,,,,,
조이맥스,실크로드 온라인,,101730,대한민국,신규상장,주권,2009-06-03,,교보증권(주),소프트웨어 개발 및 공급업,500,"55,000","47,891,250","3,400,000",,,0.0,,, , ,,0% ,,,,,,,,,,,,,,,,,,,,,,,,
차이나그레이트,스포츠화 및 의류,,900040,케이맨 제도,신규상장,외국주권,2009-05-29,,엔에이치투자증권(주)(농협),회사 본부 및 경영 컨설팅 서비스업,0.1,"1,700","51,000,000","100,000,000",,,0.0,,, , ,,0% ,,,,,,,,,,,,,,,,,,,,,,,,
이엔에프테크놀로지,LCD/반도체용 신너 등,,102710,대한민국,신규상장,주권,2009-05-28,,한국투자증권(주),기타 화학제품 제조업,500,"5,500","14,850,000","14,200,000",,,0.0,,, , ,,0% ,,,,,,,,,,,,,,,,,,,,,,,,
뉴그리드,"첨단정보통신기기,유선통신장비 제조",,099440,대한민국,신규상장,주권,2009-05-26,,미래에셋증권(주),통신 및 방송 장비 제조업,500,"3,500","2,091,863","5,650,000",,,0.0,,, , ,,0% ,,,,,,,,,,,,,,,,,,,,,,,,
중국원양자원,지주회사,,900050,중화인민공화국,신규상장,외국주권,2009-05-22,,KB증권(주),회사 본부 및 경영 컨설팅 서비스업,1,"3,100","53,320,000","57,200,000",,,0.0,,, , ,,0% ,,,,,,,,,,,,,,,,,,,,,,,,
해덕선기,선박방향타,,102210,대한민국,신규상장,주권,2009-05-21,,메리츠증권 주식회사,선박 및 보트 건조업,500,"8,500","20,825,000","8,150,000",,,0.0,,, , ,,0% ,,,,,,,,,,,,,,,,,,,,,,,,
서울마린,"태양광기자재 및 선박용엔진 도매, 태양광발전시스템 구축 및 설계",,099220,대한민국,신규상장,주권,2009-05-19,,미래에셋증권(주),기계장비 및 관련 물품 도매업,500,"10,000","31,496,800","10,000,000",,,0.0,,, , ,,0% ,,,,,,,,,,,,,,,,,,,,,,,,
한국정밀기계,"금속절삭가공기계(수치제어식 수평보링머신,오면가공기,수직선반,플로우보링머신),산업기계(전용기,공작기계부품) 제조,판매",,101680,대한민국,신규상장,주권,2009-05-19,,KB증권(주),특수 목적용 기계 제조업,500,"22,000","50,490,000","7,640,000",,,0.0,,, , ,,0% ,,,,,,,,,,,,,,,,,,,,,,,,
STX엔파코,"선박용 디젤엔진부품 제조,판매",,071970,대한민국,신규상장,주권,2009-05-15,,"신한투자증권 주식회사,엔에이치투자증권(주)",일반 목적용 기계 제조업,"2,500","13,000","29,900,000","22,300,000",,,0.0,,, , ,,0% ,,,,,,,,,,,,,,,,,,,,,,,,
흥국,굴삭기 Roller 및 형단조품,,010240,대한민국,신규상장,주권,2009-05-12,,한국투자증권(주),특수 목적용 기계 제조업,500,"4,200","4,713,156","5,328,000",,,0.0,,, , ,,0% ,,,,,,,,,,,,,,,,,,,,,,,,
신텍,산업용 보일러,,099660,대한민국,신규상장,주권,2009-04-30,,엔에이치투자증권(주),"구조용 금속제품, 탱크 및 증기발생기 제조업",500,"12,500","17,500,000","5,450,217",,,0.0,,, , ,,0% ,,,,,,,,,,,,,,,,,,,,,,,,
우림기계,"트랜스미션,감속기,기어전동축 제조",,101170,대한민국,신규상장,주권,2009-04-28,,유안타증권(주),일반 목적용 기계 제조업,500,"10,000","19,580,000","8,687,300",,,0.0,,, , ,,0% ,,,,,,,,,,,,,,,,,,,,,,,,
네프로아이티,"온라인 광고, 모바일 컨텐츠",,950030,일본,신규상장,주식예탁증권,2009-04-24,,삼성증권(주),기타 정보 서비스업,0,"4,500","3,600,000","3,400,000",,,0.0,,, , ,,0% ,,,,,,,,,,,,,,,,,,,,,,,,
티플랙스,"스텐레스봉,판(열간제품) 제조,도매",,081150,대한민국,신규상장,주권,2009-04-23,,미래에셋증권(주),기타 금속 가공제품 제조업,500,"3,000","3,176,910","5,753,000",,,0.0,,, , ,,0% ,,,,,,,,,,,,,,,,,,,,,,,,
LG하우시스,"창호재, 자동차부품 등",,108670,대한민국,재상장,주권,2009-04-20,,,플라스틱제품 제조업,"5,000",0,0,"10,000,000",,,0.0,,, , ,, ,,,,,,,,,,,,,,,,,,,,,,,,
에이테크솔루션,"대형정밀금형(가전,자동차용 등)",,071670,대한민국,신규상장,주권,2009-04-17,,KB증권(주),특수 목적용 기계 제조업,500,"5,400","2,700,000","10,000,000",,,0.0,,, , ,,0% ,,,,,,,,,,,,,,,,,,,,,,,,
엔에스브이,밸브,,095300,대한민국,신규상장,주권,2009-04-17,,미래에셋증권 주식회사,일반 목적용 기계 제조업,500,"4,300","10,900,500","8,450,000",,,0.0,,, , ,,0% ,,,,,,,,,,,,,,,,,,,,,,,,
에스티오,"셔츠,자켓/바지, 타이",,098660,대한민국,신규상장,주권,2009-04-17,,삼성증권(주),봉제의복 제조업,500,"5,000","4,700,000","4,998,801",,,0.0,,, , ,,0% ,,,,,,,,,,,,,,,,,,,,,,,,
에스앤에스텍,블랭크마스크,,101490,대한민국,신규상장,주권,2009-04-14,,미래에셋증권 주식회사,전자부품 제조업,500,"4,000","9,200,000","10,915,980",,,0.0,,, , ,,0% ,,,,,,,,,,,,,,,,,,,,,,,,
뷰웍스,X-Ray Detector,,100120,대한민국,신규상장,주권,2009-04-10,,한국투자증권(주),의료용 기기 제조업,500,"9,000","9,450,000","6,047,910",,,0.0,,, , ,,0% ,,,,,,,,,,,,,,,,,,,,,,,,
코오롱생명과학,"항균제, 수처리제, 원료의약 등",,102940,대한민국,신규상장,주권,2009-04-07,,삼성증권(주),기초 의약물질 제조업,500,"23,500","16,920,000","3,420,000",,,0.0,,, , ,,0% ,,,,,,,,,,,,,,,,,,,,,,,,
네오피델리티,디지털오디오앰프칩,,101400,대한민국,신규상장,주권,2009-03-31,,한화투자증권(주),반도체 제조업,500,"4,500","2,250,000","2,500,000",,,0.0,,, , ,,0% ,,,,,,,,,,,,,,,,,,,,,,,,
중국식품포장,음료캔,,900060,홍콩,신규상장,외국주권,2009-03-27,,신한투자증권 주식회사,회사 본부 및 경영 컨설팅 서비스업,2,"1,500","9,000,000","20,000,000",,,0.0,,, , ,,0% ,,,,,,,,,,,,,,,,,,,,,,,,
한세실업,의류 완제품,,105630,대한민국,재상장,주권,2009-03-20,,유안타증권(주),봉제의복 제조업,500,0,0,"30,000,000",,,0.0,,, , ,, ,,,,,,,,,,,,,,,,,,,,,,,,
KGP,"크라프트지,박엽지",,109070,대한민국,재상장,주권,2009-03-17,,CLSA KOREA증권(주),"골판지, 종이 상자 및 종이용기 제조업","5,000",0,0,"10,839,771",,,0.0,,, , ,, ,,,,,,,,,,,,,,,,,,,,,,,,
파인테크닉스,"휴대폰부품, 소형LCD부품, LED조명기기",,106240,대한민국,재상장,주권,2009-03-16,,iM증권,통신 및 방송 장비 제조업,500,0,0,"7,913,171",,,0.0,,, , ,, ,,,,,,,,,,,,,,,,,,,,,,,,
삼성디지털이미징,디지털카메라,,108070,대한민국,재상장,주권,2009-03-10,,삼성증권(주),사진장비 및 광학기기 제조업,"5,000",0,0,"23,870,000",,,0.0,,, , ,, ,,,,,,,,,,,,,,,,,,,,,,,,
거북선4호,,,108890,대한민국,신규상장,선박투자회사,2009-03-06,,,,"5,000","5,190","15,739,765","3,042,710",,,0.0,,, , ,,0% ,,,,,,,,,,,,,,,,,,,,,,,,
미원에스씨,도료첨가제,,107590,대한민국,재상장,주권,2009-03-02,,,기초 화학물질 제조업,"5,000",0,0,"700,000",,,0.0,,, , ,, ,,,,,,,,,,,,,,,,,,,,,,,,
이수앱지스,"항체치료제, 의료서비스",,086890,대한민국,신규상장,주권,2009-02-03,,삼성증권(주),의료용품 및 기타 의약 관련제품 제조업,500,"5,500","10,450,000","7,443,330",,,0.0,,, , ,,0% ,,,,,,,,,,,,,,,,,,,,,,,,
유비쿼스,"소프트웨어 개발,정보처리/유선,무선통신기기,부품,컴퓨터 도소매,제조",,078070,대한민국,신규상장,주권,2009-01-23,,미래에셋증권(주),통신 및 방송 장비 제조업,500,"6,100","6,278,120","10,290,000",,,0.0,,, , ,,0% ,,,,,,,,,,,,,,,,,,,,,,,,
대성파인텍,"자동차부품(시트,도어) 제조",,104040,대한민국,신규상장,주권,2009-01-23,,KB증권(주),기타 금속 가공제품 제조업,500,"3,500","1,575,000","2,894,000",,,0.0,,, , ,,0% ,,,,,,,,,,,,,,,,,,,,,,,,
메디톡스,"의약품원료(A형,B형 보툴리늄독소 단백질치료제) 제조,연구,개발",,086900,대한민국,신규상장,주권,2009-01-16,,한국투자증권(주),기초 의약물질 제조업,500,"14,000","3,542,784","5,059,000",,,0.0,,, , ,,0% ,,,,,,,,,,,,,,,,,,,,,,,,
엠게임,"온라인 게임 개발 및 퍼블리싱(열혈강호온라인,홀릭2,영웅)",,058630,대한민국,신규상장,주권,2008-12-19,,미래에셋증권(주),소프트웨어 개발 및 공급업,500,"10,000","3,100,000","6,174,007",,,0.0,,, , ,,0% ,,,,,,,,,,,,,,,,,,,,,,,,
아이컴포넌트,액정평판디스플레이용 플라스틱 박판필름 제조업,,059100,대한민국,신규상장,주권,2008-12-16,,한국투자증권(주),전자부품 제조업,500,"3,500","1,358,000","3,873,515",,,0.0,,, , ,,0% ,,,,,,,,,,,,,,,,,,,,,,,,
연합과기,"PU피혁, 직조 및 염색",,900030,홍콩,신규상장,외국주권,2008-12-04,,미래에셋증권 주식회사,회사 본부 및 경영 컨설팅 서비스업,5,"2,200","13,200,000","20,000,000",,,0.0,,, , ,,0% ,,,,,,,,,,,,,,,,,,,,,,,,
NHN,인터넷검색 및 게임서비스,,035420,대한민국,이전상장,주권,2008-11-28,,엔에이치투자증권(주),"자료처리, 호스팅, 포털 및 기타 인터넷 정보매개 서비스업",500,0,0,"48,127,704",,,0.0,,, , ,, ,,,,,,,,,,,,,,,,,,,,,,,,
LG파워콤,"유선통신설비임대, 초고속인터넷서비스",,045820,대한민국,신규상장,주권,2008-11-27,,엔에이치투자증권(주),전기 통신업,"5,000","5,700","76,380,000","133,400,000",,,0.0,,, , ,,0% ,,,,,,,,,,,,,,,,,,,,,,,,
에너지솔루션,"ESCO 사업, 신재생에너지 사업",,067630,대한민국,신규상장,주권,2008-11-25,,KB증권(주),"건축기술, 엔지니어링 및 관련 기술 서비스업",500,"3,000","2,100,000","4,154,999",,,0.0,,, , ,,0% ,,,,,,,,,,,,,,,,,,,,,,,,
이크레더블,"전자신용인증서비스(정보),소프트웨어 개발",,092130,대한민국,신규상장,주권,2008-10-24,,한화투자증권(주),기타 정보 서비스업,500,"18,000","11,880,000","2,460,000",,,0.0,,, , ,,0% ,,,,,,,,,,,,,,,,,,,,,,,,
SIMPAC ANC,합금철,,090730,대한민국,신규상장,주권,2008-10-17,,유안타증권(주),1차 철강 제조업,500,"12,000","62,400,000","13,000,000",,,0.0,,, , ,,0% ,,,,,,,,,,,,,,,,,,,,,,,,
부국철강,철강,,026940,대한민국,이전상장,주권,2008-10-14,,삼성증권(주),1차 철강 제조업,"10,000",0,0,"10,000,000",,,0.0,,, , ,, ,,,,,,,,,,,,,,,,,,,,,,,,
KB금융,-,,105560,대한민국,신규상장,주권,2008-10-10,,케이비투자증권(주),기타 금융업,"5,000",0,0,"356,351,693",,,0.0,,, , ,, ,,,,,,,,,,,,,,,,,,,,,,,,
사이버다임,"전자문서관리시스템,지식관리시스템 개발",,066690,대한민국,신규상장,주권,2008-10-06,,엔에이치투자증권(주),소프트웨어 개발 및 공급업,500,"3,100","2,456,812","4,700,000",,,0.0,,, , ,,0% ,,,,,,,,,,,,,,,,,,,,,,,,
세운메디칼,"의료용구(체액배출기,도뇨관) 제조,도매,수출입",,100700,대한민국,신규상장,주권,2008-09-30,,한화투자증권(주),의료용품 및 기타 의약 관련제품 제조업,500,"5,600","5,600,000","4,380,000",,,0.0,,, , ,,0% ,,,,,,,,,,,,,,,,,,,,,,,,
한국철강,철근. 단조강. 파이프,,104700,대한민국,재상장,주권,2008-09-29,,미래에셋증권 주식회사,1차 철강 제조업,"5,000",0,0,"9,210,000",,,0.0,,, , ,, ,,,,,,,,,,,,,,,,,,,,,,,,
마이크로컨텍솔,"BGA IC Burn-In Socket,DRAM Module Socket",,098120,대한민국,신규상장,주권,2008-09-23,,현대차증권주식회사,전자부품 제조업,500,"2,000","2,000,000","4,375,140",,,0.0,,, , ,,0% ,,,,,,,,,,,,,,,,,,,,,,,,
KJ프리텍,"소형 BLU, 정밀 플라스틱 제품",,083470,대한민국,신규상장,주권,2008-09-18,,교보증권(주),플라스틱제품 제조업,500,"3,000","3,757,800","6,100,000",,,0.0,,, , ,,0% ,,,,,,,,,,,,,,,,,,,,,,,,
신성ENG,클린룸장비,,104110,대한민국,재상장,주권,2008-09-01,,미래에셋증권 주식회사,특수 목적용 기계 제조업,500,0,0,"8,814,500",,,0.0,,, , ,, ,,,,,,,,,,,,,,,,,,,,,,,,
신성FA,팹공정자동화장비,,104120,대한민국,재상장,주권,2008-09-01,,미래에셋증권 주식회사,특수 목적용 기계 제조업,500,0,0,"8,814,500",,,0.0,,, , ,, ,,,,,,,,,,,,,,,,,,,,,,,,
삼강엠앤티,"후육강관제조업,조선블록제조업",,100090,대한민국,신규상장,주권,2008-08-01,,신영증권(주),1차 철강 제조업,500,"6,500","12,350,000","6,400,000",,,0.0,,, , ,,0% ,,,,,,,,,,,,,,,,,,,,,,,,
일진전기,"절연선, 케이블",,103590,대한민국,재상장,주권,2008-08-01,,,절연선 및 케이블 제조업,"1,000",0,0,"37,080,390",,,0.0,,, , ,, ,,,,,,,,,,,,,,,,,,,,,,,,
풍산,,,103140,대한민국,재상장,주권,2008-07-30,,,1차 비철금속 제조업,"5,000",0,0,"28,024,278",,,0.0,,, , ,, ,,,,,,,,,,,,,,,,,,,,,,,,
하이트맥주,맥주,,103150,대한민국,재상장,주권,2008-07-30,,,알코올음료 제조업,"5,000",0,0,"9,742,101",,,0.0,,, , ,, ,,,,,,,,,,,,,,,,,,,,,,,,
풀무원,"두부, 나물, 생면",,103160,대한민국,재상장,주권,2008-07-29,,엔에이치투자증권(주),음·식료품 및 담배 도매업,"5,000",0,0,"3,147,336",,,0.0,,, , ,, ,,,,,,,,,,,,,,,,,,,,,,,,
엘지이노텍,"튜너,파워모듈,LCD모듈",,011070,대한민국,신규상장,주권,2008-07-24,,"교보증권(주),미래에셋증권 주식회사",전자부품 제조업,"5,000","40,500","137,700,000","12,020,800",,,0.0,,, , ,,0% ,,,,,,,,,,,,,,,,,,,,,,,,
아이엠,DVD용광픽업등,,101390,대한민국,신규상장,주권,2008-07-23,,한국증권,기계장비 및 관련 물품 도매업,500,"5,000","10,000,000","10,000,000",,,0.0,,, , ,,0% ,,,,,,,,,,,,,,,,,,,,,,,,
한텍엔지니어링,"에너지절감설비,자동화배합설비,환경설비",,076080,대한민국,신규상장,주권,2008-07-18,,신한투자증권 주식회사,특수 목적용 기계 제조업,500,"8,500","15,300,000","6,000,000",,,0.0,,, , ,,0% ,,,,,,,,,,,,,,,,,,,,,,,,
코리아에스이,"영구앵커,교량용케이블,타이케이블",,101670,대한민국,신규상장,주권,2008-07-15,,유안타증권(주),"구조용 금속제품, 탱크 및 증기발생기 제조업",500,"5,500","5,280,000","3,960,000",,,0.0,,, , ,,0% ,,,,,,,,,,,,,,,,,,,,,,,,
슈프리마,지문인식솔루션및시스템,,094840,대한민국,신규상장,주권,2008-07-11,,한국증권,통신 및 방송 장비 제조업,500,"27,100","16,260,000","2,100,000",,,0.0,,, , ,,0% ,,,,,,,,,,,,,,,,,,,,,,,,
명문제약,"아트로다캡슐,키미테",,017180,대한민국,신규상장,주권,2008-07-10,,엔에이치투자증권(주),의약품 제조업,500,"6,000","15,234,960","10,200,000",,,0.0,,, , ,,0% ,,,,,,,,,,,,,,,,,,,,,,,,
이스트소프트,"온라인게임(카발온라인),알툴즈S/W,스토리지S/W",,047560,대한민국,신규상장,주권,2008-07-01,,한화투자증권(주),소프트웨어 개발 및 공급업,500,"9,800","4,361,000","4,449,700",,,0.0,,, , ,,0% ,,,,,,,,,,,,,,,,,,,,,,,,
서울옥션,미술품경매,,063170,대한민국,신규상장,주권,2008-07-01,,엔에이치투자증권(주),상품 중개업,500,"11,000","36,428,370","16,500,000",,,0.0,,, , ,,0% ,,,,,,,,,,,,,,,,,,,,,,,,
비유와상징,중고등학생용 참고서,,100220,대한민국,신규상장,주권,2008-06-30,,KB증권(주),"서적, 잡지 및 기타 인쇄물 출판업",500,"33,000","59,103,000","9,791,000",,,0.0,,, , ,,0% ,,,,,,,,,,,,,,,,,,,,,,,,
씨디아이홀딩스,청담어학원,,096240,대한민국,신규상장,주권,2008-06-27,,삼성증권(주),일반 교습 학원,500,"33,000","16,187,490","4,905,221",,,0.0,,, , ,,0% ,,,,,,,,,,,,,,,,,,,,,,,,
동성홀딩스,,,102260,대한민국,재상장,주권,2008-06-23,,,회사 본부 및 경영 컨설팅 서비스업,"5,000",0,0,"3,069,972",,,0.0,,, , ,, ,,,,,,,,,,,,,,,,,,,,,,,,
월덱스,반도체용링및전극,,101160,대한민국,신규상장,주권,2008-06-19,,한국증권,반도체 제조업,500,"10,000","20,000,000","7,000,000",,,0.0,,, , ,,0% ,,,,,,,,,,,,,,,,,,,,,,,,
쎄트렉아이,"소형인공위성,지상시스템",,099320,대한민국,신규상장,주권,2008-06-13,,한국증권,"항공기,우주선 및 부품 제조업",500,"43,000","10,062,000","2,335,200",,,0.0,,, , ,,0% ,,,,,,,,,,,,,,,,,,,,,,,,
트라이,,,102280,대한민국,재상장,주권,2008-06-10,,,봉제의복 제조업,"5,000",0,0,"8,311,521",,,0.0,,, , ,, ,,,,,,,,,,,,,,,,,,,,,,,,
파브코,방진부품,,101990,대한민국,재상장,주권,2008-06-09,,삼성증권(주),자동차 신품 부품 제조업,500,0,0,"12,000,000",,,0.0,,, , ,, ,,,,,,,,,,,,,,,,,,,,,,,,
브리지텍,"컨택센터솔루션,BcN솔루션,ASP서비스사업",,064480,대한민국,신규상장,주권,2008-06-04,,신한투자증권 주식회사,소프트웨어 개발 및 공급업,500,"3,100","5,541,250","8,937,500",,,0.0,,, , ,,0% ,,,,,,,,,,,,,,,,,,,,,,,,
고영테크놀러지,전자제품및반도체생산용3차원납도포검사장비,,098460,대한민국,신규상장,주권,2008-06-03,,한국증권,특수 목적용 기계 제조업,500,"11,500","12,132,500","5,236,290",,,0.0,,, , ,,0% ,,,,,,,,,,,,,,,,,,,,,,,,
제이씨엔터테인먼트,온라인게임(프리스타일농구),,067000,대한민국,신규상장,주권,2008-05-30,,삼성증권(주),소프트웨어 개발 및 공급업,500,"10,500","21,000,000","9,343,200",,,0.0,,, , ,,0% ,,,,,,,,,,,,,,,,,,,,,,,,
세미텍,반도체패키징및테스트,,081220,대한민국,신규상장,주권,2008-05-23,,유안타증권(주),반도체 제조업,500,"5,000","8,485,100","7,294,180",,,0.0,,, , ,,0% ,,,,,,,,,,,,,,,,,,,,,,,,
우진비앤지,"슈퍼티아,안티펜SM",,018620,대한민국,신규상장,주권,2008-05-20,,한국증권,의약품 제조업,500,"4,000","4,800,000","4,000,000",,,0.0,,, , ,,0% ,,,,,,,,,,,,,,,,,,,,,,,,
테스,반도체장비(화학증착장비),,095610,대한민국,신규상장,주권,2008-05-20,,하나IB증권주식회사,특수 목적용 기계 제조업,500,"34,000","28,949,470","4,251,455",,,0.0,,, , ,,0% ,,,,,,,,,,,,,,,,,,,,,,,,
케이알제2호,,,101790,대한민국,신규상장,부동산투자회사,2008-05-08,,,부동산 임대 및 공급업,"5,000","5,000","10,000,000","5,000,000",,,0.0,,, , ,,0% ,,,,,,,,,,,,,,,,,,,,,,,,
예스이십사,"도서,음반/DVD,화장품",,053280,대한민국,신규상장,주권,2008-05-07,,유안타증권(주),무점포 소매업,500,"6,300","21,735,013","17,200,000",,,0.0,,, , ,,0% ,,,,,,,,,,,,,,,,,,,,,,,,
엘디티,"OLED구동IC,LED구동IC,LCD구동IC",,096870,대한민국,신규상장,주권,2008-05-02,,한국증권,반도체 제조업,500,"3,800","4,770,300","6,260,000",,,0.0,,, , ,,0% ,,,,,,,,,,,,,,,,,,,,,,,,
실리콘화일,CMOS이미지센서,,082930,대한민국,신규상장,주권,2008-04-25,,KB증권(주),반도체 제조업,500,"6,000","9,000,000","6,265,960",,,0.0,,, , ,,0% ,,,,,,,,,,,,,,,,,,,,,,,,
거북선2호,,,101380,대한민국,신규상장,선박투자회사,2008-04-25,,,,"5,000","5,000","13,735,950","2,757,190",,,0.0,,, , ,,0% ,,,,,,,,,,,,,,,,,,,,,,,,
거북선3호,,,102000,대한민국,신규상장,선박투자회사,2008-04-25,,,,"5,000","5,000","6,043,200","1,218,640",,,0.0,,, , ,,0% ,,,,,,,,,,,,,,,,,,,,,,,,
LG텔레콤,개인휴대통신 서비스,,032640,대한민국,이전상장,주권,2008-04-21,,엔에이치투자증권(주),전기 통신업,"5,000",0,0,"277,278,430",,,0.0,,, , ,, ,,,,,,,,,,,,,,,,,,,,,,,,
메타바이오메드,"생체분해성봉합사,근관충전재",,059210,대한민국,신규상장,주권,2008-04-15,,한국증권,의료용품 및 기타 의약 관련제품 제조업,500,"9,000","9,000,000","5,000,000",,,0.0,,, , ,,0% ,,,,,,,,,,,,,,,,,,,,,,,,
효성오앤비,"혼합유박비료,유기복합비료,혼합유기질비료",,097870,대한민국,신규상장,주권,2008-04-08,,SK증권(주),,500,"7,500","13,500,000","5,800,000",,,0.0,,, , ,,0% ,,,,,,,,,,,,,,,,,,,,,,,,
네패스신소재,반도체용EMC(EpoxyMoldingCompound),,087730,대한민국,신규상장,주권,2008-04-04,,엔에이치투자증권(주),,500,"4,400","2,904,000","2,860,000",,,0.0,,, , ,,0% ,,,,,,,,,,,,,,,,,,,,,,,,
아티스,,,101140,대한민국,재상장,주권,2008-04-02,,,,"5,000",0,0,"2,000,000",,,0.0,,, , ,, ,,,,,,,,,,,,,,,,,,,,,,,,
아시아나항공,"여객운송, 화물운송",,020560,대한민국,이전상장,주권,2008-03-28,,KB증권(주),항공 여객 운송업,"5,000",0,0,"175,170,743",,,0.0,,, , ,, ,,,,,,,,,,,,,,,,,,,,,,,,
제너시스템즈,인터넷전화기간망솔루션,,073930,대한민국,신규상장,주권,2008-03-26,,한국증권,,500,"3,500","6,160,000","8,776,130",,,0.0,,, , ,,0% ,,,,,,,,,,,,,,,,,,,,,,,,
SBS홀딩스,비금융지주회사,,101060,대한민국,재상장,주권,2008-03-24,,,,"5,000",0,0,"7,822,535",,,0.0,,, , ,, ,,,,,,,,,,,,,,,,,,,,,,,,
S&TC,,,100840,대한민국,재상장,주권,2008-02-22,,한국투자증권(주),일반 목적용 기계 제조업,500,0,0,"2,373,000",,,0.0,,, , ,, ,,,,,,,,,,,,,,,,,,,,,,,,
진양홀딩스,,,100250,대한민국,재상장,주권,2008-02-15,,삼성증권(주),회사 본부 및 경영 컨설팅 서비스업,500,0,0,"42,230,909",,,0.0,,, , ,, ,,,,,,,,,,,,,,,,,,,,,,,,
텔레필드,광전송장비,,091440,대한민국,신규상장,주권,2008-02-01,,신한투자증권 주식회사,,500,"5,000","5,218,000","3,478,520",,,0.0,,, , ,,0% ,,,,,,,,,,,,,,,,,,,,,,,,
하나니켈1호,,,099340,대한민국,신규상장,투자회사,2008-02-01,,미래에셋증권주식회사,신탁업 및 집합투자업,0,"5,000","113,681,000","22,756,200",,,0.0,,, , ,,0% ,,,,,,,,,,,,,,,,,,,,,,,,
하나니켈2호,,,099350,대한민국,신규상장,투자회사,2008-02-01,,,신탁업 및 집합투자업,0,"5,000","16,320,000","3,284,000",,,0.0,,, , ,,0% ,,,,,,,,,,,,,,,,,,,,,,,,
넥실리온,지상파DMB통합수신칩,,098400,대한민국,신규상장,주권,2008-01-30,,한국증권,,500,"3,500","3,675,000","5,100,000",,,0.0,,, , ,,0% ,,,,,,,,,,,,,,,,,,,,,,,,
코웰이홀딩스유한공사,지주회사,,900020,아일랜드,신규상장,외국주권,2008-01-29,,교보증권(주),회사 본부 및 경영 컨설팅 서비스업,0.1,"2,000","22,400,000","30,000,000",,,0.0,,, , ,,0% ,,,,,,,,,,,,,,,,,,,,,,,,
명성금속,플랜트용단조제품,,088700,대한민국,신규상장,주권,2008-01-25,,교보증권(주),,500,"18,000","39,600,000","7,400,000",,,0.0,,, , ,,0% ,,,,,,,,,,,,,,,,,,,,,,,,
네오엠텔,임베디드그래픽소프트웨어,,096040,대한민국,신규상장,주권,2008-01-25,,삼성증권(주),,500,"8,500","7,650,000","4,500,000",,,0.0,,, , ,,0% ,,,,,,,,,,,,,,,,,,,,,,,,
엔케이,,,085310,대한민국,신규상장,주권,2008-01-24,,한국증권,"구조용 금속제품, 탱크 및 증기발생기 제조업",500,"10,000","32,000,000","14,866,664",,,0.0,,, , ,,0% ,,,,,,,,,,,,,,,,,,,,,,,,
에스맥,휴대폰용키모듈,,097780,대한민국,신규상장,주권,2008-01-23,,한국증권,,500,"3,500","5,950,000","5,905,961",,,0.0,,, , ,,0% ,,,,,,,,,,,,,,,,,,,,,,,,
코리아07호,,,099210,대한민국,신규상장,선박투자회사,2008-01-07,,,,"5,000","5,000","27,860,540","5,582,108",,,0.0,,, , ,,0% ,,,,,,,,,,,,,,,,,,,,,,,,
일신랩,초저온냉동고및동결건조기,,068330,대한민국,신규상장,주권,2007-12-26,,KB증권(주),,500,"4,500","3,600,000","3,200,000",,,0.0,,, , ,,0% ,,,,,,,,,,,,,,,,,,,,,,,,
쎄믹스,WaferProber,,096630,대한민국,신규상장,주권,2007-12-26,,iM증권,,500,"3,300","3,159,750","4,787,500",,,0.0,,, , ,,0% ,,,,,,,,,,,,,,,,,,,,,,,,
서원인텍,휴대폰용키패드및부자재,,093920,대한민국,신규상장,주권,2007-12-20,,교보증권(주),,500,"6,000","15,000,000","9,300,000",,,0.0,,, , ,,0% ,,,,,,,,,,,,,,,,,,,,,,,,
미성포리테크,휴대폰키패드,,094700,대한민국,신규상장,주권,2007-12-20,,신한투자증권 주식회사,,500,"6,300","15,120,000","8,000,000",,,0.0,,, , ,,0% ,,,,,,,,,,,,,,,,,,,,,,,,
이씨에스텔레콤,"컨택센터용교환시스템,업무용교환시스템",,067010,대한민국,신규상장,주권,2007-12-18,,KB증권(주),,500,"2,500","3,750,000","7,500,000",,,0.0,,, , ,,0% ,,,,,,,,,,,,,,,,,,,,,,,,
대창메탈,내연기관구조재(선박엔진용MBS),,096350,대한민국,신규상장,주권,2007-12-17,,미래에셋증권(주),,500,"6,500","19,581,361","11,200,000",,,0.0,,, , ,,0% ,,,,,,,,,,,,,,,,,,,,,,,,
한전KPS,,,051600,대한민국,신규상장,주권,2007-12-14,,신한투자증권 주식회사,전기 및 통신 공사업,200,"13,300","119,700,000","45,000,000",,,0.0,,, , ,,0% ,,,,,,,,,,,,,,,,,,,,,,,,
위즈위드,"해외수입대행,온라인패션쇼핑몰,온라인화장품쇼핑몰",,069920,대한민국,신규상장,주권,2007-12-05,,신한투자증권 주식회사,,500,"5,200","11,658,400","11,207,276",,,0.0,,, , ,,0% ,,,,,,,,,,,,,,,,,,,,,,,,
성진지오텍,,,051310,대한민국,신규상장,주권,2007-11-29,,미래에셋증권 주식회사,"구조용 금속제품, 탱크 및 증기발생기 제조업",500,"14,000","80,003,000","28,572,500",,,0.0,,, , ,,0% ,,,,,,,,,,,,,,,,,,,,,,,,
화풍방직,,,950010,케이맨 제도,신규상장,주식예탁증권,2007-11-26,,미래에셋증권 주식회사,방적 및 가공사 제조업,0.01,"5,600","33,600,000","6,000,000",,,0.0,,, , ,,0% ,,,,,,,,,,,,,,,,,,,,,,,,
세실,"천적,수정벌",,084450,대한민국,신규상장,주권,2007-11-20,,iM증권,,500,"11,000","27,500,000","11,299,998",,,0.0,,, , ,,0% ,,,,,,,,,,,,,,,,,,,,,,,,
알에프세미,"마이크로폰용ECMChip,RFFilter",,096610,대한민국,신규상장,주권,2007-11-20,,미래에셋증권 주식회사,,500,"4,800","4,320,000","3,902,860",,,0.0,,, , ,,0% ,,,,,,,,,,,,,,,,,,,,,,,,
디엔에프,반도체배선박막재료(알루미늄전구체),,092070,대한민국,신규상장,주권,2007-11-16,,한국증권,,500,"12,000","9,960,000","4,142,604",,,0.0,,, , ,,0% ,,,,,,,,,,,,,,,,,,,,,,,,
씨모텍,무선데이타카드,,081090,대한민국,신규상장,주권,2007-11-14,,유안타증권(주),,500,"23,000","36,379,100","6,141,089",,,0.0,,, , ,,0% ,,,,,,,,,,,,,,,,,,,,,,,,
JS전선,,,005560,대한민국,재상장 폐지,주권,2007-11-12,,삼성증권(주),절연선 및 케이블 제조업,"5,000","24,000","48,000,000","11,378,640",,,0.0,,, , ,,0% ,,,,,,,,,,,,,,,,,,,,,,,,
일진정공,"열교환기,압력용기",,094820,대한민국,신규상장,주권,2007-11-06,,현대차증권주식회사,,500,"5,200","9,360,000","5,800,000",,,0.0,,, , ,,0% ,,,,,,,,,,,,,,,,,,,,,,,,
비엠티,"정밀계장용피팅및밸브류,전원분배장치(MCPD)",,086670,대한민국,신규상장,주권,2007-11-02,,유안타증권(주),,500,"8,000","12,000,000","6,000,000",,,0.0,,, , ,,0% ,,,,,,,,,,,,,,,,,,,,,,,,
쉘라인,,,093230,대한민국,신규상장,주권,2007-11-01,,삼성증권(주),통신 및 방송 장비 제조업,500,"17,400","50,025,000","9,583,000",,,0.0,,, , ,,0% ,,,,,,,,,,,,,,,,,,,,,,,,
기신정기,,,092440,대한민국,신규상장,주권,2007-10-30,,유안타증권(주),특수 목적용 기계 제조업,500,"10,000","31,500,000","14,600,000",,,0.0,,, , ,,0% ,,,,,,,,,,,,,,,,,,,,,,,,
이엘케이,키패드용EL,,094190,대한민국,신규상장,주권,2007-10-29,,한화투자증권(주),,500,"10,000","24,000,000","8,541,017",,,0.0,,, , ,,0% ,,,,,,,,,,,,,,,,,,,,,,,,
이엠코리아,CNC공작기계등,,095190,대한민국,신규상장,주권,2007-10-29,,한국증권,,500,"8,500","12,495,000","5,870,000",,,0.0,,, , ,,0% ,,,,,,,,,,,,,,,,,,,,,,,,
KSS해운,,,044450,대한민국,신규상장,주권,2007-10-26,,엔에이치투자증권(주),해상 운송업,"5,000","65,000","11,303,110","1,159,294",,,0.0,,, , ,,0% ,,,,,,,,,,,,,,,,,,,,,,,,
효성 ITX,,,094280,대한민국,신규상장,주권,2007-10-25,,삼성증권(주),기타 사업지원 서비스업,500,"5,000","18,650,000","11,558,200",,,0.0,,, , ,,0% ,,,,,,,,,,,,,,,,,,,,,,,,
현우산업,인쇄회로판(PCB),,092300,대한민국,신규상장,주권,2007-10-24,,대신증권(주),,500,"6,800","9,520,000","4,660,000",,,0.0,,, , ,,0% ,,,,,,,,,,,,,,,,,,,,,,,,
유나이티드,,,033270,대한민국,이전상장,주권,2007-10-23,,SK증권(주),의약품 제조업,500,0,0,"15,025,924",,,0.0,,, , ,, ,,,,,,,,,,,,,,,,,,,,,,,,
다믈멀티미디어,멀티미디어반도체,,093640,대한민국,신규상장,주권,2007-10-19,,미래에셋증권(주),,500,"4,500","5,572,035","6,100,000",,,0.0,,, , ,,0% ,,,,,,,,,,,,,,,,,,,,,,,,
디아이씨,,,092200,대한민국,신규상장,주권,2007-10-18,,유안타증권(주),자동차 신품 부품 제조업,"5,000","63,000","41,326,866","2,170,000",,,0.0,,, , ,,0% ,,,,,,,,,,,,,,,,,,,,,,,,
에스에너지,"태양광발전시스템,태양전지모듈",,095910,대한민국,신규상장,주권,2007-10-16,,한화투자증권(주),,500,"19,000","16,530,000","4,341,305",,,0.0,,, , ,,0% ,,,,,,,,,,,,,,,,,,,,,,,,
엘지에스,프리즘시트,,073110,대한민국,신규상장,주권,2007-10-12,,한화투자증권(주),,500,"11,000","18,150,000","8,059,400",,,0.0,,, , ,,0% ,,,,,,,,,,,,,,,,,,,,,,,,
성우전자,휴대폰금속프레스부품(전자파차단ShieldCan),,081580,대한민국,신규상장,주권,2007-10-12,,iM증권,,500,"11,000","10,450,000","3,650,000",,,0.0,,, , ,,0% ,,,,,,,,,,,,,,,,,,,,,,,,
제이엠텔레콤,LCD패널용PBA,,094970,대한민국,신규상장,주권,2007-10-12,,미래에셋증권 주식회사,,500,"5,700","11,400,000","7,134,000",,,0.0,,, , ,,0% ,,,,,,,,,,,,,,,,,,,,,,,,
오디텍,"광반도체,소자및모듈",,080520,대한민국,신규상장,주권,2007-10-08,,미래에셋증권(주),,500,"10,000","10,000,000","4,486,252",,,0.0,,, , ,,0% ,,,,,,,,,,,,,,,,,,,,,,,,
상보,"광학필름,윈도우필름,미디어필름",,027580,대한민국,신규상장,주권,2007-10-01,,한화투자증권(주),,500,"15,000","19,500,000","6,500,000",,,0.0,,, , ,,0% ,,,,,,,,,,,,,,,,,,,,,,,,
네오티스,"마이크로비트,샤프트",,085910,대한민국,신규상장,주권,2007-10-01,,미래에셋증권 주식회사,,500,"11,500","18,400,000","8,000,000",,,0.0,,, , ,,0% ,,,,,,,,,,,,,,,,,,,,,,,,
아이에스시테크놀러지,반도체테스트소켓,,095340,대한민국,신규상장,주권,2007-10-01,,KB증권(주),,500,"21,000","32,340,000","7,690,000",,,0.0,,, , ,,0% ,,,,,,,,,,,,,,,,,,,,,,,,
미래나노텍,LCDBLU용광학필름,,095500,대한민국,신규상장,주권,2007-10-01,,한국증권,,500,"37,000","55,500,000","4,753,951",,,0.0,,, , ,,0% ,,,,,,,,,,,,,,,,,,,,,,,,
CJ제일제당,"조미료, 사료, 설탕, 밀가루 등",,097950,대한민국,재상장,주권,2007-09-28,,,도시락 및 식사용 조리식품 제조업,"5,000",0,0,"13,515,739",,,0.0,,, , ,, ,,,,,,,,,,,,,,,,,,,,,,,,
STX팬오션,,,028670,대한민국,신규상장,주권,2007-09-21,,삼성증권(주),해상 운송업,100,"1,720","590,125,825","2,058,578,460",,,0.0,,, , ,,0% ,,,,,,,,,,,,,,,,,,,,,,,,
바이오톡스텍,"안전성평가,유효성평가",,086040,대한민국,신규상장,주권,2007-09-21,,한화투자증권(주),,500,"5,500","4,950,000","4,463,334",,,0.0,,, , ,,0% ,,,,,,,,,,,,,,,,,,,,,,,,
옴니시스템,"전자식전력량계,설비미터,원격검침시스템",,057540,대한민국,신규상장,주권,2007-09-19,,한국증권,,500,"6,500","7,359,424","5,660,000",,,0.0,,, , ,,0% ,,,,,,,,,,,,,,,,,,,,,,,,
연이정보통신,"LCD,PDP및단말기용PBA",,090740,대한민국,신규상장,주권,2007-09-19,,교보증권(주),,500,"4,000","13,200,000","15,000,000",,,0.0,,, , ,,0% ,,,,,,,,,,,,,,,,,,,,,,,,
푸른기술,"금융자동화기기모듈,역무자동화기기모듈,특수단말시스템",,094940,대한민국,신규상장,주권,2007-09-14,,한국증권,,500,"12,500","9,375,000","3,750,000",,,0.0,,, , ,,0% ,,,,,,,,,,,,,,,,,,,,,,,,
웨이브일렉트로닉스,이동통신중계기용전력증폭기,,095270,대한민국,신규상장,주권,2007-09-12,,한국증권,,500,"10,000","24,800,000","9,920,000",,,0.0,,, , ,,0% ,,,,,,,,,,,,,,,,,,,,,,,,
한국아태특별,,,098150,대한민국,신규상장,투자회사,2007-09-05,,,신탁업 및 집합투자업,0,"1,000","7,228,373","7,328,373",,,0.0,,, , ,,0% ,,,,,,,,,,,,,,,,,,,,,,,,
한진중공업,,,097230,대한민국,재상장,주권,2007-08-31,,,선박 및 보트 건조업,"5,000",0,0,"47,337,324",,,0.0,,, , ,, ,,,,,,,,,,,,,,,,,,,,,,,,
넥스지,"보안관제서비스,인터넷정보보안제품",,081970,대한민국,신규상장,주권,2007-08-20,,DB증권주식회사,,500,"9,600","8,352,000","2,880,000",,,0.0,,, , ,,0% ,,,,,,,,,,,,,,,,,,,,,,,,
빅솔론,"POS용프린터,프린팅메카니즘",,093190,대한민국,신규상장,주권,2007-08-20,,교보증권(주),,500,"10,000","10,700,000","5,000,000",,,0.0,,, , ,,0% ,,,,,,,,,,,,,,,,,,,,,,,,
3노드디지탈그룹유한공사,지주회사,,900010,아일랜드,신규상장,외국주권,2007-08-17,,신영증권(주),회사 본부 및 경영 컨설팅 서비스업,0.1,"2,500","30,000,000","40,000,000",,,0.0,,, , ,,0% ,,,,,,,,,,,,,,,,,,,,,,,,
중외홀딩스,,,096760,대한민국,재상장,주권,2007-07-31,,,기타 전문 도매업,"2,500",0,0,"5,002,876",,,0.0,,, , ,, ,,,,,,,,,,,,,,,,,,,,,,,,
에스엔케이폴리텍,고밀도폴리우레탄폼시트,,091340,대한민국,신규상장,주권,2007-07-30,,키움증권(주),,500,"8,900","21,093,000","7,900,000",,,0.0,,, , ,,0% ,,,,,,,,,,,,,,,,,,,,,,,,
아구스,디지털영상저장장치(DVR),,078670,대한민국,신규상장,주권,2007-07-27,,미래에셋증권(주),,500,"14,500","23,200,000","5,966,080",,,0.0,,, , ,,0% ,,,,,,,,,,,,,,,,,,,,,,,,
아로마소프트,무선인터넷플랫폼,,072770,대한민국,신규상장,주권,2007-07-25,,교보증권(주),,500,"8,200","12,361,213","6,000,000",,,0.0,,, , ,,0% ,,,,,,,,,,,,,,,,,,,,,,,,
SK에너지,,,096770,대한민국,재상장,주권,2007-07-25,,,석유 정제품 제조업,"5,000",0,0,"92,621,921",,,0.0,,, , ,, ,,,,,,,,,,,,,,,,,,,,,,,,
에코프로,"환경소재,화학필터,이차전지소재등",,086520,대한민국,신규상장,주권,2007-07-20,,유안타증권(주),,500,"9,000","9,900,000","4,800,000",,,0.0,,, , ,,0% ,,,,,,,,,,,,,,,,,,,,,,,,
바로비젼,무선인터넷솔루션,,094480,대한민국,신규상장,주권,2007-07-20,,엔에이치투자증권(주),,500,"8,900","9,434,000","3,800,000",,,0.0,,, , ,,0% ,,,,,,,,,,,,,,,,,,,,,,,,
메모리앤테스팅,"반도체테스터,MCP,Ballmounting",,065150,대한민국,신규상장,주권,2007-07-18,,유안타증권(주),,500,"8,000","8,000,000","4,200,000",,,0.0,,, , ,,0% ,,,,,,,,,,,,,,,,,,,,,,,,
컴투스,모바일게임,,078340,대한민국,신규상장,주권,2007-07-06,,한국증권,,500,"12,000","19,200,000","7,879,231",,,0.0,,, , ,,0% ,,,,,,,,,,,,,,,,,,,,,,,,
디지텍시스템스,터치스크린,,091690,대한민국,신규상장,주권,2007-07-04,,교보증권(주),,500,"21,000","28,581,000","6,804,557",,,0.0,,, , ,,0% ,,,,,,,,,,,,,,,,,,,,,,,,
네오위즈게임즈,"피망,스페셜포스",,095660,대한민국,재상장,주권,2007-07-02,,한화투자증권(주),,500,0,-,"2,979,588",,,0.0,,, , ,, ,,,,,,,,,,,,,,,,,,,,,,,,
삼성카드,,,029780,대한민국,신규상장,주권,2007-06-27,,한국증권,기타 금융업,"5,000","48,000","576,000,000","110,448,180",,,0.0,,, , ,,0% ,,,,,,,,,,,,,,,,,,,,,,,,
넥스트칩,영상처리칩,,092600,대한민국,신규상장,주권,2007-06-26,,한국증권,,500,"15,700","16,328,000","5,140,000",,,0.0,,, , ,,0% ,,,,,,,,,,,,,,,,,,,,,,,,
엔텔스,운용지원솔루션,,069410,대한민국,신규상장,주권,2007-06-20,,한국증권,,500,"10,000","8,101,000","3,300,000",,,0.0,,, , ,,0% ,,,,,,,,,,,,,,,,,,,,,,,,
베트남개발1,,,096300,대한민국,신규상장,투자회사,2007-06-13,,유안타증권(주),신탁업 및 집합투자업,0,"1,000","120,397,892","120,497,892",,,0.0,,, , ,,0% ,,,,,,,,,,,,,,,,,,,,,,,,
동양강철,,,001780,대한민국,재상장 폐지,주권,2007-06-07,,유안타증권(주),1차 비철금속 제조업,"1,000",0,0,"22,920,810",,,0.0,,, , ,, ,,,,,,,,,,,,,,,,,,,,,,,,
인포피아,"혈당측정용바이오센서,혈당측정기",,036220,대한민국,신규상장,주권,2007-06-05,,미래에셋증권(주),,500,"31,000","27,590,000","5,000,000",,,0.0,,, , ,,0% ,,,,,,,,,,,,,,,,,,,,,,,,
풍강,자동차용너트류,,093380,대한민국,신규상장,주권,2007-06-01,,유진투자증권(주),,500,"3,700","9,620,000","8,600,000",,,0.0,,, , ,,0% ,,,,,,,,,,,,,,,,,,,,,,,,
웅진씽크빅,,,095720,대한민국,재상장,주권,2007-05-31,,,초등 교육기관,500,0,0,"24,384,228",,,0.0,,, , ,, ,,,,,,,,,,,,,,,,,,,,,,,,
케이프,선박엔진용실린더라이너,,064820,대한민국,신규상장,주권,2007-05-29,,미래에셋증권(주),,500,"18,000","31,500,000","6,550,000",,,0.0,,, , ,,0% ,,,,,,,,,,,,,,,,,,,,,,,,
동국제약,"인사돌,복합마데카솔,파미레이",,086450,대한민국,신규상장,주권,2007-05-29,,삼성증권(주),,"2,500","14,000","25,620,000","6,840,000",,,0.0,,, , ,,0% ,,,,,,,,,,,,,,,,,,,,,,,,
상신이디피,2차전지부품,,091580,대한민국,신규상장,주권,2007-05-23,,하나증권주식회사,,500,"7,000","7,000,000","3,502,000",,,0.0,,, , ,,0% ,,,,,,,,,,,,,,,,,,,,,,,,
에버테크노,"LCD장비,Vision검사장비,반도체장비,휴대폰장비",,070480,대한민국,신규상장,주권,2007-05-22,,미래에셋증권(주),,500,"5,200","10,400,000","8,000,000",,,0.0,,, , ,,0% ,,,,,,,,,,,,,,,,,,,,,,,,
잘만테크,컴퓨터냉각장치(CPU및VGA용쿨러),,090120,대한민국,신규상장,주권,2007-05-22,,iM증권,,500,"14,000","14,000,000","4,270,000",,,0.0,,, , ,,0% ,,,,,,,,,,,,,,,,,,,,,,,,
한라레벨,"선용원격자동측정시스템,선용원격자동경보시스템",,092460,대한민국,신규상장,주권,2007-05-22,,미래에셋증권 주식회사,,500,"8,600","15,480,000","6,000,000",,,0.0,,, , ,,0% ,,,,,,,,,,,,,,,,,,,,,,,,
에프알텍,이동통신용중계기,,073540,대한민국,신규상장,주권,2007-05-18,,유안타증권(주),,500,"3,300","3,828,000","5,700,000",,,0.0,,, , ,,0% ,,,,,,,,,,,,,,,,,,,,,,,,
지비베트남1,,,094950,대한민국,신규상장,투자회사,2007-05-08,,,신탁업 및 집합투자업,0,"5,000","42,562,560","8,532,512",,,0.0,,, , ,,0% ,,,,,,,,,,,,,,,,,,,,,,,,
이엠텍,"마이크로스피커,리시버",,091120,대한민국,신규상장,주권,2007-05-02,,하나IB증권주식회사,,500,"7,100","4,688,109","3,224,740",,,0.0,,, , ,,0% ,,,,,,,,,,,,,,,,,,,,,,,,
첼로스포츠,"고급자전거,자전거용품및부품",,094850,대한민국,재상장,주권,2007-04-30,,한국증권,,500,0,-,"3,292,908",,,0.0,,, , ,, ,,,,,,,,,,,,,,,,,,,,,,,,
코닉글로리,네트워크장비공급및인터넷트래픽솔루션,,094860,대한민국,재상장,주권,2007-04-16,,엔에이치투자증권(주),,500,-,-,"3,084,931",,,0.0,,, , ,, ,,,,,,,,,,,,,,,,,,,,,,,,
맵스리얼티1,,,094800,대한민국,신규상장,투자회사,2007-04-09,,유안타증권(주),신탁업 및 집합투자업,0,"5,000","431,638,060","86,347,612",,,0.0,,, , ,,0% ,,,,,,,,,,,,,,,,,,,,,,,,
이트레이드증권,유가증권위탁매매,,078020,대한민국,신규상장,주권,2007-02-21,,한국증권,,"5,000","6,500","13,000,000","13,200,000",,,0.0,,, , ,,0% ,,,,,,,,,,,,,,,,,,,,,,,,
매커스,자일링스(Xilinx)비메모리반도체(PLDchip)유통,,093520,대한민국,재상장,주권,2007-02-12,,엔에이치투자증권(주),,500,-,-,"10,329,769",,,0.0,,, , ,, ,,,,,,,,,,,,,,,,,,,,,,,,
오스템임플란트,치과용임플란트,,048260,대한민국,신규상장,주권,2007-02-07,,한국증권,,500,"15,000","39,240,000","13,076,653",,,0.0,,, , ,,0% ,,,,,,,,,,,,,,,,,,,,,,,,
맵스베트남1,,,094520,대한민국,신규상장,투자회사,2007-02-01,,,신탁업 및 집합투자업,0,"5,000","121,304,105","24,360,821",,,0.0,,, , ,,0% ,,,,,,,,,,,,,,,,,,,,,,,,
나노캠텍,투명전도성관련제품,,091970,대한민국,신규상장,주권,2007-01-30,,한국증권,,500,"7,000","7,000,000","4,676,000",,,0.0,,, , ,,0% ,,,,,,,,,,,,,,,,,,,,,,,,
네오팜,생체기능성(아토피)보습제,,092730,대한민국,신규상장,주권,2007-01-30,,삼성증권(주),,500,"8,000","8,800,000","4,800,000",,,0.0,,, , ,,0% ,,,,,,,,,,,,,,,,,,,,,,,,
비에이치,연성인쇄회로기판(FPCB),,090460,대한민국,신규상장,주권,2007-01-26,,미래에셋증권 주식회사,,500,"4,600","5,175,000","5,625,000",,,0.0,,, , ,,0% ,,,,,,,,,,,,,,,,,,,,,,,,
코리아05호,,,093400,대한민국,신규상장,선박투자회사,2007-01-22,,,,"5,000","5,000","9,308,000","1,871,600",,,0.0,,, , ,,0% ,,,,,,,,,,,,,,,,,,,,,,,,
코리아06호,,,093410,대한민국,신규상장,선박투자회사,2007-01-22,,,,"5,000","5,000","16,607,240","3,331,448",,,0.0,,, , ,,0% ,,,,,,,,,,,,,,,,,,,,,,,,
동북아31호,,,093730,대한민국,신규상장,선박투자회사,2007-01-22,,,,"5,000","5,150","15,277,372","2,976,480",,,0.0,,, , ,,0% ,,,,,,,,,,,,,,,,,,,,,,,,
오스코텍,"뼈이식재,건강식품소재",,039200,대한민국,신규상장,주권,2007-01-17,,미래에셋증권 주식회사,,500,"9,000","10,800,000","5,654,770",,,0.0,,, , ,,0% ,,,,,,,,,,,,,,,,,,,,,,,,
켐트로닉스,"PBAFunctionBoard,LCDPhotoResist용용액",,089010,대한민국,신규상장,주권,2007-01-17,,교보증권(주),,500,"9,500","9,215,000","3,227,820",,,0.0,,, , ,,0% ,,,,,,,,,,,,,,,,,,,,,,,,
젯텍,반도체세정및도금장비,,090470,대한민국,신규상장,주권,2007-01-10,,미래에셋증권(주),,500,"7,000","5,180,000","3,500,000",,,0.0,,, , ,,0% ,,,,,,,,,,,,,,,,,,,,,,,,
동아엘텍,LCD검사장비,,088130,대한민국,신규상장,주권,2007-01-03,,교보증권(주),,500,"6,000","6,000,000","4,400,000",,,0.0,,, , ,,0% ,,,,,,,,,,,,,,,,,,,,,,,,
한국유전15-1,,,093820,대한민국,신규상장,투자회사,2007-01-02,,,신탁업 및 집합투자업,0,"5,000","204,000,000","40,820,000",,,0.0,,, , ,,0% ,,,,,,,,,,,,,,,,,,,,,,,,
신양엔지니어링,휴대폰케이스,,086830,대한민국,신규상장,주권,2006-12-27,,iM증권,,500,"9,100","10,920,000","3,900,000",,,0.0,,, , ,,0% ,,,,,,,,,,,,,,,,,,,,,,,,
아비스타,,,090370,대한민국,신규상장,주권,2006-12-26,,미래에셋증권 주식회사,봉제의복 제조업,500,"11,100","33,300,000","10,000,000",,,0.0,,, , ,,0% ,,,,,,,,,,,,,,,,,,,,,,,,
디앤티,"산업용특수모니터(서버용,의료용등),반도체유통",,089240,대한민국,신규상장,주권,2006-12-22,,유안타증권(주),,500,"6,200","4,960,000","3,977,750",,,0.0,,, , ,,0% ,,,,,,,,,,,,,,,,,,,,,,,,
후성,,,093370,대한민국,재상장,주권,2006-12-22,,,기초 화학물질 제조업,500,0,0,"72,602,713",,,0.0,,, , ,, ,,,,,,,,,,,,,,,,,,,,,,,,
휴온스,"비만치료제,국소마취제등",,084110,대한민국,신규상장,주권,2006-12-19,,한국증권,,500,"9,300","11,160,000","6,000,000",,,0.0,,, , ,,0% ,,,,,,,,,,,,,,,,,,,,,,,,
펜타마이크로,영상/음성압축복원칩,,088020,대한민국,신규상장,주권,2006-12-19,,한화투자증권(주),,500,"10,200","10,209,272","4,003,636",,,0.0,,, , ,,0% ,,,,,,,,,,,,,,,,,,,,,,,,
한국컴퓨터,"금융단말시스템,복표발매기,마권발매기",,089150,대한민국,신규상장,주권,2006-12-13,,교보증권(주),,"5,000","23,500","12,102,500","1,715,000",,,0.0,,, , ,,0% ,,,,,,,,,,,,,,,,,,,,,,,,
파트론,이동통신안테나및유전체필터류등,,091700,대한민국,신규상장,주권,2006-12-13,,한국증권,,500,"8,300","9,296,000","5,550,000",,,0.0,,, , ,,0% ,,,,,,,,,,,,,,,,,,,,,,,,
유니테스트,"반도체메모리주검사장비생산(메모리컴포넌트테스터,메모리모듈테스트)",,086390,대한민국,신규상장,주권,2006-12-05,,유안타증권(주),,500,"22,000","16,822,520","3,820,000",,,0.0,,, , ,,0% ,,,,,,,,,,,,,,,,,,,,,,,,
다사테크,제조업용로봇및서비스로봇,,090710,대한민국,신규상장,주권,2006-12-05,,한국증권,,500,"12,000","5,856,000","2,060,000",,,0.0,,, , ,,0% ,,,,,,,,,,,,,,,,,,,,,,,,
엘지패션,,,093050,대한민국,재상장,주권,2006-12-01,,,봉제의복 제조업,"5,000",0,0,"29,240,000",,,0.0,,, , ,, ,,,,,,,,,,,,,,,,,,,,,,,,
에스에이티,"이동통신중계기용부품(제어기,광모듈,RF필터)",,060540,대한민국,신규상장,주권,2006-11-28,,키움증권(주),,500,"5,200","4,524,000","3,000,000",,,0.0,,, , ,,0% ,,,,,,,,,,,,,,,,,,,,,,,,
큐에스아이,레이저다이오드(LaserDiode),,066310,대한민국,신규상장,주권,2006-11-24,,한국증권,,500,"6,800","9,316,000","6,838,230",,,0.0,,, , ,,0% ,,,,,,,,,,,,,,,,,,,,,,,,
크레듀,e-Learning서비스,,067280,대한민국,신규상장,주권,2006-11-16,,한국증권,,500,"24,000","31,200,000","5,628,400",,,0.0,,, , ,,0% ,,,,,,,,,,,,,,,,,,,,,,,,
주연테크,,,044380,대한민국,신규상장,주권,2006-11-15,,하나IB증권주식회사,컴퓨터 및 주변장치 제조업,500,"6,400","27,520,000","14,300,000",,,0.0,,, , ,,0% ,,,,,,,,,,,,,,,,,,,,,,,,
코스맥스,,,044820,대한민국,이전상장,주권,2006-11-13,,미래에셋증권 주식회사,기타 화학제품 제조업,500,0,0,"10,872,274",,,0.0,,, , ,, ,,,,,,,,,,,,,,,,,,,,,,,,
화신테크,자동차용프레스금형,,086250,대한민국,신규상장,주권,2006-11-10,,미래에셋증권 주식회사,,500,"2,700","6,750,000","9,700,000",,,0.0,,, , ,,0% ,,,,,,,,,,,,,,,,,,,,,,,,
고려반도체시스템,반도체SolderBall부착장비등,,089890,대한민국,신규상장,주권,2006-11-08,,한화투자증권(주),,500,"5,500","6,050,000","5,366,688",,,0.0,,, , ,,0% ,,,,,,,,,,,,,,,,,,,,,,,,
인천도시가스,,,034590,대한민국,신규상장,주권,2006-11-07,,"미래에셋증권 주식회사,한양증권(주)",연료용 가스 제조 및 배관공급업,"5,000","19,000","22,800,000","4,000,000",,,0.0,,, , ,,0% ,,,,,,,,,,,,,,,,,,,,,,,,
거북선1호선박투자,,,092970,대한민국,신규상장,선박투자회사,2006-11-07,,,,"5,000","5,130","12,065,760","2,362,000",,,0.0,,, , ,,0% ,,,,,,,,,,,,,,,,,,,,,,,,
성창에어텍,"차량용에어컨필터,차량용공기청정기등",,080470,대한민국,신규상장,주권,2006-11-03,,유안타증권(주),,500,"3,400","5,440,000","5,300,000",,,0.0,,, , ,,0% ,,,,,,,,,,,,,,,,,,,,,,,,
바다로3호,,,092630,대한민국,신규상장,선박투자회사,2006-11-02,,,,"5,000","5,000","7,983,690","1,773,739",,,0.0,,, , ,,0% ,,,,,,,,,,,,,,,,,,,,,,,,
넥스턴,CNC자동선반,,089140,대한민국,신규상장,주권,2006-11-01,,유안타증권(주),,500,"4,100","7,380,000","5,800,000",,,0.0,,, , ,,0% ,,,,,,,,,,,,,,,,,,,,,,,,
제이티,반도체장비(Burn-in Sorter 등),,089790,대한민국,신규상장,주권,2006-10-27,,한화투자증권(주),,500,"2,700","3,078,000","5,671,410",,,0.0,,, , ,,0% ,,,,,,,,,,,,,,,,,,,,,,,,
이녹스,"FPCB소재,반도체소재,PDP소재",,088390,대한민국,신규상장,주권,2006-10-20,,한국증권,,500,"6,500","7,020,000","5,400,000",,,0.0,,, , ,,0% ,,,,,,,,,,,,,,,,,,,,,,,,
광진윈텍,시트히터,,090150,대한민국,신규상장,주권,2006-10-20,,신영증권(주),,500,"2,600","6,474,000","8,000,000",,,0.0,,, , ,,0% ,,,,,,,,,,,,,,,,,,,,,,,,
삼정펄프,,,009770,대한민국,신규상장,주권,2006-10-17,,유진투자증권(주),"펄프, 종이 및 판지 제조업","5,000","29,000","11,258,989","1,280,000",,,0.0,,, , ,,0% ,,,,,,,,,,,,,,,,,,,,,,,,
케이이씨,,,092220,대한민국,재상장,주권,2006-10-16,,,반도체 제조업,500,0,0,"60,410,980",,,0.0,,, , ,, ,,,,,,,,,,,,,,,,,,,,,,,,
KPC홀딩스,,,092230,대한민국,재상장,주권,2006-10-12,,,회사 본부 및 경영 컨설팅 서비스업,"5,000",0,0,"3,551,310",,,0.0,,, , ,, ,,,,,,,,,,,,,,,,,,,,,,,,
용현비엠,선박엔진용단조부품,,089230,대한민국,신규상장,주권,2006-10-10,,유안타증권(주),,500,"9,000","11,700,000","4,300,000",,,0.0,,, , ,,0% ,,,,,,,,,,,,,,,,,,,,,,,,
바텍,"치과용디지털X-ray기기(파노라마,CT)",,043150,대한민국,신규상장,주권,2006-09-29,,교보증권(주),,500,"6,700","11,457,000","8,543,170",,,0.0,,, , ,,0% ,,,,,,,,,,,,,,,,,,,,,,,,
MDS테크놀로지,"임베디드개발솔루션,임베디드소프트웨어",,086960,대한민국,신규상장,주권,2006-09-26,,교보증권(주),,500,"13,000","15,990,000","5,944,444",,,0.0,,, , ,,0% ,,,,,,,,,,,,,,,,,,,,,,,,
현대EP,,,089470,대한민국,신규상장,주권,2006-09-25,,KB증권(주),기타 화학제품 제조업,"5,000","18,500","22,200,000","2,580,000",,,0.0,,, , ,,0% ,,,,,,,,,,,,,,,,,,,,,,,,
평산,"풍력발전단조품,일반단조품",,089480,대한민국,신규상장,주권,2006-08-22,,미래에셋증권(주),,500,"15,500","62,000,000","14,000,000",,,0.0,,, , ,,0% ,,,,,,,,,,,,,,,,,,,,,,,,
엘.씨텍,"중계기,군통신장비",,038060,대한민국,신규상장,주권,2006-08-08,,신영증권(주),,500,"1,500","2,400,000","7,999,990",,,0.0,,, , ,,0% ,,,,,,,,,,,,,,,,,,,,,,,,
지오텔,"무선인터넷단말소프트웨어(플랫폼,브라우저)",,074140,대한민국,신규상장,주권,2006-08-01,,한국증권,,500,"9,800","6,762,000","3,450,000",,,0.0,,, , ,,0% ,,,,,,,,,,,,,,,,,,,,,,,,
세원셀론텍,,,091090,대한민국,재상장,주권,2006-07-31,,,일반 목적용 기계 제조업,500,0,0,"34,070,766",,,0.0,,, , ,, ,,,,,,,,,,,,,,,,,,,,,,,,
트라이콤,"S/W도매,보안솔루션",,038410,대한민국,신규상장,주권,2006-07-25,,신한투자증권 주식회사,,500,"4,800","4,992,000","3,450,000",,,0.0,,, , ,,0% ,,,,,,,,,,,,,,,,,,,,,,,,
티엘아이,LCDTV및모니터용TimingController,,062860,대한민국,신규상장,주권,2006-07-25,,미래에셋증권(주),,500,"11,400","11,257,500","3,950,000",,,0.0,,, , ,,0% ,,,,,,,,,,,,,,,,,,,,,,,,
젠트로,"물탱크,상하수도용도류벽,축산탱크",,083660,대한민국,신규상장,주권,2006-07-25,,키움증권(주),,500,"2,200","3,300,000","4,580,000",,,0.0,,, , ,,0% ,,,,,,,,,,,,,,,,,,,,,,,,
엑스씨이,무선인터넷플랫폼및응용솔루션,,081500,대한민국,신규상장,주권,2006-07-21,,유안타증권(주),,500,"7,500","6,000,000","4,000,000",,,0.0,,, , ,,0% ,,,,,,,,,,,,,,,,,,,,,,,,
코리아01호,,,090970,대한민국,신규상장,선박투자회사,2006-07-21,,,,"5,000","5,150","11,232,562","2,191,080",,,0.0,,, , ,,0% ,,,,,,,,,,,,,,,,,,,,,,,,
코리아02호,,,090980,대한민국,신규상장,선박투자회사,2006-07-21,,,,"5,000","5,150","11,232,562","2,191,080",,,0.0,,, , ,,0% ,,,,,,,,,,,,,,,,,,,,,,,,
코리아03호,,,090990,대한민국,신규상장,선박투자회사,2006-07-21,,,,"5,000","5,150","11,232,562","2,191,080",,,0.0,,, , ,,0% ,,,,,,,,,,,,,,,,,,,,,,,,
코리아04호,,,091000,대한민국,신규상장,선박투자회사,2006-07-21,,,,"5,000","5,150","11,232,562","2,191,080",,,0.0,,, , ,,0% ,,,,,,,,,,,,,,,,,,,,,,,,
한국전자금융,"ATM관리사업,CD-VAN사업",,063570,대한민국,신규상장,주권,2006-07-14,,KB증권(주),,"5,000","20,500","16,400,000","2,600,000",,,0.0,,, , ,,0% ,,,,,,,,,,,,,,,,,,,,,,,,
팬엔터테인먼트,"방송영상물,음반",,068050,대한민국,신규상장,주권,2006-07-07,,엔에이치투자증권(주)(농협),,500,"7,000","9,002,000","4,286,000",,,0.0,,, , ,,0% ,,,,,,,,,,,,,,,,,,,,,,,,
미디어플렉스,영화투자및배급,,086980,대한민국,신규상장,주권,2006-07-07,,한국증권,,"5,000","24,000","45,183,360","6,260,000",,,0.0,,, , ,,0% ,,,,,,,,,,,,,,,,,,,,,,,,
인포뱅크,"모바일메시징서비스,휴대폰단말기용S/W개발용역",,039290,대한민국,신규상장,주권,2006-07-04,,유안타증권(주),,500,"4,600","7,424,400","8,000,000",,,0.0,,, , ,,0% ,,,,,,,,,,,,,,,,,,,,,,,,
사이버패스,전자결제서비스,,063280,대한민국,신규상장,주권,2006-07-04,,교보증권(주),,500,"5,200","6,240,000","7,922,000",,,0.0,,, , ,,0% ,,,,,,,,,,,,,,,,,,,,,,,,
맥스엔지니어링,의료용레이저기기,,085370,대한민국,신규상장,주권,2006-07-04,,한양증권(주),,500,"2,900","3,549,890","3,642,100",,,0.0,,, , ,,0% ,,,,,,,,,,,,,,,,,,,,,,,,
온미디어,,,045710,대한민국,신규상장,주권,2006-07-03,,삼성증권(주),회사 본부 및 경영 컨설팅 서비스업,500,"5,200","62,400,000","115,797,990",,,0.0,,, , ,,0% ,,,,,,,,,,,,,,,,,,,,,,,,
노루페인트,,,090350,대한민국,재상장,주권,2006-07-03,,,기타 화학제품 제조업,500,0,0,"20,463,126",,,0.0,,, , ,, ,,,,,,,,,,,,,,,,,,,,,,,,
에이치앤티,HDD용HSA(HeadStackAssembly),,088960,대한민국,신규상장,주권,2006-06-30,,교보증권(주),,500,"6,800","13,600,000","7,544,216",,,0.0,,, , ,,0% ,,,,,,,,,,,,,,,,,,,,,,,,
아모레퍼시픽,,,090430,대한민국,재상장,주권,2006-06-29,,,기타 화학제품 제조업,"5,000",0,0,"6,901,632",,,0.0,,, , ,, ,,,,,,,,,,,,,,,,,,,,,,,,
포인트아이,LBS/Telematics솔루션및서비스,,078860,대한민국,신규상장,주권,2006-06-27,,교보증권(주),,500,"7,300","3,905,500","2,675,000",,,0.0,,, , ,,0% ,,,,,,,,,,,,,,,,,,,,,,,,
오엘케이,LCD생산공정상검사장비,,084810,대한민국,신규상장,주권,2006-06-27,,한국증권,,500,"4,000","4,000,000","4,150,000",,,0.0,,, , ,,0% ,,,,,,,,,,,,,,,,,,,,,,,,
동우,"육계,삼계",,088910,대한민국,신규상장,주권,2006-06-23,,대신증권(주),,500,"3,000","20,580,000","22,860,000",,,0.0,,, , ,,0% ,,,,,,,,,,,,,,,,,,,,,,,,
코크렙8호,,,090540,대한민국,신규상장,부동산투자회사,2006-06-15,,,부동산 임대 및 공급업,"5,000","5,000","21,498,000","9,200,000",,,0.0,,, , ,,0% ,,,,,,,,,,,,,,,,,,,,,,,,
다음커머스,전자상거래,,090090,대한민국,재상장,주권,2006-06-12,,엔에이치투자증권(주),,500,-,-,"3,101,375",,,0.0,,, , ,, ,,,,,,,,,,,,,,,,,,,,,,,,
롯데관광개발,,,032350,대한민국,신규상장,주권,2006-06-08,,엔에이치투자증권(주),여행사 및 기타 여행보조 서비스업,500,"18,000","54,000,000","10,000,000",,,0.0,,, , ,,0% ,,,,,,,,,,,,,,,,,,,,,,,,
제이브이엠,전자동정제분류포장시스템,,054950,대한민국,신규상장,주권,2006-06-07,,교보증권(주),,500,"17,000","32,300,000","6,330,908",,,0.0,,, , ,,0% ,,,,,,,,,,,,,,,,,,,,,,,,
씨앤비텍,"ZOOMCAMERA,CCTVCAMERA,DVR",,086200,대한민국,신규상장,주권,2006-06-07,,한화투자증권(주),,500,"5,600","5,697,440","4,807,000",,,0.0,,, , ,,0% ,,,,,,,,,,,,,,,,,,,,,,,,
평화산업,,,090080,대한민국,재상장,주권,2006-06-02,,,자동차 신품 부품 제조업,500,0,0,"20,000,000",,,0.0,,, , ,, ,,,,,,,,,,,,,,,,,,,,,,,,
우진세렉스,,,049800,대한민국,이전상장,주권,2006-05-24,,하나증권주식회사,특수 목적용 기계 제조업,"1,000",0,0,"10,000,000",,,0.0,,, , ,, ,,,,,,,,,,,,,,,,,,,,,,,,
엔트로피,"LCD/반도체제조장비용부품(디퓨저,서셉터,상부전극,하부전극)",,085990,대한민국,신규상장,주권,2006-05-23,,키움증권(주),,500,"8,500","10,327,500","6,072,140",,,0.0,,, , ,,0% ,,,,,,,,,,,,,,,,,,,,,,,,
팅크웨어,네비게이션위치정보서비스,,084730,대한민국,신규상장,주권,2006-05-19,,한국증권,,500,"10,000","13,000,000","6,391,646",,,0.0,,, , ,,0% ,,,,,,,,,,,,,,,,,,,,,,,,
동북아27호,,,089170,대한민국,신규상장,선박투자회사,2006-05-19,,,,"5,000","5,000","10,629,790","2,135,958",,,0.0,,, , ,,0% ,,,,,,,,,,,,,,,,,,,,,,,,
동북아28호,,,089180,대한민국,신규상장,선박투자회사,2006-05-19,,,,"5,000","5,000","10,629,790","2,135,958",,,0.0,,, , ,,0% ,,,,,,,,,,,,,,,,,,,,,,,,
동북아29호,,,089190,대한민국,신규상장,선박투자회사,2006-05-19,,,,"5,000","5,000","10,629,790","2,135,958",,,0.0,,, , ,,0% ,,,,,,,,,,,,,,,,,,,,,,,,
동북아30호,,,089200,대한민국,신규상장,선박투자회사,2006-05-19,,,,"5,000","5,000","10,629,790","2,135,958",,,0.0,,, , ,,0% ,,,,,,,,,,,,,,,,,,,,,,,,
신세계I&C,,,035510,대한민국,이전상장,주권,2006-05-18,,엔에이치투자증권(주),"자료처리, 호스팅, 포털 및 기타 인터넷 정보매개 서비스업","5,000",0,0,"1,720,000",,,0.0,,, , ,, ,,,,,,,,,,,,,,,,,,,,,,,,
진바이오텍,"펩소이젠(식물성단백질),바이오스타치(가공전분),나투포멘(친환경생균제),락토케어(항생제대체형미생물제제)등",,086060,대한민국,신규상장,주권,2006-04-28,,한국증권,,500,"5,000","7,050,000","5,630,000",,,0.0,,, , ,,0% ,,,,,,,,,,,,,,,,,,,,,,,,
에스에이치텍,세탁기용드럼TUB(플라스틱사출물),,088810,대한민국,재상장,주권,2006-04-17,,유진투자증권(주),,"5,000",-,-,"700,000",,,0.0,,, , ,, ,,,,,,,,,,,,,,,,,,,,,,,,
애강,"PB파이프,PB연결구",,022220,대한민국,신규상장,주권,2006-04-11,,한화투자증권(주),,500,"2,800","5,040,000","17,883,770",,,0.0,,, , ,,0% ,,,,,,,,,,,,,,,,,,,,,,,,
진도에프앤,,,088790,대한민국,재상장,주권,2006-03-28,,미래에셋증권 주식회사,모피제품 제조업,"5,000",0,0,"6,289,010",,,0.0,,, , ,, ,,,,,,,,,,,,,,,,,,,,,,,,
에이스안테나,"단말기용안테나,기지국용안테나",,088800,대한민국,재상장,주권,2006-03-27,,삼성증권(주),,500,-,-,"2,500,000",,,0.0,,, , ,, ,,,,,,,,,,,,,,,,,,,,,,,,
미래에셋증권,,,037620,대한민국,신규상장,주권,2006-02-15,,삼성증권(주),금융 지원 서비스업,"5,000","48,000","197,520,000","26,675,000",,,0.0,,, , ,,0% ,,,,,,,,,,,,,,,,,,,,,,,,
롯데쇼핑,,,023530,대한민국,신규상장,주권,2006-02-09,,미래에셋증권 주식회사,종합 소매업,"5,000","400,000","685,714,400","28,571,429",,,0.0,,, , ,,0% ,,,,,,,,,,,,,,,,,,,,,,,,
엠비즈네트웍스글로벌,무선인터넷서비스및플랫폼,,068760,대한민국,신규상장,주권,2006-02-03,,한국증권,,500,"15,000","15,374,685","4,097,000",,,0.0,,, , ,,0% ,,,,,,,,,,,,,,,,,,,,,,,,
모건코리아,전동액츄에이터,,019990,대한민국,신규상장,주권,2006-02-01,,신영증권(주),,500,"1,600","2,880,000","7,804,870",,,0.0,,, , ,,0% ,,,,,,,,,,,,,,,,,,,,,,,,
제우스,LCD제조용장비,,079370,대한민국,신규상장,주권,2006-02-01,,교보증권(주),,500,"13,500","38,340,000","9,440,000",,,0.0,,, , ,,0% ,,,,,,,,,,,,,,,,,,,,,,,,
글로벌스탠다드테크놀로지,"GasScrubber,Chiller",,083450,대한민국,신규상장,주권,2006-02-01,,엔에이치투자증권(주),,500,"5,400","5,084,111","3,760,000",,,0.0,,, , ,,0% ,,,,,,,,,,,,,,,,,,,,,,,,
지앤알경매2,,,088510,대한민국,신규상장,투자회사,2006-02-01,,,신탁업 및 집합투자업,0,"5,000","5,483,145","1,116,629",,,0.0,,, , ,,0% ,,,,,,,,,,,,,,,,,,,,,,,,
동북아21호선박투자,,,088010,대한민국,신규상장,선박투자회사,2006-01-27,,,,"5,000",0,0,"2,599,920",,,0.0,,, , ,, ,,,,,,,,,,,,,,,,,,,,,,,,
모빌탑,모바일솔루션및컨텐츠,,085680,대한민국,신규상장,주권,2006-01-25,,한국증권,,500,"12,400","6,703,440","2,703,000",,,0.0,,, , ,,0% ,,,,,,,,,,,,,,,,,,,,,,,,
오늘과내일,네트워크서비스,,046110,대한민국,신규상장,주권,2006-01-20,,신한투자증권 주식회사,,500,"4,100","6,693,537","6,607,000",,,0.0,,, , ,,0% ,,,,,,,,,,,,,,,,,,,,,,,,
유진테크,실리콘질화막증착용LP-CVD,,084370,대한민국,신규상장,주권,2006-01-17,,KB증권(주),,500,"7,800","7,644,000","4,804,890",,,0.0,,, , ,,0% ,,,,,,,,,,,,,,,,,,,,,,,,
뉴프렉스,연성인쇄회로기판,,085670,대한민국,신규상장,주권,2006-01-17,,한국증권,,500,"7,100","8,591,000","6,000,000",,,0.0,,, , ,,0% ,,,,,,,,,,,,,,,,,,,,,,,,
크리스탈지노믹스,신개념항생제(전임상),,083790,대한민국,신규상장,주권,2006-01-06,,미래에셋증권 주식회사,,500,"18,000","22,680,000","5,304,557",,,0.0,,, , ,,0% ,,,,,,,,,,,,,,,,,,,,,,,,
바이오니아,"합성유전자,시약및유전자분석장비",,064550,대한민국,신규상장,주권,2005-12-29,,미래에셋증권 주식회사,,500,"11,000","22,000,000","11,350,000",,,0.0,,, , ,,0% ,,,,,,,,,,,,,,,,,,,,,,,,
바이로메드,"기술이전수입,연구용시료",,084990,대한민국,신규상장,주권,2005-12-29,,KB증권(주),,500,"15,000","28,350,000","9,358,550",,,0.0,,, , ,,0% ,,,,,,,,,,,,,,,,,,,,,,,,
모젬,휴대폰용윈도우렌즈,,079560,대한민국,신규상장,주권,2005-12-27,,하나증권주식회사,,500,"17,000","17,350,200","5,100,000",,,0.0,,, , ,,0% ,,,,,,,,,,,,,,,,,,,,,,,,
윈포넷,DVR(DigitalVideoRecoder),,083640,대한민국,신규상장,주권,2005-12-27,,미래에셋증권(주),,500,"8,600","8,539,542","3,400,000",,,0.0,,, , ,,0% ,,,,,,,,,,,,,,,,,,,,,,,,
디오스텍,광학렌즈/기기,,085660,대한민국,신규상장,주권,2005-12-27,,미래에셋증권(주),,500,"6,200","6,323,616","3,619,944",,,0.0,,, , ,,0% ,,,,,,,,,,,,,,,,,,,,,,,,
글로비스,,,086280,대한민국,신규상장,주권,2005-12-26,,미래에셋증권 주식회사,기타 운송관련 서비스업,500,"21,300","159,750,000","37,500,000",,,0.0,,, , ,,0% ,,,,,,,,,,,,,,,,,,,,,,,,
와이엔텍,"사업장폐기물중간및최종처리,전문건설,골재제조",,067900,대한민국,신규상장,주권,2005-12-23,,교보증권(주),,500,"2,700","10,098,000","12,440,000",,,0.0,,, , ,,0% ,,,,,,,,,,,,,,,,,,,,,,,,
대봉엘에스,"원료의약품,화장품원료",,078140,대한민국,신규상장,주권,2005-12-23,,한국증권,,500,"4,200","5,460,000","4,300,000",,,0.0,,, , ,,0% ,,,,,,,,,,,,,,,,,,,,,,,,
우진에이씨티,클린룸용Wiper,,083550,대한민국,신규상장,주권,2005-12-20,,교보증권(주),,500,"8,300","16,600,000","7,400,000",,,0.0,,, , ,,0% ,,,,,,,,,,,,,,,,,,,,,,,,
더베이직하우스,,,084870,대한민국,신규상장,주권,2005-12-19,,미래에셋증권 주식회사,봉제의복 제조업,500,"11,000","44,000,000","11,400,000",,,0.0,,, , ,,0% ,,,,,,,,,,,,,,,,,,,,,,,,
수성,전동지게차,,084180,대한민국,신규상장,주권,2005-12-16,,부국증권(주),,500,"3,000","7,421,640","8,200,000",,,0.0,,, , ,,0% ,,,,,,,,,,,,,,,,,,,,,,,,
엠.피.씨,"CRM서비스,CRM솔루션",,050540,대한민국,신규상장,주권,2005-12-12,,교보증권(주),,500,"4,300","7,740,000","7,000,000",,,0.0,,, , ,,0% ,,,,,,,,,,,,,,,,,,,,,,,,
하나금융지주,,,086790,대한민국,재상장,주권,2005-12-12,,미래에셋증권 주식회사,기타 금융업,"5,000",0,0,"204,256,243",,,0.0,,, , ,, ,,,,,,,,,,,,,,,,,,,,,,,,
제일연마　　,,,001560,대한민국,신규상장,주권,2005-12-09,,대신증권(주),기타 비금속 광물제품 제조업,"1,000","5,300","7,950,000","5,000,000",,,0.0,,, , ,,0% ,,,,,,,,,,,,,,,,,,,,,,,,
이노칩테크놀로지,"ESD필터,칩바리스터",,080420,대한민국,신규상장,주권,2005-12-06,,미래에셋증권 주식회사,,500,"14,500","19,807,000","6,829,008",,,0.0,,, , ,,0% ,,,,,,,,,,,,,,,,,,,,,,,,
범우이엔지,"보일러,열교환기등",,083650,대한민국,신규상장,주권,2005-12-02,,한국증권,,500,"15,200","20,064,000","4,360,000",,,0.0,,, , ,,0% ,,,,,,,,,,,,,,,,,,,,,,,,
아이디에스,"휴대폰용FCOF,LCD모듈임가공",,078780,대한민국,신규상장,주권,2005-11-29,,교보증권(주),,500,"13,500","27,000,000","9,219,565",,,0.0,,, , ,,0% ,,,,,,,,,,,,,,,,,,,,,,,,
이엠따블유안테나,휴대폰안테나,,079190,대한민국,신규상장,주권,2005-11-29,,한화투자증권(주),,500,"11,000","12,922,800","5,874,000",,,0.0,,, , ,,0% ,,,,,,,,,,,,,,,,,,,,,,,,
화우테크놀러지,"CNC전용장비,LightPanel",,045890,대한민국,신규상장,주권,2005-11-28,,엔에이치투자증권(주),,500,"3,700","2,220,466","5,195,000",,,0.0,,, , ,,0% ,,,,,,,,,,,,,,,,,,,,,,,,
리바트,,,079430,대한민국,신규상장,주권,2005-11-22,,엔에이치투자증권(주),가구 제조업,"1,000","11,500","14,950,000","8,800,000",,,0.0,,, , ,,0% ,,,,,,,,,,,,,,,,,,,,,,,,
자연과환경,"다공성식생블록,조경원예자재",,043910,대한민국,신규상장,주권,2005-11-18,,하나IB증권주식회사,,500,"3,700","3,700,000","5,000,000",,,0.0,,, , ,,0% ,,,,,,,,,,,,,,,,,,,,,,,,
루미마이크로,백색발광다이오드(LED),,082800,대한민국,신규상장,주권,2005-11-18,,교보증권(주),,500,"6,600","12,804,000","6,440,000",,,0.0,,, , ,,0% ,,,,,,,,,,,,,,,,,,,,,,,,
와토스코리아,위생도기용부속(양변기용),,079000,대한민국,신규상장,주권,2005-11-15,,SK증권(주),,500,"7,000","9,800,000","3,500,000",,,0.0,,, , ,,0% ,,,,,,,,,,,,,,,,,,,,,,,,
아이피에스,"반도체증착장비(ALD,CVD장비)및식각장비(DryEtcher)등",,051820,대한민국,신규상장,주권,2005-11-11,,유안타증권(주),,500,"9,000","26,368,623","14,640,000",,,0.0,,, , ,,0% ,,,,,,,,,,,,,,,,,,,,,,,,
코크렙7호,,,086720,대한민국,신규상장,부동산투자회사,2005-11-11,,,부동산 임대 및 공급업,"5,000","5,000","22,000,000","12,000,000",,,0.0,,, , ,,0% ,,,,,,,,,,,,,,,,,,,,,,,,
대한제강,,,084010,대한민국,신규상장,주권,2005-10-31,,삼성증권(주),1차 철강 제조업,"5,000","17,300","24,220,000","4,549,745",,,0.0,,, , ,,0% ,,,,,,,,,,,,,,,,,,,,,,,,
인프라웨어,임베디드브라우저(WAP브라우저),,041020,대한민국,신규상장,주권,2005-10-28,,미래에셋증권 주식회사,,500,"7,300","15,928,600","7,272,000",,,0.0,,, , ,,0% ,,,,,,,,,,,,,,,,,,,,,,,,
성일텔레콤,"휴대폰LCD모듈,WLL단말",,068630,대한민국,신규상장,주권,2005-10-27,,교보증권(주),,500,"3,600","6,704,399","8,057,993",,,0.0,,, , ,,0% ,,,,,,,,,,,,,,,,,,,,,,,,
두올산업,자동차내장카페트,,078590,대한민국,신규상장,주권,2005-10-27,,메릴린치인터내셔날엘엘씨증권 서울지점,,500,"1,600","2,080,000","4,300,000",,,0.0,,, , ,,0% ,,,,,,,,,,,,,,,,,,,,,,,,
서린바이오사이언스,생명과학연구기기및시약,,038070,대한민국,신규상장,주권,2005-10-25,,대신증권(주),,500,"10,000","11,212,000","3,700,000",,,0.0,,, , ,,0% ,,,,,,,,,,,,,,,,,,,,,,,,
새론오토모티브,,,075180,대한민국,신규상장,주권,2005-10-21,,한국투자증권(주),자동차 신품 부품 제조업,500,"3,900","22,464,000","19,200,000",,,0.0,,, , ,,0% ,,,,,,,,,,,,,,,,,,,,,,,,
그린소프트켐,,,083420,대한민국,재상장,주권,2005-10-20,,신한투자증권 주식회사,기타 화학제품 제조업,"5,000","11,600","6,960,000","2,000,000",,,0.0,,, , ,,0% ,,,,,,,,,,,,,,,,,,,,,,,,
가비아,"도메인,호스팅",,079940,대한민국,신규상장,주권,2005-10-19,,교보증권(주),,500,"5,600","3,623,200","2,915,000",,,0.0,,, , ,,0% ,,,,,,,,,,,,,,,,,,,,,,,,
에스에스씨피,IT소재특수코팅제(솔루션),,071660,대한민국,신규상장,주권,2005-10-18,,미래에셋증권(주),,500,"7,700","26,885,320","15,400,000",,,0.0,,, , ,,0% ,,,,,,,,,,,,,,,,,,,,,,,,
덕산하이메탈,솔더볼(Solderball),,077360,대한민국,신규상장,주권,2005-10-14,,삼성증권(주),,500,"9,000","15,480,000","5,720,000",,,0.0,,, , ,,0% ,,,,,,,,,,,,,,,,,,,,,,,,
하나마이크론,"반도체패키징,USB플래쉬드라이브",,067310,대한민국,신규상장,주권,2005-10-11,,미래에셋증권 주식회사,,500,"7,600","16,150,000","10,625,000",,,0.0,,, , ,,0% ,,,,,,,,,,,,,,,,,,,,,,,,
아바코,평판디스플레이제조용장비,,083930,대한민국,신규상장,주권,2005-10-11,,KB증권(주),,500,"5,700","14,308,140","8,200,000",,,0.0,,, , ,,0% ,,,,,,,,,,,,,,,,,,,,,,,,
실리샌드,DSPSolution,,067850,대한민국,신규상장,주권,2005-10-05,,한화투자증권(주),,500,"4,500","5,040,000","3,971,935",,,0.0,,, , ,,0% ,,,,,,,,,,,,,,,,,,,,,,,,
참테크,휴대폰케이스,,082660,대한민국,신규상장,주권,2005-10-05,,교보증권(주),,500,"9,700","14,162,000","4,860,000",,,0.0,,, , ,,0% ,,,,,,,,,,,,,,,,,,,,,,,,
엘오티베큠,반도체제조용진공펌프,,083310,대한민국,신규상장,주권,2005-10-05,,한국증권,,500,"7,700","9,940,238","5,100,000",,,0.0,,, , ,,0% ,,,,,,,,,,,,,,,,,,,,,,,,
이상네트웍스,기업간전자상거래서비스,,080010,대한민국,신규상장,주권,2005-09-30,,KB증권(주),,500,"9,500","9,500,000","3,600,000",,,0.0,,, , ,,0% ,,,,,,,,,,,,,,,,,,,,,,,,
지앤알경매1,,,085450,대한민국,신규상장,투자회사,2005-09-06,,,,0,"5,000","15,024,840","3,024,968",,,0.0,,, , ,,0% ,,,,,,,,,,,,,,,,,,,,,,,,
동북아10호선박투자,,,083350,대한민국,신규상장,선박투자회사,2005-08-29,,,,"5,000","5,170","7,370,662","1,585,660",,,0.0,,, , ,,0% ,,,,,,,,,,,,,,,,,,,,,,,,
동북아11호선박투자,,,083360,대한민국,신규상장,선박투자회사,2005-08-29,,,,"5,000","5,170","7,370,662","1,585,660",,,0.0,,, , ,,0% ,,,,,,,,,,,,,,,,,,,,,,,,
동북아12호선박투자,,,083370,대한민국,신규상장,선박투자회사,2005-08-29,,,,"5,000","5,170","7,370,662","1,585,660",,,0.0,,, , ,,0% ,,,,,,,,,,,,,,,,,,,,,,,,
동북아13호선박투자,,,083380,대한민국,신규상장,선박투자회사,2005-08-29,,,,"5,000","5,170","7,370,662","1,585,660",,,0.0,,, , ,,0% ,,,,,,,,,,,,,,,,,,,,,,,,
동북아14호선박투자,,,083390,대한민국,신규상장,선박투자회사,2005-08-29,,,,"5,000","5,170","7,370,662","1,585,660",,,0.0,,, , ,,0% ,,,,,,,,,,,,,,,,,,,,,,,,
아시아10호,,,083570,대한민국,신규상장,선박투자회사,2005-08-23,,,,"5,000","5,160","12,063,590","2,607,905",,,0.0,,, , ,,0% ,,,,,,,,,,,,,,,,,,,,,,,,
아시아퍼시픽11호,,,083580,대한민국,신규상장,선박투자회사,2005-08-23,,,,"5,000","5,160","12,063,590","2,607,905",,,0.0,,, , ,,0% ,,,,,,,,,,,,,,,,,,,,,,,,
아시아퍼시픽12호,,,083590,대한민국,신규상장,선박투자회사,2005-08-23,,,,"5,000","5,160","12,063,590","2,607,905",,,0.0,,, , ,,0% ,,,,,,,,,,,,,,,,,,,,,,,,
아시아퍼시픽13호,,,083600,대한민국,신규상장,선박투자회사,2005-08-23,,,,"5,000","5,160","12,063,590","2,607,905",,,0.0,,, , ,,0% ,,,,,,,,,,,,,,,,,,,,,,,,
대상홀딩스,,,084690,대한민국,재상장,주권,2005-08-17,,,회사 본부 및 경영 컨설팅 서비스업,"1,000",0,0,"18,463,099",,,0.0,,, , ,, ,,,,,,,,,,,,,,,,,,,,,,,,
동북아15호,,,084240,대한민국,신규상장,선박투자회사,2005-08-12,,,,"5,000","5,000","9,495,285","1,909,057",,,0.0,,, , ,,0% ,,,,,,,,,,,,,,,,,,,,,,,,
위트콤,모바일솔루션,,050640,대한민국,신규상장,주권,2005-08-05,,KB증권(주),,500,"6,000","10,995,000","6,100,000",,,0.0,,, , ,,0% ,,,,,,,,,,,,,,,,,,,,,,,,
아리온테크놀로지,디지털셋톱박스,,058220,대한민국,신규상장,주권,2005-08-05,,유안타증권(주),,500,"4,900","5,772,200","5,800,000",,,0.0,,, , ,,0% ,,,,,,,,,,,,,,,,,,,,,,,,
아시아퍼시픽15호,,,083620,대한민국,신규상장,선박투자회사,2005-08-05,,,,"5,000","5,140","9,954,037","1,946,583",,,0.0,,, , ,,0% ,,,,,,,,,,,,,,,,,,,,,,,,
한국오에이,,,071950,대한민국,신규상장,주권,2005-08-04,,현대차증권주식회사,기계장비 및 관련 물품 도매업,"1,000","5,400","9,585,000","5,800,000",,,0.0,,, , ,,0% ,,,,,,,,,,,,,,,,,,,,,,,,
씨디네트웍스,컨텐츠전송서비스,,073710,대한민국,신규상장,주권,2005-07-29,,KB증권(주),,500,"8,900","18,957,000","8,530,000",,,0.0,,, , ,,0% ,,,,,,,,,,,,,,,,,,,,,,,,
메디포스트,제대혈은행,,078160,대한민국,신규상장,주권,2005-07-29,,미래에셋증권 주식회사,,500,"18,000","16,470,000","4,575,000",,,0.0,,, , ,,0% ,,,,,,,,,,,,,,,,,,,,,,,,
우리이티아이,"LCD광원부품(CCFL,EEFL)",,082850,대한민국,신규상장,주권,2005-07-29,,미래에셋증권(주),,500,"8,000","32,000,000","18,000,000",,,0.0,,, , ,,0% ,,,,,,,,,,,,,,,,,,,,,,,,
디아이디,TFT-LCD용BLU,,074130,대한민국,신규상장,주권,2005-07-27,,SK증권(주),,"5,000","23,000","13,006,500","1,883,000",,,0.0,,, , ,,0% ,,,,,,,,,,,,,,,,,,,,,,,,
골든경매일호,,,084160,대한민국,신규상장,투자회사,2005-07-27,,,신탁업 및 집합투자업,0,0,0,"3,337,565",,,0.0,,, , ,, ,,,,,,,,,,,,,,,,,,,,,,,,
테이크시스템즈,TFT-LCDModule검사장비,,076090,대한민국,신규상장,주권,2005-07-26,,미래에셋증권(주),,500,"9,200","8,960,800","4,000,000",,,0.0,,, , ,,0% ,,,,,,,,,,,,,,,,,,,,,,,,
모두투어네트워크,"항공권판매수수료,해외여행알선",,080160,대한민국,신규상장,주권,2005-07-26,,신영증권(주),,500,"7,500","6,000,000","4,200,000",,,0.0,,, , ,,0% ,,,,,,,,,,,,,,,,,,,,,,,,
케이엘테크,TFT-LCDReworkColorFilter,,082390,대한민국,신규상장,주권,2005-07-26,,미래에셋증권(주),,500,"11,000","11,013,200","5,006,000",,,0.0,,, , ,,0% ,,,,,,,,,,,,,,,,,,,,,,,,
우방타워랜드,,,084680,대한민국,재상장,주권,2005-07-26,,,유원지 및 기타 오락관련 서비스업,"5,000",0,0,"6,575,217",,,0.0,,, , ,, ,,,,,,,,,,,,,,,,,,,,,,,,
동양고속,,,084670,대한민국,재상장,주권,2005-07-25,,엔에이치투자증권(주),육상 여객 운송업,"5,000",0,0,"1,016,727",,,0.0,,, , ,, ,,,,,,,,,,,,,,,,,,,,,,,,
한미반도체,,,042700,대한민국,신규상장,주권,2005-07-22,,신한투자증권 주식회사,특수 목적용 기계 제조업,500,"8,900","39,578,834","14,823,530",,,0.0,,, , ,,0% ,,,,,,,,,,,,,,,,,,,,,,,,
오알켐,"PCB제조용화학약품,PCB동도금",,068270,대한민국,신규상장,주권,2005-07-19,,한화투자증권(주),,500,"5,200","6,240,000","4,000,000",,,0.0,,, , ,,0% ,,,,,,,,,,,,,,,,,,,,,,,,
나모텍,휴대폰용BLU,,079340,대한민국,신규상장,주권,2005-07-19,,미래에셋증권 주식회사,,500,"11,000","7,788,000","3,540,000",,,0.0,,, , ,,0% ,,,,,,,,,,,,,,,,,,,,,,,,
산양전기,FPCB및SMT,,079870,대한민국,신규상장,주권,2005-07-15,,삼성증권(주),,500,"7,600","21,029,200","11,066,886",,,0.0,,, , ,,0% ,,,,,,,,,,,,,,,,,,,,,,,,
아시아퍼시픽14호,,,083610,대한민국,신규상장,선박투자회사,2005-07-15,,,,"5,000",0,0,"1,946,194",,,0.0,,, , ,, ,,,,,,,,,,,,,,,,,,,,,,,,
가온미디어,디지털셋톱박스,,078890,대한민국,신규상장,주권,2005-07-12,,미래에셋증권(주),,500,"9,000","14,205,150","7,328,370",,,0.0,,, , ,,0% ,,,,,,,,,,,,,,,,,,,,,,,,
쏠리테크,"이동통신중계기,위성DMB용중계기",,050890,대한민국,신규상장,주권,2005-07-08,,한국증권,,500,"8,000","12,608,000","7,879,000",,,0.0,,, , ,,0% ,,,,,,,,,,,,,,,,,,,,,,,,
온타임텍,무선멀티미디어솔루션,,074150,대한민국,신규상장,주권,2005-07-08,,한국증권,,500,"12,000","7,540,320","3,120,000",,,0.0,,, , ,,0% ,,,,,,,,,,,,,,,,,,,,,,,,
동일산업,,,004890,대한민국,신규상장,주권,2005-06-30,,대신증권(주),1차 철강 제조업,"5,000","24,000","17,520,000","2,425,215",,,0.0,,, , ,,0% ,,,,,,,,,,,,,,,,,,,,,,,,
해빛정보,"IRFilter,Grating",,082210,대한민국,신규상장,주권,2005-06-24,,교보증권(주),,500,"9,300","22,692,000","9,755,543",,,0.0,,, , ,,0% ,,,,,,,,,,,,,,,,,,,,,,,,
카엘,"ChemicalAirFilter,GasScrubber",,082270,대한민국,신규상장,주권,2005-06-24,,엔에이치투자증권(주),,500,"5,800","8,120,000","6,822,000",,,0.0,,, , ,,0% ,,,,,,,,,,,,,,,,,,,,,,,,
플랜티넷,유해사이트차단서비스,,075130,대한민국,신규상장,주권,2005-06-10,,미래에셋증권 주식회사,,500,"28,000","23,843,344","4,177,948",,,0.0,,, , ,,0% ,,,,,,,,,,,,,,,,,,,,,,,,
디보스,LCDTV,,080140,대한민국,신규상장,주권,2005-05-27,,유안타증권(주),,500,"2,900","2,826,514","4,870,000",,,0.0,,, , ,,0% ,,,,,,,,,,,,,,,,,,,,,,,,
동북아9호,,,083120,대한민국,신규상장,선박투자회사,2005-05-27,,,,"5,000","5,000","9,397,700","1,889,540",,,0.0,,, , ,,0% ,,,,,,,,,,,,,,,,,,,,,,,,
진화글로텍,플라스틱사출성형기,,068770,대한민국,신규상장,주권,2005-05-20,,하나증권주식회사,,500,"1,200","3,600,000","10,000,000",,,0.0,,, , ,,0% ,,,,,,,,,,,,,,,,,,,,,,,,
엠에이티,GasScrubber,,080440,대한민국,신규상장,주권,2005-05-13,,유안타증권(주),,500,"2,500","3,812,500","7,400,000",,,0.0,,, , ,,0% ,,,,,,,,,,,,,,,,,,,,,,,,
삼호개발,,,010960,대한민국,이전상장,주권,2005-05-12,,DB증권주식회사,기반조성 및 시설물 축조관련 전문공사업,500,0,0,"14,300,000",,,0.0,,, , ,, ,,,,,,,,,,,,,,,,,,,,,,,,
도움,휴대폰외장부품,,078610,대한민국,신규상장,주권,2005-05-09,,미래에셋증권(주),,500,"5,300","5,830,000","5,200,000",,,0.0,,, , ,,0% ,,,,,,,,,,,,,,,,,,,,,,,,
현대경매부동산일호,,,083160,대한민국,신규상장,투자회사,2005-04-21,,,신탁업 및 집합투자업,0,"5,000","150,500,000","30,120,000",,,0.0,,, , ,,0% ,,,,,,,,,,,,,,,,,,,,,,,,
아시아9호,,,081940,대한민국,신규상장,선박투자회사,2005-03-16,,,,"5,000","5,000",0,"2,671,730",,,0.0,,, , ,, ,,,,,,,,,,,,,,,,,,,,,,,,
아시아5호,,,082240,대한민국,신규상장,선박투자회사,2005-03-16,,,,"5,000","5,150",0,"3,119,040",,,0.0,,, , ,, ,,,,,,,,,,,,,,,,,,,,,,,,
아시아6호,,,082250,대한민국,신규상장,선박투자회사,2005-03-16,,,,"5,000","5,150",0,"3,119,040",,,0.0,,, , ,, ,,,,,,,,,,,,,,,,,,,,,,,,
아시아7호,,,082260,대한민국,신규상장,선박투자회사,2005-03-16,,,,"5,000","5,150",0,"3,119,040",,,0.0,,, , ,, ,,,,,,,,,,,,,,,,,,,,,,,,
동북아8호,,,082110,대한민국,신규상장,선박투자회사,2005-02-22,,,,"5,000","5,150","12,211,680","2,381,200",,,0.0,,, , ,,0% ,,,,,,,,,,,,,,,,,,,,,,,,
금호타이어,,,073240,대한민국,신규상장,주권,2005-02-17,,대신증권(주),고무제품 제조업,"5,000","14,650","99,620,000","68,000,000",,,0.0,,, , ,,0% ,,,,,,,,,,,,,,,,,,,,,,,,
아시아8호,,,081930,대한민국,신규상장,선박투자회사,2005-02-15,,,,"5,000","5,130","12,423,013","2,431,640",,,0.0,,, , ,,0% ,,,,,,,,,,,,,,,,,,,,,,,,
이노와이어리스,이동통신최적화장비,,073490,대한민국,신규상장,주권,2005-02-04,,한국증권,,500,"13,400","13,400,201","3,800,000",,,0.0,,, , ,,0% ,,,,,,,,,,,,,,,,,,,,,,,,
에이블씨엔씨,화장품'미샤',,078520,대한민국,신규상장,주권,2005-02-04,,미래에셋증권(주),,500,"20,000","16,416,320","3,840,000",,,0.0,,, , ,,0% ,,,,,,,,,,,,,,,,,,,,,,,,
에이디피엔지니어링,"진공합착기,DryEtcher",,079950,대한민국,신규상장,주권,2005-02-04,,,,500,"10,500","13,882,848","6,400,000",,,0.0,,, , ,,0% ,,,,,,,,,,,,,,,,,,,,,,,,
한창산업,"아연말,리튬브로마이드,산화망간,인산아연",,079170,대한민국,신규상장,주권,2005-02-01,,엔에이치투자증권(주),,500,"2,400","3,840,000","5,200,000",,,0.0,,, , ,,0% ,,,,,,,,,,,,,,,,,,,,,,,,
동양계전공업,"휴대폰용,OA기기및통신장비용,디지털가전용전원공급장치",,079960,대한민국,신규상장,주권,2005-02-01,,교보증권(주),,500,"7,100","16,756,000","7,860,000",,,0.0,,, , ,,0% ,,,,,,,,,,,,,,,,,,,,,,,,
이엠엘에스아이,"SRAM,슈도SRAM",,080220,대한민국,신규상장,주권,2005-02-01,,미래에셋증권 주식회사,,500,"18,000","38,160,000","8,000,000",,,0.0,,, , ,,0% ,,,,,,,,,,,,,,,,,,,,,,,,
아시아4호,,,081210,대한민국,신규상장,선박투자회사,2005-01-28,,,,"5,000","5,150","6,751,135","1,320,900",,,0.0,,, , ,,0% ,,,,,,,,,,,,,,,,,,,,,,,,
디이엔티,FPD공정검사장비,,079810,대한민국,신규상장,주권,2005-01-26,,미래에셋증권 주식회사,,500,"4,000","6,776,000","8,300,000",,,0.0,,, , ,,0% ,,,,,,,,,,,,,,,,,,,,,,,,
에스엔유프리시젼,LCD인라인측정장비,,080000,대한민국,신규상장,주권,2005-01-25,,한국증권,,500,"27,000","18,900,000","3,773,070",,,0.0,,, , ,,0% ,,,,,,,,,,,,,,,,,,,,,,,,
인터넷엠비씨,"디지털콘텐츠,웹에이젼시",,052220,대한민국,신규상장,주권,2005-01-21,,미래에셋증권(주),,500,"3,400","10,200,000","23,000,000",,,0.0,,, , ,,0% ,,,,,,,,,,,,,,,,,,,,,,,,
서산,"레미콘,전주,고강도파일,흄관",,079650,대한민국,신규상장,주권,2005-01-21,,미래에셋증권(주),,"5,000","12,000","1,679,088","400,000",,,0.0,,, , ,,0% ,,,,,,,,,,,,,,,,,,,,,,,,
인프라밸리,이동통신부가서비스관련시스템및솔루션,,073130,대한민국,신규상장,주권,2005-01-19,,교보증권(주),,500,"8,400","12,822,600","5,000,000",,,0.0,,, , ,,0% ,,,,,,,,,,,,,,,,,,,,,,,,
아이씨코퍼레이션,하수종말처리장,,080570,대한민국,재상장,주권,2005-01-19,,한양증권(주),,"5,000",0,0,"2,713,817",,,0.0,,, , ,, ,,,,,,,,,,,,,,,,,,,,,,,,
비아이이엠티,TRAY(반도체Packing재료),,052900,대한민국,신규상장,주권,2005-01-18,,대신증권(주),,500,"3,000","4,560,000","6,274,000",,,0.0,,, , ,,0% ,,,,,,,,,,,,,,,,,,,,,,,,
손오공,"완구,게임,캐릭터수입수수료",,066910,대한민국,신규상장,주권,2005-01-07,,한양증권(주),,500,"9,300","13,466,400","10,000,000",,,0.0,,, , ,,0% ,,,,,,,,,,,,,,,,,,,,,,,,
미래컴퍼니,EdgeGrinder,,049950,대한민국,신규상장,주권,2005-01-04,,엔에이치투자증권(주),,500,"12,000","24,000,000","7,367,420",,,0.0,,, , ,,0% ,,,,,,,,,,,,,,,,,,,,,,,,
아시아3호,,,081200,대한민국,신규상장,선박투자회사,2005-01-04,,,,"5,000",-,-,"1,879,635",,,0.0,,, , ,, ,,,,,,,,,,,,,,,,,,,,,,,,
아이크래프트,"인터넷핵심망(CCR,MCR,NAS등)",,052460,대한민국,신규상장,주권,2005-01-03,,미래에셋증권(주),,500,"6,000","5,019,996","3,900,000",,,0.0,,, , ,,0% ,,,,,,,,,,,,,,,,,,,,,,,,
동북아3호,,,080960,대한민국,신규상장,선박투자회사,2004-12-29,,,,"5,000",-,-,"4,102,600",,,0.0,,, , ,, ,,,,,,,,,,,,,,,,,,,,,,,,
동북아4호,,,080970,대한민국,신규상장,선박투자회사,2004-12-29,,메리츠종합금융증권(주),,"5,000",-,-,"4,102,600",,,0.0,,, , ,, ,,,,,,,,,,,,,,,,,,,,,,,,
동북아5호,,,080980,대한민국,신규상장,선박투자회사,2004-12-29,,,,"5,000",-,-,"4,102,600",,,0.0,,, , ,, ,,,,,,,,,,,,,,,,,,,,,,,,
아시아2호,,,081190,대한민국,신규상장,선박투자회사,2004-12-27,,,,"5,000",-,-,"1,879,635",,,0.0,,, , ,, ,,,,,,,,,,,,,,,,,,,,,,,,
CJ CGV,,,079160,대한민국,신규상장,주권,2004-12-24,,"신한투자증권 주식회사,삼성증권(주)","영화, 비디오물, 방송프로그램 제작 및 배급업",500,"25,000","154,614,400","20,615,248",,,0.0,,, , ,,0% ,,,,,,,,,,,,,,,,,,,,,,,,
일진다이아,,,081000,대한민국,재상장,주권,2004-12-22,,메리츠종합금융증권(주),기타 화학제품 제조업,"5,000",0,0,"4,400,000",,,0.0,,, , ,, ,,,,,,,,,,,,,,,,,,,,,,,,
메가스터디,"온라인강의,교재판매",,072870,대한민국,신규상장,주권,2004-12-21,,신한투자증권 주식회사,,500,"18,500","25,046,040","6,060,000",,,0.0,,, , ,,0% ,,,,,,,,,,,,,,,,,,,,,,,,
케이에스피,"선박용엔진밸브,형단조품",,073010,대한민국,신규상장,주권,2004-12-17,,한국증권,,500,"1,500","2,850,000","9,200,000",,,0.0,,, , ,,0% ,,,,,,,,,,,,,,,,,,,,,,,,
모빌리언스,유무선전화결제서비스,,046440,대한민국,신규상장,주권,2004-12-14,,교보증권(주),,500,"4,700","5,640,000","5,856,000",,,0.0,,, , ,,0% ,,,,,,,,,,,,,,,,,,,,,,,,
텔레칩스,"디지털미디어프로세서,발신자정보표시칩",,054450,대한민국,신규상장,주권,2004-12-10,,미래에셋증권 주식회사,,500,"4,700","7,603,754","8,040,000",,,0.0,,, , ,,0% ,,,,,,,,,,,,,,,,,,,,,,,,
대주전자재료,PDP격벽재료등,,078600,대한민국,신규상장,주권,2004-12-10,,한국증권,,500,"3,000","4,935,000","8,222,140",,,0.0,,, , ,,0% ,,,,,,,,,,,,,,,,,,,,,,,,
넥스트인스트루먼트,TFT-LCD검사장비,,078150,대한민국,신규상장,주권,2004-12-08,,교보증권(주),,500,"2,800","5,670,000","10,125,000",,,0.0,,, , ,,0% ,,,,,,,,,,,,,,,,,,,,,,,,
유니드,,,014830,대한민국,신규상장,주권,2004-12-03,,삼성증권(주),기초 화학물질 제조업,"5,000","14,200","28,052,412","6,585,069",,,0.0,,, , ,,0% ,,,,,,,,,,,,,,,,,,,,,,,,
화인에이티씨,"자동공구교환기,가공전용기",,067990,대한민국,신규상장,주권,2004-12-03,,엔에이치투자증권(주),,500,"2,300","2,507,000","4,150,000",,,0.0,,, , ,,0% ,,,,,,,,,,,,,,,,,,,,,,,,
동북아6호,,,080410,대한민국,신규상장,선박투자회사,2004-11-30,,,,"5,000",-,-,"2,758,400",,,0.0,,, , ,, ,,,,,,,,,,,,,,,,,,,,,,,,
한서제약,고덱스등의약품,,044070,대한민국,신규상장,주권,2004-11-19,,현대차증권주식회사,,500,"1,400","2,520,000","5,862,650",,,0.0,,, , ,,0% ,,,,,,,,,,,,,,,,,,,,,,,,
토비스,Gaming모니터,,051360,대한민국,신규상장,주권,2004-11-19,,브릿지1,,500,"2,200","4,158,000","6,302,000",,,0.0,,, , ,,0% ,,,,,,,,,,,,,,,,,,,,,,,,
모코코,"EAI,휴대폰솔루션",,058900,대한민국,신규상장,주권,2004-10-29,,한국증권,,500,"2,500","3,325,000","4,430,000",,,0.0,,, , ,,0% ,,,,,,,,,,,,,,,,,,,,,,,,
디지탈디바이스,"PDPTV,LCDTV",,061140,대한민국,신규상장,주권,2004-10-29,,엔에이치투자증권(주),,500,"2,800","2,800,000","4,268,308",,,0.0,,, , ,,0% ,,,,,,,,,,,,,,,,,,,,,,,,
태양기전,휴대폰윈도우,,072520,대한민국,신규상장,주권,2004-10-29,,교보증권(주),,500,"14,000","19,236,000","5,000,000",,,0.0,,, , ,,0% ,,,,,,,,,,,,,,,,,,,,,,,,
케이이엔지,TFT-LCD 제조용 장비,,077960,대한민국,신규상장,주권,2004-10-29,,유안타증권(주),,500,"2,700","7,046,401","8,600,000",,,0.0,,, , ,,0% ,,,,,,,,,,,,,,,,,,,,,,,,
신지소프트,무선인터넷다운로드솔루션(GVM/GNEX),,078700,대한민국,신규상장,주권,2004-10-29,,미래에셋증권(주),,500,"9,000","6,300,000","3,400,000",,,0.0,,, , ,,0% ,,,,,,,,,,,,,,,,,,,,,,,,
상신브레이크,,,041650,대한민국,이전상장,주권,2004-10-27,,유진투자증권(주),자동차 신품 부품 제조업,500,0,0,"15,015,000",,,0.0,,, , ,, ,,,,,,,,,,,,,,,,,,,,,,,,
국일제지,"산업용 및 가정용 지류(강판간지, 다공지 등)",,078130,대한민국,신규상장,주권,2004-10-22,,KB증권(주),,"5,000","15,000","6,000,000","1,440,000",,,0.0,,, , ,,0% ,,,,,,,,,,,,,,,,,,,,,,,,
동북아2호,,,080030,대한민국,신규상장,선박투자회사,2004-10-22,,"신한투자증권주식회사,삼성증권(주)",,"5,000",-,-,"3,162,200",,,0.0,,, , ,, ,,,,,,,,,,,,,,,,,,,,,,,,
아시아1호,,,080180,대한민국,신규상장,선박투자회사,2004-10-15,,,,"5,000",-,-,"4,564,950",,,0.0,,, , ,, ,,,,,,,,,,,,,,,,,,,,,,,,
디엠에스,LCD 제조장비,,068790,대한민국,신규상장,주권,2004-10-01,,한화투자증권(주),,500,"28,400","36,920,000","6,376,126",,,0.0,,, , ,,0% ,,,,,,,,,,,,,,,,,,,,,,,,
인팩,,,023810,대한민국,이전상장,주권,2004-09-21,,대신증권(주),자동차 신품 부품 제조업,500,0,0,"10,000,000",,,0.0,,, , ,, ,,,,,,,,,,,,,,,,,,,,,,,,
신동방,,,079660,대한민국,재상장,주권,2004-09-21,,메리츠증권 주식회사,도시락 및 식사용 조리식품 제조업,"5,000",0,0,"7,160,000",,,0.0,,, , ,, ,,,,,,,,,,,,,,,,,,,,,,,,
동북아1호,,,078420,대한민국,신규상장,선박투자회사,2004-09-17,,,,"5,000",-,-,"3,222,000",,,0.0,,, , ,, ,,,,,,,,,,,,,,,,,,,,,,,,
미주레일,엘리베이터 레일,,078940,대한민국,재상장,주권,2004-08-27,,미래에셋증권 주식회사,,500,0,0,"17,654,400",,,0.0,,, , ,, ,,,,,,,,,,,,,,,,,,,,,,,,
코아로직,카메라 어플리케이션 프로세서(CAP),,048870,대한민국,신규상장,주권,2004-08-13,,미래에셋증권(주),,500,"23,000","26,450,000","5,730,000",,,0.0,,, , ,,0% ,,,,,,,,,,,,,,,,,,,,,,,,
신성델타테크,"세탁기, 자동차, 에어컨 및 LCD 부품",,065350,대한민국,신규상장,주권,2004-08-06,,하나IB증권주식회사,,500,"1,600","3,104,000","9,200,000",,,0.0,,, , ,,0% ,,,,,,,,,,,,,,,,,,,,,,,,
유니퀘스트,,,077500,대한민국,신규상장,주권,2004-08-05,,엔에이치투자증권(주),기계장비 및 관련 물품 도매업,500,"4,000","14,400,000","11,800,000",,,0.0,,, , ,,0% ,,,,,,,,,,,,,,,,,,,,,,,,
GS,,,078930,대한민국,재상장,주권,2004-08-05,,삼성증권(주),회사 본부 및 경영 컨설팅 서비스업,"5,000",0,0,"94,700,204",,,0.0,,, , ,, ,,,,,,,,,,,,,,,,,,,,,,,,
동아에스텍,,,058730,대한민국,신규상장,주권,2004-08-02,,한국투자증권(주),"구조용 금속제품, 탱크 및 증기발생기 제조업",500,"1,700","5,304,000","10,400,000",,,0.0,,, , ,,0% ,,,,,,,,,,,,,,,,,,,,,,,,
한국경제티브이,"광고수입, 협찬수입",,039340,대한민국,신규상장,주권,2004-07-30,,삼성증권(주),,"5,000","10,600","5,151,600","2,300,000",,,0.0,,, , ,,0% ,,,,,,,,,,,,,,,,,,,,,,,,
엘지.필립스 엘시디,,,034220,대한민국,신규상장,주권,2004-07-23,,한국투자증권(주),전자부품 제조업,"5,000","34,500","298,080,000","323,600,000",,,0.0,,, , ,,0% ,,,,,,,,,,,,,,,,,,,,,,,,
다날,모바일콘텐츠 및 유무선전화결제,,064260,대한민국,신규상장,주권,2004-07-23,,엔에이치투자증권(주),,500,"8,500","15,640,000","6,130,000",,,0.0,,, , ,,0% ,,,,,,,,,,,,,,,,,,,,,,,,
텔코웨어,,,078000,대한민국,신규상장,주권,2004-07-20,,삼성증권(주),"자료처리, 호스팅, 포털 및 기타 인터넷 정보매개 서비스업",500,"12,000","33,357,600","9,000,000",,,0.0,,, , ,,0% ,,,,,,,,,,,,,,,,,,,,,,,,
우성아이앤씨,남성셔츠,,011080,대한민국,신규상장,주권,2004-07-02,,한화투자증권(주),,500,"1,700","3,060,000","6,000,000",,,0.0,,, , ,,0% ,,,,,,,,,,,,,,,,,,,,,,,,
휘닉스피디이,"CRT부품, PDP용 Powder",,050090,대한민국,신규상장,주권,2004-06-29,,한국증권,,"5,000","30,200","25,670,000","2,255,000",,,0.0,,, , ,,0% ,,,,,,,,,,,,,,,,,,,,,,,,
코엔텍,산업폐기물 소각/매립처리,,029960,대한민국,신규상장,주권,2004-06-18,,DB증권주식회사,,"5,000","6,800","6,800,000","5,000,000",,,0.0,,, , ,,0% ,,,,,,,,,,,,,,,,,,,,,,,,
디에스엘시디,LCD용 BLU(Back Light Unit),,051710,대한민국,신규상장,주권,2004-06-18,,엔에이치투자증권(주),,500,"6,800","24,285,717","15,000,000",,,0.0,,, , ,,0% ,,,,,,,,,,,,,,,,,,,,,,,,
와이비엠시사닷컴,"온라인교육, 수수료수입 등",,057030,대한민국,신규상장,주권,2004-06-08,,유안타증권(주),,500,"9,000","15,300,000","8,500,000",,,0.0,,, , ,,0% ,,,,,,,,,,,,,,,,,,,,,,,,
씨앤드에스마이크로웨이브,"이동통신중계기, 위성방송(DMB)중계기(Gap-Filler)",,065770,대한민국,신규상장,주권,2004-06-04,,키움증권(주),,500,"1,500","3,300,000","10,100,000",,,0.0,,, , ,,0% ,,,,,,,,,,,,,,,,,,,,,,,,
에이로직스,DVR용 영상처리 칩,,074430,대한민국,신규상장,주권,2004-06-04,,한국증권,,500,"10,600","10,600,000","4,000,000",,,0.0,,, , ,,0% ,,,,,,,,,,,,,,,,,,,,,,,,
다윈텍,TFT-LCD용 ASIC,,077280,대한민국,신규상장,주권,2004-06-02,,교보증권(주),,500,"18,000","17,928,000","3,700,000",,,0.0,,, , ,,0% ,,,,,,,,,,,,,,,,,,,,,,,,
에쎌텍,"Loading/Unloading System, PCB Bonding System",,066700,대한민국,신규상장,주권,2004-05-27,,한화투자증권(주),,500,"3,300","2,970,000","8,900,000",,,0.0,,, , ,,0% ,,,,,,,,,,,,,,,,,,,,,,,,
디지탈멀티텍,위성방송수신기,,073780,대한민국,신규상장,주권,2004-05-18,,대신증권(주),,500,"3,700","4,329,000","5,824,980",,,0.0,,, , ,,0% ,,,,,,,,,,,,,,,,,,,,,,,,
디에이피,Build-Up PCB(인쇄회로기판),,066900,대한민국,신규상장,주권,2004-05-14,,키움증권(주),,500,"3,200","12,480,000","12,900,000",,,0.0,,, , ,,0% ,,,,,,,,,,,,,,,,,,,,,,,,
한양디지텍,메모리 모듈,,078350,대한민국,재상장,주권,2004-05-14,,엔에이치투자증권(주),,500,0,0,"5,000,000",,,0.0,,, , ,, ,,,,,,,,,,,,,,,,,,,,,,,,
STX엔진,,,077970,대한민국,재상장,주권,2004-05-10,,신한투자증권 주식회사,일반 목적용 기계 제조업,"2,500",0,0,"19,539,938",,,0.0,,, , ,, ,,,,,,,,,,,,,,,,,,,,,,,,
KTF,,,032390,대한민국,이전상장,주권,2004-04-29,,신한투자증권 주식회사,전기 통신업,"5,000",0,0,"186,344,319",,,0.0,,, , ,, ,,,,,,,,,,,,,,,,,,,,,,,,
키움닷컴증권,"유가증권의 매매, 위탁, 인수, 주선",,039490,대한민국,신규상장,주권,2004-04-23,,한국증권,,"5,000","6,500","9,750,000","11,500,000",,,0.0,,, , ,,0% ,,,,,,,,,,,,,,,,,,,,,,,,
대주레포츠,학생용 및 스포츠용 가방,,071530,대한민국,신규상장,주권,2004-02-17,,키움증권(주),,500,"1,800","3,420,000","6,280,800",,,0.0,,, , ,,0% ,,,,,,,,,,,,,,,,,,,,,,,,
빛과전자,"광가입자용 광송수신모듈, CATV/이동통신용 광부품",,069540,대한민국,신규상장,주권,2004-02-13,,한국증권,,500,"5,600","6,160,000","5,458,500",,,0.0,,, , ,,0% ,,,,,,,,,,,,,,,,,,,,,,,,
동국내화,"내화물, 페라이트, 세라믹",,075970,대한민국,재상장,주권,2004-02-13,,현대차증권주식회사,,"1,000",0,0,"4,600,000",,,0.0,,, , ,, ,,,,,,,,,,,,,,,,,,,,,,,,
에스텍파마,원료의약품,,041910,대한민국,신규상장,주권,2004-02-06,,한국증권,,500,"2,800","2,800,000","5,000,000",,,0.0,,, , ,,0% ,,,,,,,,,,,,,,,,,,,,,,,,
삼진엘앤디,"몰드프레임, TFT-LCD BLU",,054090,대한민국,신규상장,주권,2004-02-06,,교보증권(주),,500,"6,100","13,217,187","7,622,505",,,0.0,,, , ,,0% ,,,,,,,,,,,,,,,,,,,,,,,,
듀오백코리아,사무용 및 가정용 의자,,073190,대한민국,신규상장,주권,2004-02-06,,KB증권(주),,"1,000","15,500","13,950,000","2,900,000",,,0.0,,, , ,,0% ,,,,,,,,,,,,,,,,,,,,,,,,
한신정,,,034310,대한민국,신규상장,주권,2004-02-04,,KB증권(주),기타 사업지원 서비스업,"5,000","12,000","23,529,204","6,700,000",,,0.0,,, , ,,0% ,,,,,,,,,,,,,,,,,,,,,,,,
대교,,,019680,대한민국,신규상장,주권,2004-02-03,,삼성증권(주),초등 교육기관,"5,000","42,000","84,000,000","10,412,984",,,0.0,,, , ,,0% ,,,,,,,,,,,,,,,,,,,,,,,,
스펙트럼디브이디,DVD 타이틀,,040740,대한민국,신규상장,주권,2004-01-28,,미래에셋증권 주식회사,,500,"3,000","5,240,250","5,700,000",,,0.0,,, , ,,0% ,,,,,,,,,,,,,,,,,,,,,,,,
넥센테크,자동차용 와이어링 하네스,,073070,대한민국,신규상장,주권,2004-01-28,,엔에이치투자증권(주),,500,"1,400","6,090,000","14,500,000",,,0.0,,, , ,,0% ,,,,,,,,,,,,,,,,,,,,,,,,
태화일렉트론,"LCD 및 반도체 제조용 오븐장비, 세정기",,067950,대한민국,신규상장,주권,2004-01-26,,한국증권,,500,"3,100","3,720,000","5,929,000",,,0.0,,, , ,,0% ,,,,,,,,,,,,,,,,,,,,,,,,
스포츠서울21,신문사업(스포츠ㆍ연예 전문 일간지),,039670,대한민국,신규상장,주권,2004-01-16,,한국증권,,"5,000","5,200","3,536,000","6,680,000",,,0.0,,, , ,,0% ,,,,,,,,,,,,,,,,,,,,,,,,
아진종합식품,"김치, 밤, 딸기, 꽃게",,071930,대한민국,신규상장,주권,2004-01-16,,메릴린치인터내셔날엘엘씨증권 서울지점,,500,"2,000","3,100,000","5,150,000",,,0.0,,, , ,,0% ,,,,,,,,,,,,,,,,,,,,,,,,
세신버팔로,,,076170,대한민국,재상장,주권,2004-01-16,,,"영화, 비디오물, 방송프로그램 제작 및 배급업",500,0,0,"22,286,990",,,0.0,,, , ,, ,,,,,,,,,,,,,,,,,,,,,,,,
세진티에스,TFT-LCD용 광기능성 시트,,067770,대한민국,신규상장,주권,2004-01-09,,신한투자증권 주식회사,,500,"11,500","15,107,435","4,200,000",,,0.0,,, , ,,0% ,,,,,,,,,,,,,,,,,,,,,,,,
로커스테크놀로지스,기업통신 및 무선인터넷,,070590,대한민국,재상장,주권,2004-01-08,,엔에이치투자증권(주),,500,0,0,"11,065,218",,,0.0,,, , ,, ,,,,,,,,,,,,,,,,,,,,,,,,
맥쿼리센트럴,,,076850,대한민국,신규상장,부동산투자회사,2004-01-08,,,부동산 임대 및 공급업,"5,000","5,000","35,151,500","15,260,600",,,0.0,,, , ,,0% ,,,,,,,,,,,,,,,,,,,,,,,,
엘리코파워,리튬전지포메이션장비,,045290,대한민국,신규상장,주권,2004-01-06,,대신증권(주),,500,"2,500","1,544,325","6,170,000",,,0.0,,, , ,,0% ,,,,,,,,,,,,,,,,,,,,,,,,
프롬써어티,Wafer Burn In Test 장비,,073570,대한민국,신규상장,주권,2004-01-06,,미래에셋증권(주),,500,"11,000","7,867,530","3,500,000",,,0.0,,, , ,,0% ,,,,,,,,,,,,,,,,,,,,,,,,
삼원테크,유압용 관이음쇠,,073640,대한민국,신규상장,주권,2004-01-06,,DB증권주식회사,,500,"7,500","8,250,000","3,500,000",,,0.0,,, , ,,0% ,,,,,,,,,,,,,,,,,,,,,,,,
엠텍비젼,카메라 컨트롤 프로세서,,074000,대한민국,신규상장,주권,2004-01-06,,미래에셋증권 주식회사,,500,"25,000","31,518,750","6,303,750",,,0.0,,, , ,,0% ,,,,,,,,,,,,,,,,,,,,,,,,
우주일렉트로닉스,정보통신용 초정밀커넥터,,065680,대한민국,신규상장,주권,2004-01-02,,엔에이치투자증권(주),,500,"3,600","4,680,000","4,940,000",,,0.0,,, , ,,0% ,,,,,,,,,,,,,,,,,,,,,,,,
토필드,셋톱박스(디지털위성방송수신기),,057880,대한민국,신규상장,주권,2003-12-29,,미래에셋증권(주),,500,"4,200","6,336,960","7,400,000",,,0.0,,, , ,,0% ,,,,,,,,,,,,,,,,,,,,,,,,
TG인포넷,"시스템(중형컴퓨터기기의 판매), 전자도서관 구축",,058690,대한민국,신규상장,주권,2003-12-29,,신영증권(주),,500,"1,500","2,840,160","9,467,170",,,0.0,,, , ,,0% ,,,,,,,,,,,,,,,,,,,,,,,,
아이레보,디지털도어록,,072430,대한민국,신규상장,주권,2003-12-29,,교보증권(주),,500,"6,300","13,230,000","10,500,000",,,0.0,,, , ,,0% ,,,,,,,,,,,,,,,,,,,,,,,,
기업은행,,,024110,대한민국,이전상장,주권,2003-12-24,,삼성증권(주),은행 및 저축기관,"5,000","6,750","310,500,000","405,151,585",,,0.0,,, , ,,0% ,,,,,,,,,,,,,,,,,,,,,,,,
스타코넷,,,074610,대한민국,재상장,주권,2003-12-23,,,일반 목적용 기계 제조업,500,0,0,"14,000,000",,,0.0,,, , ,, ,,,,,,,,,,,,,,,,,,,,,,,,
레인콤,휴대용 MP3 Player,,060570,대한민국,신규상장,주권,2003-12-19,,KB증권(주),,500,"47,000","62,040,000","6,500,000",,,0.0,,, , ,,0% ,,,,,,,,,,,,,,,,,,,,,,,,
비트윈,DVD타이틀,,066410,대한민국,신규상장,주권,2003-12-19,,미래에셋증권(주),,500,"4,000","5,360,000","5,400,000",,,0.0,,, , ,,0% ,,,,,,,,,,,,,,,,,,,,,,,,
윈스테크넷,침입탐지시스템,,067160,대한민국,신규상장,주권,2003-12-19,,엔에이치투자증권(주),,500,"3,200","3,200,000","4,770,400",,,0.0,,, , ,,0% ,,,,,,,,,,,,,,,,,,,,,,,,
원익쿼츠,석영유리가공제품,,074600,대한민국,재상장,주권,2003-12-12,,엔에이치투자증권(주),,500,0,0,"6,150,000",,,0.0,,, , ,, ,,,,,,,,,,,,,,,,,,,,,,,,
상화마이크로텍,비메모리 반도체칩,,072530,대한민국,신규상장,주권,2003-12-05,,KB증권(주),,500,"5,500","9,570,000","5,760,000",,,0.0,,, , ,,0% ,,,,,,,,,,,,,,,,,,,,,,,,
한우티엔씨,"콘크리트펌프트럭, 중장비개량사업",,041440,대한민국,신규상장,주권,2003-11-14,,한화투자증권(주),,500,"2,800","4,900,000","8,750,000",,,0.0,,, , ,,0% ,,,,,,,,,,,,,,,,,,,,,,,,
한국툰붐,멀티미디어 SI,,054780,대한민국,신규상장,주권,2003-11-14,,메리츠종합금융증권(주),,500,900,"1,690,200","6,261,620",,,0.0,,, , ,,0% ,,,,,,,,,,,,,,,,,,,,,,,,
오텍,"냉동 및 내장탑차, 앰블란스",,067170,대한민국,신규상장,주권,2003-11-14,,현대차증권주식회사,,500,"2,400","3,504,000","4,800,000",,,0.0,,, , ,,0% ,,,,,,,,,,,,,,,,,,,,,,,,
에스텍,스피커 및 스피커시스템,,069510,대한민국,신규상장,주권,2003-11-14,,삼성증권(주),,500,"3,100","9,455,000","10,110,000",,,0.0,,, , ,,0% ,,,,,,,,,,,,,,,,,,,,,,,,
로체시스템즈,LCD 제조용 이송장비,,071280,대한민국,신규상장,주권,2003-11-14,,한국증권,,500,"7,800","8,112,000","4,440,000",,,0.0,,, , ,,0% ,,,,,,,,,,,,,,,,,,,,,,,,
케이티씨텔레콤,"휴대폰단말기, 유무선전화기",,055810,대한민국,신규상장,주권,2003-11-07,,메릴린치인터내셔날엘엘씨증권 서울지점,,500,"3,000","5,373,750","5,960,000",,,0.0,,, , ,,0% ,,,,,,,,,,,,,,,,,,,,,,,,
지식발전소,검색광고,,066270,대한민국,신규상장,주권,2003-11-07,,한화투자증권(주),,500,"14,000","44,283,120","10,400,000",,,0.0,,, , ,,0% ,,,,,,,,,,,,,,,,,,,,,,,,
홈데코,,,025750,대한민국,신규상장,주권,2003-11-04,,미래에셋증권 주식회사,제재 및 목재 가공업,"1,000","1,500","9,000,000","57,796,455",,,0.0,,, , ,,0% ,,,,,,,,,,,,,,,,,,,,,,,,
휴비츠,"자동검안기, 자동렌즈미터",,065510,대한민국,신규상장,주권,2003-10-31,,현대차증권주식회사,,500,"3,300","2,970,000","4,470,000",,,0.0,,, , ,,0% ,,,,,,,,,,,,,,,,,,,,,,,,
중앙백신연구소,동물용백신,,072020,대한민국,신규상장,주권,2003-10-31,,교보증권(주),,500,"2,600","5,163,600","6,620,000",,,0.0,,, , ,,0% ,,,,,,,,,,,,,,,,,,,,,,,,
우리산업,HVAC ACTUATOR (자동차 공조장치 부품 등),,072470,대한민국,신규상장,주권,2003-10-28,,하나IB증권주식회사,,500,"2,400","6,172,800","8,572,000",,,0.0,,, , ,,0% ,,,,,,,,,,,,,,,,,,,,,,,,
STX조선,,,067250,대한민국,신규상장,주권,2003-10-27,,"신한투자증권 주식회사,한국투자증권(주)",선박 및 보트 건조업,"5,000","14,200","71,000,000","22,980,132",,,0.0,,, , ,,0% ,,,,,,,,,,,,,,,,,,,,,,,,
나노하이텍,TFT-LCD BLU,,071360,대한민국,신규상장,주권,2003-10-24,,미래에셋증권(주),,500,"3,800","9,500,000","12,500,000",,,0.0,,, , ,,0% ,,,,,,,,,,,,,,,,,,,,,,,,
디지털대성,대성N스쿨 (교육 프랜차이즈),,068930,대한민국,신규상장,주권,2003-10-17,,한국증권,,500,"4,800","4,502,400","4,688,000",,,0.0,,, , ,,0% ,,,,,,,,,,,,,,,,,,,,,,,,
피카소정보통신,DVR(Digital Video Recorder),,069110,대한민국,신규상장,주권,2003-10-14,,유안타증권(주),,500,"3,800","3,230,000","4,250,000",,,0.0,,, , ,,0% ,,,,,,,,,,,,,,,,,,,,,,,,
이수페타시스,,,007660,대한민국,이전상장,주권,2003-10-07,,미래에셋증권 주식회사,전자부품 제조업,"1,000",0,0,"31,000,000",,,0.0,,, , ,, ,,,,,,,,,,,,,,,,,,,,,,,,
팬택앤큐리텔,,,063350,대한민국,신규상장,주권,2003-09-17,,한국투자증권(주),,500,"2,600","109,200,000","148,321,915",,,0.0,,, , ,,0% ,,,,,,,,,,,,,,,,,,,,,,,,
강원랜드,,,035250,대한민국,이전상장,주권,2003-09-04,,삼성증권(주),유원지 및 기타 오락관련 서비스업,"5,000",0,0,"20,000,000",,,0.0,,, , ,, ,,,,,,,,,,,,,,,,,,,,,,,,
티씨케이,반도체 제조공정용 고순도 흑연제품,,064760,대한민국,신규상장,주권,2003-08-18,,교보증권(주),,500,"2,300","5,370,500","11,675,000",,,0.0,,, , ,,0% ,,,,,,,,,,,,,,,,,,,,,,,,
유아이디,STN LCD GLASS(연마),,069330,대한민국,신규상장,주권,2003-08-18,,교보증권(주),,500,"7,200","10,512,000","4,860,000",,,0.0,,, , ,,0% ,,,,,,,,,,,,,,,,,,,,,,,,
미광콘택트렌즈,콘택트렌즈,,066850,대한민국,신규상장,주권,2003-08-06,,한국증권,,500,"4,500","7,650,000","5,665,000",,,0.0,,, , ,,0% ,,,,,,,,,,,,,,,,,,,,,,,,
휘닉스컴,,,037270,대한민국,신규상장,주권,2003-08-01,,한국증권,광고업,"5,000","20,000","15,000,000","2,500,000",,,0.0,,, , ,,0% ,,,,,,,,,,,,,,,,,,,,,,,,
아모텍,"칩바리스터, 아몰퍼스코어",,052710,대한민국,신규상장,주권,2003-08-01,,미래에셋증권(주),,500,"7,500","14,527,350","9,684,000",,,0.0,,, , ,,0% ,,,,,,,,,,,,,,,,,,,,,,,,
시스윌,CTI솔루션,,055970,대한민국,신규상장,주권,2003-08-01,,한화투자증권(주),,500,"2,300","3,910,000","7,700,000",,,0.0,,, , ,,0% ,,,,,,,,,,,,,,,,,,,,,,,,
농심홀딩스,,,072710,대한민국,재상장,주권,2003-07-30,,,회사 본부 및 경영 컨설팅 서비스업,"5,000",0,0,"1,828,642",,,0.0,,, , ,, ,,,,,,,,,,,,,,,,,,,,,,,,
은성코퍼레이션,"고기능성 청소용품, 목욕용품",,065950,대한민국,신규상장,주권,2003-07-29,,한국증권,,500,"1,330","2,713,200","6,800,000",,,0.0,,, , ,,0% ,,,,,,,,,,,,,,,,,,,,,,,,
파워로직스,휴대폰 배터리 등 2차전지용 보호회로,,047310,대한민국,신규상장,주권,2003-07-25,,한화투자증권(주),,500,"8,500","13,600,000","7,927,200",,,0.0,,, , ,,0% ,,,,,,,,,,,,,,,,,,,,,,,,
엠씨에스로직,"비메모리반도체칩(디지털오디오칩, 음성재생용칩)",,068150,대한민국,신규상장,주권,2003-07-21,,한국증권,,500,"7,500","6,225,000","4,100,000",,,0.0,,, , ,,0% ,,,,,,,,,,,,,,,,,,,,,,,,
동원금융지주,,,071050,대한민국,재상장,주권,2003-07-21,,,기타 금융업,"5,000",0,0,"61,584,243",,,0.0,,, , ,, ,,,,,,,,,,,,,,,,,,,,,,,,
거원시스템,MP3 Player,,056000,대한민국,신규상장,주권,2003-07-11,,유안타증권(주),,500,"6,500","7,410,000","5,340,000",,,0.0,,, , ,,0% ,,,,,,,,,,,,,,,,,,,,,,,,
이라이콤,TFT-LCD용 Back Light Unit,,041520,대한민국,신규상장,주권,2003-07-04,,유안타증권(주),,500,"2,200","4,950,000","9,750,000",,,0.0,,, , ,,0% ,,,,,,,,,,,,,,,,,,,,,,,,
썸텍,"의료/산업용 화상기기, 고주파수술기",,056020,대한민국,신규상장,주권,2003-07-04,,신한투자증권 주식회사,,"1,000","4,300","3,667,900","2,841,061",,,0.0,,, , ,,0% ,,,,,,,,,,,,,,,,,,,,,,,,
기가텔레콤,이동통신단말기,,064720,대한민국,신규상장,주권,2003-07-04,,미래에셋증권(주),,500,"1,300","2,925,000","11,250,000",,,0.0,,, , ,,0% ,,,,,,,,,,,,,,,,,,,,,,,,
캐드랜드,지리정보 소프트웨어,,065560,대한민국,신규상장,주권,2003-07-01,,한국증권,,500,"2,800","2,520,000","4,436,540",,,0.0,,, , ,,0% ,,,,,,,,,,,,,,,,,,,,,,,,
엔터기술,휴대용 영상노래반주기,,068420,대한민국,신규상장,주권,2003-07-01,,엔에이치투자증권(주),,500,"12,000","13,200,000","5,271,500",,,0.0,,, , ,,0% ,,,,,,,,,,,,,,,,,,,,,,,,
유엔젤,,,072130,대한민국,신규상장,주권,2003-07-01,,미래에셋증권(주),"자료처리, 호스팅, 포털 및 기타 인터넷 정보매개 서비스업",500,"14,000","26,234,040","6,244,000",,,0.0,,, , ,,0% ,,,,,,,,,,,,,,,,,,,,,,,,
SBS,,,034120,대한민국,이전상장,주권,2003-06-25,,삼성증권(주),텔레비전 방송업,"5,000",0,0,"26,075,117",,,0.0,,, , ,, ,,,,,,,,,,,,,,,,,,,,,,,,
썬코리아전자,LCD 광기능성 시트 및 인버터,,060670,대한민국,신규상장,주권,2003-06-17,,교보증권(주),,500,"1,200","2,160,000","6,000,000",,,0.0,,, , ,,0% ,,,,,,,,,,,,,,,,,,,,,,,,
이엠테크닉스,디지털 셋톱박스,,064240,대한민국,신규상장,주권,2003-06-11,,유안타증권(주),,500,"5,100","8,789,350","6,300,000",,,0.0,,, , ,,0% ,,,,,,,,,,,,,,,,,,,,,,,,
예스컴,콜센터구축,,066200,대한민국,신규상장,주권,2003-06-11,,교보증권(주),,500,"4,000","5,060,000","4,166,500",,,0.0,,, , ,,0% ,,,,,,,,,,,,,,,,,,,,,,,,
씨.씨.에스,케이블TV서비스 및 초고속인터넷서비스,,066790,대한민국,신규상장,주권,2003-05-30,,키움증권(주),,"5,000","6,300","8,820,000","4,400,000",,,0.0,,, , ,,0% ,,,,,,,,,,,,,,,,,,,,,,,,
케너텍,"축열식 시스템, 공동주택 열병합발전 시스템",,062730,대한민국,신규상장,주권,2003-05-23,,한화투자증권(주),,500,"3,000","2,700,000","4,400,000",,,0.0,,, , ,,0% ,,,,,,,,,,,,,,,,,,,,,,,,
웹젠,3D 온라인게임 '뮤(MU)',,069080,대한민국,신규상장,주권,2003-05-23,,미래에셋증권(주),,500,"32,000","30,720,000","3,500,000",,,0.0,,, , ,,0% ,,,,,,,,,,,,,,,,,,,,,,,,
엔씨소프트,,,036570,대한민국,이전상장,주권,2003-05-22,,삼성증권(주),"자료처리, 호스팅, 포털 및 기타 인터넷 정보매개 서비스업",500,0,0,"4,792,500",,,0.0,,, , ,, ,,,,,,,,,,,,,,,,,,,,,,,,
국제엘렉트릭코리아,반도체제조용 Diffusion Furnace 및 LP-CVD,,053740,대한민국,신규상장,주권,2003-03-21,,유안타증권(주),,500,"3,000","6,630,000","8,210,000",,,0.0,,, , ,,0% ,,,,,,,,,,,,,,,,,,,,,,,,
하이스틸,,,071090,대한민국,재상장,주권,2003-02-17,,,1차 철강 제조업,"5,000",0,0,"1,236,358",,,0.0,,, , ,, ,,,,,,,,,,,,,,,,,,,,,,,,
대화제약,"후로스판, 세파메칠 등",,067080,대한민국,신규상장,주권,2003-02-14,,한화투자증권(주),,500,"1,700","5,542,000","10,860,000",,,0.0,,, , ,,0% ,,,,,,,,,,,,,,,,,,,,,,,,
아이콜스,"시스템통합(SI), ERP 솔루션 등",,065810,대한민국,신규상장,주권,2003-02-12,,메리츠종합금융증권(주),,500,"1,900","6,460,000","11,200,000",,,0.0,,, , ,,0% ,,,,,,,,,,,,,,,,,,,,,,,,
우수기계공업,"엔진, 조향 및 기아변속기 부품",,066590,대한민국,신규상장,주권,2003-02-12,,유안타증권(주),,500,"2,200","2,266,000","3,430,000",,,0.0,,, , ,,0% ,,,,,,,,,,,,,,,,,,,,,,,,
하츠,"레인지후드, 빌트인 기기 등",,066130,대한민국,신규상장,주권,2003-02-11,,미래에셋증권(주),,500,"3,800","10,534,208","12,800,000",,,0.0,,, , ,,0% ,,,,,,,,,,,,,,,,,,,,,,,,
쓰리쎄븐,"매니큐어세트, 손톱깎이",,067290,대한민국,신규상장,주권,2003-02-11,,키움증권(주),,500,"4,900","6,860,000","4,400,000",,,0.0,,, , ,,0% ,,,,,,,,,,,,,,,,,,,,,,,,
헤드라인정보통신,생활 및 산업용 무전기,,066340,대한민국,신규상장,주권,2003-02-07,,푸르덴셜,,500,"6,600","8,712,000","4,300,000",,,0.0,,, , ,,0% ,,,,,,,,,,,,,,,,,,,,,,,,
에스비에스아이,"컨텐츠, 프로젝트",,046140,대한민국,신규상장,주권,2003-02-05,,한국증권,,500,"4,200","13,734,000","10,899,969",,,0.0,,, , ,,0% ,,,,,,,,,,,,,,,,,,,,,,,,
빅텍,전자전시스템 장치류,,065450,대한민국,신규상장,주권,2003-02-05,,미래에셋증권(주),,500,"1,800","2,520,000","4,300,000",,,0.0,,, , ,,0% ,,,,,,,,,,,,,,,,,,,,,,,,
팬텀,"골프볼, 골프웨어",,025460,대한민국,신규상장,주권,2003-01-29,,엔에이치투자증권(주),,"5,000","8,700","4,002,000","1,520,000",,,0.0,,, , ,,0% ,,,,,,,,,,,,,,,,,,,,,,,,
탑엔지니어링,LCD Cell Line 자동화 장치,,065130,대한민국,신규상장,주권,2003-01-29,,미래에셋증권 주식회사,,500,"2,700","7,128,000","8,800,000",,,0.0,,, , ,,0% ,,,,,,,,,,,,,,,,,,,,,,,,
태경화학,,,006890,대한민국,이전상장,주권,2003-01-28,,메리츠증권 주식회사,기초 화학물질 제조업,500,"2,450","9,016,000","11,600,000",,,0.0,,, , ,,0% ,,,,,,,,,,,,,,,,,,,,,,,,
한국오발,"유량계, 유량계측시스템, 밸브 등",,017010,대한민국,신규상장,주권,2003-01-28,,하나IB증권주식회사,,500,"2,300","3,045,890","4,410,000",,,0.0,,, , ,,0% ,,,,,,,,,,,,,,,,,,,,,,,,
소프트텔레웨어,이동통신 핵심망 및 서비스망 솔루션 개발 공급,,065440,대한민국,신규상장,주권,2003-01-28,,키움증권(주),,500,"3,700","4,921,000","6,030,000",,,0.0,,, , ,,0% ,,,,,,,,,,,,,,,,,,,,,,,,
케이씨더블류,와이퍼브레이드,,068060,대한민국,신규상장,주권,2003-01-28,,교보증권(주),,500,"2,000","3,280,000","5,440,000",,,0.0,,, , ,,0% ,,,,,,,,,,,,,,,,,,,,,,,,
디에스알제강,,,069730,대한민국,신규상장,주권,2003-01-28,,미래에셋증권 주식회사,1차 철강 제조업,500,"1,300","5,720,000","14,400,000",,,0.0,,, , ,,0% ,,,,,,,,,,,,,,,,,,,,,,,,
한국큐빅,Curl Fit(표면처리사업),,021650,대한민국,신규상장,주권,2003-01-24,,현대차증권주식회사,,500,"2,900","5,220,000","6,000,000",,,0.0,,, , ,,0% ,,,,,,,,,,,,,,,,,,,,,,,,
한국교육미디어,"수능학습지, 인터넷 학원",,048270,대한민국,신규상장,주권,2003-01-24,,미래에셋증권 주식회사,,500,"2,100","6,877,500","10,912,306",,,0.0,,, , ,,0% ,,,,,,,,,,,,,,,,,,,,,,,,
재영솔루텍,플라스틱 사출금형,,049630,대한민국,신규상장,주권,2003-01-24,,엔에이치투자증권(주),,500,"2,500","13,180,300","17,550,000",,,0.0,,, , ,,0% ,,,,,,,,,,,,,,,,,,,,,,,,
에스디,진단시약,,066930,대한민국,신규상장,주권,2003-01-24,,KB증권(주),,500,"3,700","5,194,800","6,000,000",,,0.0,,, , ,,0% ,,,,,,,,,,,,,,,,,,,,,,,,
인터플렉스,연성회로기판(Flexible PCB),,051370,대한민국,신규상장,주권,2003-01-22,,대신증권(주),,500,"3,000","11,100,000","12,300,000",,,0.0,,, , ,,0% ,,,,,,,,,,,,,,,,,,,,,,,,
삼영이엔씨,"GMDSS장비, GPS플로터 등",,065570,대한민국,신규상장,주권,2003-01-21,,한국증권,,500,"3,300","7,920,000","8,000,000",,,0.0,,, , ,,0% ,,,,,,,,,,,,,,,,,,,,,,,,
명진아트,음반재킷 제작,,065650,대한민국,신규상장,주권,2003-01-21,,교보증권(주),,500,"2,100","1,638,000","2,600,000",,,0.0,,, , ,,0% ,,,,,,,,,,,,,,,,,,,,,,,,
티에스엠텍,티타늄 에칭챔바,,066350,대한민국,신규상장,주권,2003-01-21,,한화투자증권(주),,500,"2,700","4,933,413","6,070,000",,,0.0,,, , ,,0% ,,,,,,,,,,,,,,,,,,,,,,,,
하이쎌,TFT-LCD용 광기능성 필름,,066980,대한민국,신규상장,주권,2003-01-17,,엔에이치투자증권(주),,500,"3,800","4,218,000","5,550,000",,,0.0,,, , ,,0% ,,,,,,,,,,,,,,,,,,,,,,,,
산성피앤씨,"골판지, 지함",,016100,대한민국,신규상장,주권,2003-01-15,,한양증권(주),,500,"1,100","1,276,000","3,860,000",,,0.0,,, , ,,0% ,,,,,,,,,,,,,,,,,,,,,,,,
나래시스템,네트워크 설계 및 구축,,065910,대한민국,신규상장,주권,2003-01-10,,한국증권,,500,"2,000","2,660,000","4,430,000",,,0.0,,, , ,,0% ,,,,,,,,,,,,,,,,,,,,,,,,
한농화성,,,011500,대한민국,신규상장,주권,2003-01-09,,메리츠증권 주식회사,기타 화학제품 제조업,"5,000","10,500","4,620,000","1,440,000",,,0.0,,, , ,,0% ,,,,,,,,,,,,,,,,,,,,,,,,
에이스디지텍,편광필름,,036550,대한민국,신규상장,주권,2003-01-07,,하나증권주식회사,,500,"4,916",0,"12,000,000",,,0.0,,, , ,, ,,,,,,,,,,,,,,,,,,,,,,,,
케이피엠테크,"표면처리약품, 전자동 도금설비",,042040,대한민국,신규상장,주권,2003-01-07,,메리츠종합금융증권(주),,500,"2,200","5,280,000","8,000,000",,,0.0,,, , ,,0% ,,,,,,,,,,,,,,,,,,,,,,,,
풍경정화,"착색제, 잉크 등",,065940,대한민국,신규상장,주권,2003-01-07,,현대차증권주식회사,,500,"3,100","6,200,000","6,500,000",,,0.0,,, , ,,0% ,,,,,,,,,,,,,,,,,,,,,,,,
에스제이윈텍,"리모컨, 컨트롤러, 셋탑박스",,061050,대한민국,신규상장,주권,2003-01-06,,현대차증권주식회사,,500,"2,600","7,800,000","12,000,000",,,0.0,,, , ,,0% ,,,,,,,,,,,,,,,,,,,,,,,,
엘앤에프,TFT-LCD BLU(Back Light Unit),,066970,대한민국,신규상장,주권,2003-01-02,,엔에이치투자증권(주),,500,"2,200","3,850,000","8,750,000",,,0.0,,, , ,,0% ,,,,,,,,,,,,,,,,,,,,,,,,
디스플레이테크,LCD Module,,066670,대한민국,신규상장,주권,2002-12-30,,유안타증권(주),,500,"4,000","6,600,000","8,250,000",,,0.0,,, , ,,0% ,,,,,,,,,,,,,,,,,,,,,,,,
코닉테크,"환경필터용 부직포, 스포츠용 부직포, 각종산업용 부직포",,047820,대한민국,신규상장,주권,2002-12-24,,엔에이치투자증권(주),,500,"1,400","1,820,000","4,300,000",,,0.0,,, , ,,0% ,,,,,,,,,,,,,,,,,,,,,,,,
선우엔터테인먼트,만화영화제작,,066430,대한민국,신규상장,주권,2002-12-24,,한국증권,,500,"3,400","7,480,000","7,300,312",,,0.0,,, , ,,0% ,,,,,,,,,,,,,,,,,,,,,,,,
코어세스,"xDSL, Ethernet Switch",,052210,대한민국,신규상장,주권,2002-12-23,,신한투자증권 주식회사,,500,0,0,"16,000,000",,,0.0,,, , ,, ,,,,,,,,,,,,,,,,,,,,,,,,
선광전자,CCTV CAMERA 등,,064090,대한민국,신규상장,주권,2002-12-17,,유안타증권(주),,500,"3,400","4,335,000","4,250,000",,,0.0,,, , ,,0% ,,,,,,,,,,,,,,,,,,,,,,,,
쎌바이오텍,유산균 원말 및 완제품,,049960,대한민국,신규상장,주권,2002-12-13,,미래에셋증권 주식회사,,500,"1,500","2,190,000","7,200,000",,,0.0,,, , ,,0% ,,,,,,,,,,,,,,,,,,,,,,,,
아이에스하이텍,"LCD Module(7"" 이하), LCD Back Light(BLU), 기타(플라스틱금형·사출)",,060910,대한민국,신규상장,주권,2002-12-13,,엔에이치투자증권(주),,500,"1,800","5,562,000","10,288,000",,,0.0,,, , ,,0% ,,,,,,,,,,,,,,,,,,,,,,,,
그로웰메탈,자동차 부품(알루미늄 다이캐스팅),,070080,대한민국,재상장,주권,2002-12-13,,엔에이치투자증권(주),,500,0,0,"12,173,770",,,0.0,,, , ,, ,,,,,,,,,,,,,,,,,,,,,,,,
능률영어사,영어학습교재,,053290,대한민국,신규상장,주권,2002-12-10,,엔에이치투자증권(주),,500,"2,200","3,111,548","4,713,000",,,0.0,,, , ,,0% ,,,,,,,,,,,,,,,,,,,,,,,,
폴리플러스,ABS 수지,,065610,대한민국,신규상장,주권,2002-12-06,,푸르덴셜,,500,"1,600","4,800,000","10,000,000",,,0.0,,, , ,,0% ,,,,,,,,,,,,,,,,,,,,,,,,
바른전자,"메모리 카드, 스마트 카드 등",,064520,대한민국,신규상장,주권,2002-12-04,,한국증권,,500,"1,800","2,089,800","5,768,000",,,0.0,,, , ,,0% ,,,,,,,,,,,,,,,,,,,,,,,,
현대백화점,,,069960,대한민국,재상장,주권,2002-11-25,,,종합 소매업,"5,000",0,0,"22,167,722",,,0.0,,, , ,, ,,,,,,,,,,,,,,,,,,,,,,,,
이니시스,전자지불서비스,,035600,대한민국,신규상장,주권,2002-11-22,,미래에셋증권 주식회사,,100,0,0,"63,680,000",,,0.0,,, , ,, ,,,,,,,,,,,,,,,,,,,,,,,,
렉스진바이오텍,건강보조식품 등,,065170,대한민국,신규상장,주권,2002-11-19,,엔에이치투자증권(주),,500,"4,900","8,428,000","5,720,000",,,0.0,,, , ,,0% ,,,,,,,,,,,,,,,,,,,,,,,,
하이스마텍,IC Card 및 전자화폐 등,,057100,대한민국,신규상장,주권,2002-11-15,,미래에셋증권(주),,500,"3,500","4,970,000","5,320,000",,,0.0,,, , ,,0% ,,,,,,,,,,,,,,,,,,,,,,,,
대호에이엘,,,069460,대한민국,재상장,주권,2002-11-11,,,1차 비철금속 제조업,500,0,0,"27,134,839",,,0.0,,, , ,, ,,,,,,,,,,,,,,,,,,,,,,,,
남선홈웨어,,,069470,대한민국,재상장,주권,2002-11-11,,,기타 정보 서비스업,500,0,0,"17,569,320",,,0.0,,, , ,, ,,,,,,,,,,,,,,,,,,,,,,,,
동양크레디텍,"브라운관모니터 부품(EAR, Shrinkage Band 등)",,056340,대한민국,신규상장,주권,2002-11-08,,한국증권,,500,"4,000","5,760,000","4,800,000",,,0.0,,, , ,,0% ,,,,,,,,,,,,,,,,,,,,,,,,
파라다이스,카지노,,034230,대한민국,신규상장,주권,2002-11-05,,미래에셋증권 주식회사,,500,"4,100","76,834,000","93,700,000",,,0.0,,, , ,,0% ,,,,,,,,,,,,,,,,,,,,,,,,
모닷텔,CDMA단말기,,048150,대한민국,신규상장,주권,2002-11-05,,푸르덴셜,,500,"4,100","11,480,000","9,200,000",,,0.0,,, , ,,0% ,,,,,,,,,,,,,,,,,,,,,,,,
휴먼정보기술,교육프랜차이즈사업,,066480,대한민국,신규상장,주권,2002-11-05,,KB증권(주),,500,"2,400","2,400,000","3,200,000",,,0.0,,, , ,,0% ,,,,,,,,,,,,,,,,,,,,,,,,
오디티,액정표시장치(모듈),,041590,대한민국,신규상장,주권,2002-11-01,,신영증권(주),,500,"1,400","1,820,000","6,500,000",,,0.0,,, , ,,0% ,,,,,,,,,,,,,,,,,,,,,,,,
대웅제약,,,069620,대한민국,재상장,주권,2002-11-01,,,의약품 제조업,"2,500",0,0,"9,878,538",,,0.0,,, , ,, ,,,,,,,,,,,,,,,,,,,,,,,,
마니커,,,027740,대한민국,이전상장,주권,2002-10-29,,메리츠증권 주식회사,"도축, 육류 가공 및 저장 처리업","5,000","9,800","4,410,000","1,950,000",,,0.0,,, , ,,0% ,,,,,,,,,,,,,,,,,,,,,,,,
엔에이치엔,인터넷검색 및 게임서비스,,035420,대한민국,신규상장,주권,2002-10-29,,미래에셋증권 주식회사,,500,"22,000","45,342,000","7,437,050",,,0.0,,, , ,,0% ,,,,,,,,,,,,,,,,,,,,,,,,
디엠티,식음료용 피팅,,065270,대한민국,신규상장,주권,2002-10-23,,대신증권(주),,500,"5,150","6,180,000","4,000,000",,,0.0,,, , ,,0% ,,,,,,,,,,,,,,,,,,,,,,,,
주식회사삼영,,,036530,대한민국,이전상장,주권,2002-10-22,,엔에이치투자증권(주),회사 본부 및 경영 컨설팅 서비스업,500,0,0,"7,500,000",,,0.0,,, , ,, ,,,,,,,,,,,,,,,,,,,,,,,,
엔하이테크,LED&LCD UNIT,,046720,대한민국,신규상장,주권,2002-10-10,,부국증권(주),,500,0,0,"5,475,600",,,0.0,,, , ,, ,,,,,,,,,,,,,,,,,,,,,,,,
휴켐스,,,069260,대한민국,재상장,주권,2002-10-07,,,기타 화학제품 제조업,"1,000",0,0,"21,290,932",,,0.0,,, , ,, ,,,,,,,,,,,,,,,,,,,,,,,,
새로닉스,Focus Pack,,042600,대한민국,신규상장,주권,2002-10-01,,브릿지1,,500,"1,500","5,400,000","12,000,000",,,0.0,,, , ,,0% ,,,,,,,,,,,,,,,,,,,,,,,,
디브이에스코리아,DVD Loader,,046400,대한민국,신규상장,주권,2002-10-01,,한국증권,,500,"2,500","15,000,000","19,070,990",,,0.0,,, , ,,0% ,,,,,,,,,,,,,,,,,,,,,,,,
디엠테크놀로지,"DVD Player, DVD Receiver",,065340,대한민국,신규상장,주권,2002-09-26,,교보증권(주),,500,"7,200","10,528,344","5,600,000",,,0.0,,, , ,,0% ,,,,,,,,,,,,,,,,,,,,,,,,
세종공업,,,033530,대한민국,이전상장,주권,2002-09-25,,메리츠증권 주식회사,자동차 신품 부품 제조업,500,0,0,"20,054,430",,,0.0,,, , ,, ,,,,,,,,,,,,,,,,,,,,,,,,
샤인시스템,PVC창호,,066300,대한민국,신규상장,주권,2002-09-25,,유안타증권(주),,500,"8,500","9,350,000","3,600,000",,,0.0,,, , ,,0% ,,,,,,,,,,,,,,,,,,,,,,,,
대진공업,"하우징, 리테이너베어링",,065500,대한민국,신규상장,주권,2002-09-19,,신영증권(주),,500,800,"1,528,000","6,354,030",,,0.0,,, , ,,0% ,,,,,,,,,,,,,,,,,,,,,,,,
소프트랜드,"소프트웨어, 하드웨어",,037320,대한민국,신규상장,주권,2002-09-17,,DB증권주식회사,,"1,000",0,0,"4,746,746",,,0.0,,, , ,, ,,,,,,,,,,,,,,,,,,,,,,,,
콤텔시스템,콜센터운영서비스,,060900,대한민국,신규상장,주권,2002-09-17,,엔에이치투자증권(주),,500,"1,700","2,890,000","8,400,000",,,0.0,,, , ,,0% ,,,,,,,,,,,,,,,,,,,,,,,,
국보디자인,인테리어디자인,,066620,대한민국,신규상장,주권,2002-09-05,,엔에이치투자증권(주)(농협),,500,"5,000","9,000,000","5,800,000",,,0.0,,, , ,,0% ,,,,,,,,,,,,,,,,,,,,,,,,
이모션,e-Business Solution & Service,,052770,대한민국,신규상장,주권,2002-08-22,,한화투자증권(주),,500,"8,000","5,248,000","2,656,000",,,0.0,,, , ,,0% ,,,,,,,,,,,,,,,,,,,,,,,,
필링크,Wap Gateway,,064800,대한민국,신규상장,주권,2002-08-22,,교보증권(주),,500,"5,500","7,555,900","5,260,000",,,0.0,,, , ,,0% ,,,,,,,,,,,,,,,,,,,,,,,,
엠아이자카텍,자카드직물,,065420,대한민국,신규상장,주권,2002-08-22,,엔에이치투자증권(주),,500,"2,150","2,795,000","4,300,000",,,0.0,,, , ,,0% ,,,,,,,,,,,,,,,,,,,,,,,,
포항강판,,,058430,대한민국,신규상장,주권,2002-08-16,,삼성증권(주),1차 철강 제조업,"5,000","18,500","33,300,000","6,000,000",,,0.0,,, , ,,0% ,,,,,,,,,,,,,,,,,,,,,,,,
휴먼텍코리아,클린룸 설계 및 시공관리,,066060,대한민국,신규상장,주권,2002-08-16,,하나증권주식회사,,500,"2,800","7,168,000","7,100,000",,,0.0,,, , ,,0% ,,,,,,,,,,,,,,,,,,,,,,,,
LG생명과학,,,068870,대한민국,재상장,주권,2002-08-16,,,의약품 제조업,"5,000",0,0,"9,713,206",,,0.0,,, , ,, ,,,,,,,,,,,,,,,,,,,,,,,,
컴텍코리아,"디지털방송솔루션, NI",,039980,대한민국,신규상장,주권,2002-08-13,,한국증권,,500,"3,000","3,510,000","5,050,000",,,0.0,,, , ,,0% ,,,,,,,,,,,,,,,,,,,,,,,,
콜린스,TFT-LCD 모니터,,056010,대한민국,신규상장,주권,2002-08-13,,부국증권(주),,500,"2,600","3,582,800","4,400,000",,,0.0,,, , ,,0% ,,,,,,,,,,,,,,,,,,,,,,,,
이미지퀘스트,"CDT모니터, LCD모니터",,048410,대한민국,신규상장,주권,2002-08-08,,한화투자증권(주),,"1,000","2,900","37,294,000","42,860,000",,,0.0,,, , ,,0% ,,,,,,,,,,,,,,,,,,,,,,,,
삼성출판사,,,068290,대한민국,재상장,주권,2002-08-05,,,"서적, 잡지 및 기타 인쇄물 출판업","5,000",0,0,"1,000,000",,,0.0,,, , ,, ,,,,,,,,,,,,,,,,,,,,,,,,
지엔텍,집진기 유지보수 및 제조,,065410,대한민국,신규상장,주권,2002-08-01,,유진투자증권(주),,500,"1,600","2,752,000","5,720,000",,,0.0,,, , ,,0% ,,,,,,,,,,,,,,,,,,,,,,,,
크린에어테크놀로지,대기용필터,,064060,대한민국,신규상장,주권,2002-07-30,,하나증권주식회사,,500,"2,500","4,500,000","6,800,000",,,0.0,,, , ,,0% ,,,,,,,,,,,,,,,,,,,,,,,,
이앤이시스템,빙축열냉방시스템,,065160,대한민국,신규상장,주권,2002-07-30,,한화투자증권(주),,500,"4,800","3,072,000","3,124,000",,,0.0,,, , ,,0% ,,,,,,,,,,,,,,,,,,,,,,,,
현대오토넷,,,042100,대한민국,신규상장,주권,2002-07-26,,한국투자증권(주),전자부품 제조업,500,"1,700","67,320,000","179,800,000",,,0.0,,, , ,,0% ,,,,,,,,,,,,,,,,,,,,,,,,
유레스,,,067830,대한민국,재상장,주권,2002-07-25,,,종합 소매업,"5,000",0,0,"8,202,677",,,0.0,,, , ,, ,,,,,,,,,,,,,,,,,,,,,,,,
에스피지,소형 Geared Motor,,058610,대한민국,신규상장,주권,2002-07-23,,엔에이치투자증권(주),,500,"8,000","13,440,000","5,580,000",,,0.0,,, , ,,0% ,,,,,,,,,,,,,,,,,,,,,,,,
토탈소프트뱅크,해운물류소프트웨어 (CATOS 등),,045340,대한민국,신규상장,주권,2002-07-19,,유안타증권(주),,500,"9,200","11,960,000","4,300,000",,,0.0,,, , ,,0% ,,,,,,,,,,,,,,,,,,,,,,,,
엘케이에프에스,리스크관리시스템(RMS) 등,,047420,대한민국,신규상장,주권,2002-07-19,,키움증권(주),,500,"3,100","6,820,000","7,200,000",,,0.0,,, , ,,0% ,,,,,,,,,,,,,,,,,,,,,,,,
세안아이티,LCD 및 반도체 검사장비,,053810,대한민국,신규상장,주권,2002-07-19,,푸르덴셜,,500,"3,800","5,320,000","4,000,000",,,0.0,,, , ,,0% ,,,,,,,,,,,,,,,,,,,,,,,,
정호코리아,가방 및 여성의류,,065310,대한민국,신규상장,주권,2002-07-19,,한화투자증권(주),,"1,000","5,100","3,245,385","2,000,000",,,0.0,,, , ,,0% ,,,,,,,,,,,,,,,,,,,,,,,,
교보증권,,,030610,대한민국,이전상장,주권,2002-07-18,,엔에이치투자증권(주),금융 지원 서비스업,"5,000",0,-,"36,000,000",,,0.0,,, , ,, ,,,,,,,,,,,,,,,,,,,,,,,,
한샘,,,009240,대한민국,신규상장,주권,2002-07-16,,엔에이치투자증권(주),생활용품 도매업,"1,000","5,500","23,265,000","21,137,500",,,0.0,,, , ,,0% ,,,,,,,,,,,,,,,,,,,,,,,,
삼호개발,"토공사, 철근콘크리트, 아스콘, 골재",,010960,대한민국,신규상장,주권,2002-07-16,,DB증권주식회사,,500,950,"4,085,000","14,300,000",,,0.0,,, , ,,0% ,,,,,,,,,,,,,,,,,,,,,,,,
시그엔,서버호스팅,,052970,대한민국,신규상장,주권,2002-07-16,,KB증권(주),,500,"4,200","7,135,800","5,660,000",,,0.0,,, , ,,0% ,,,,,,,,,,,,,,,,,,,,,,,,
대진디엠피,고무 및 플라스틱제품 제조업,,065690,대한민국,신규상장,주권,2002-07-16,,메리츠종합금융증권(주),,500,"8,700","11,832,000","3,900,000",,,0.0,,, , ,,0% ,,,,,,,,,,,,,,,,,,,,,,,,
서호전기,항만크레인 구동전기장치,,065710,대한민국,신규상장,주권,2002-07-16,,메릴린치인터내셔날엘엘씨증권 서울지점,,500,"3,200","4,960,000","5,150,000",,,0.0,,, , ,,0% ,,,,,,,,,,,,,,,,,,,,,,,,
백산오피씨,OPC Drum,,066110,대한민국,신규상장,주권,2002-07-16,,교보증권(주),,500,"4,000","17,200,000","15,300,000",,,0.0,,, , ,,0% ,,,,,,,,,,,,,,,,,,,,,,,,
다스텍,전자파 장해 방지용 필터 및 코일,,043710,대한민국,신규상장,주권,2002-07-11,,푸르덴셜,,500,"1,400","3,360,000","7,600,000",,,0.0,,, , ,,0% ,,,,,,,,,,,,,,,,,,,,,,,,
동화씨엠테크,건축자재,,060560,대한민국,신규상장,주권,2002-07-11,,키움증권(주),,500,"2,000","4,400,000","7,200,000",,,0.0,,, , ,,0% ,,,,,,,,,,,,,,,,,,,,,,,,
아비코전자,"전자저항기, 전자인덕터",,036010,대한민국,신규상장,주권,2002-07-03,,삼성증권(주),,"1,000","8,500","14,042,893","5,910,000",,,0.0,,, , ,,0% ,,,,,,,,,,,,,,,,,,,,,,,,
대원씨아이,"만화단행본, 정기간행물",,060280,대한민국,신규상장,주권,2002-07-03,,키움증권(주),,500,"5,700","7,980,000","4,500,000",,,0.0,,, , ,,0% ,,,,,,,,,,,,,,,,,,,,,,,,
샤인,"스테인레스 와이어, 로프, 용접봉",,065620,대한민국,신규상장,주권,2002-06-27,,엔에이치투자증권(주)(농협),,500,"1,900","6,650,000","11,500,000",,,0.0,,, , ,,0% ,,,,,,,,,,,,,,,,,,,,,,,,
보이스웨어,음성인식 및 음성합성 엔진,,060230,대한민국,신규상장,주권,2002-06-25,,한국증권,,500,"4,500","6,978,150","7,680,000",,,0.0,,, , ,,0% ,,,,,,,,,,,,,,,,,,,,,,,,
우리금융지주,,,053000,대한민국,신규상장,주권,2002-06-24,,"엔에이치투자증권(주),삼성증권(주)",기타 금융업,"5,000","6,800","612,000,000","763,624,391",,,0.0,,, , ,,0% ,,,,,,,,,,,,,,,,,,,,,,,,
케이피케미칼,,,064420,대한민국,재상장,주권,2002-06-21,,,기초 화학물질 제조업,"5,000",0,0,"5,602,280",,,0.0,,, , ,, ,,,,,,,,,,,,,,,,,,,,,,,,
아이티플러스,"e-Biz Infra Solution, SI",,046940,대한민국,신규상장,주권,2002-06-18,,메리츠종합금융증권(주),,500,"7,500","13,500,000","6,000,000",,,0.0,,, , ,,0% ,,,,,,,,,,,,,,,,,,,,,,,,
퓨어텍,"변압기, 펌프",,054120,대한민국,신규상장,주권,2002-06-18,,현대차증권주식회사,,500,"2,100","3,822,000","6,066,000",,,0.0,,, , ,,0% ,,,,,,,,,,,,,,,,,,,,,,,,
옴니텔,"모바일방송, 모바일컨텐츠",,057680,대한민국,신규상장,주권,2002-06-18,,한국증권,,500,"5,500","8,574,500","7,760,000",,,0.0,,, , ,,0% ,,,,,,,,,,,,,,,,,,,,,,,,
아쿠아테크,오/폐수 처리시스템 제조 및 구축,,065180,대한민국,신규상장,주권,2002-06-18,,한화투자증권(주),,500,"3,300","5,280,000","5,200,000",,,0.0,,, , ,,0% ,,,,,,,,,,,,,,,,,,,,,,,,
신세계건설,,,034300,대한민국,이전상장,주권,2002-06-17,,유안타증권(주),건물 건설업,"5,000",0,0,"4,000,000",,,0.0,,, , ,, ,,,,,,,,,,,,,,,,,,,,,,,,
룸앤데코,"주방/인테리어용품, 침구용품, 가구 등",,067130,대한민국,재상장,주권,2002-06-17,,엔에이치투자증권(주),,"2,500",0,0,"1,146,523",,,0.0,,, , ,, ,,,,,,,,,,,,,,,,,,,,,,,,
인선이엔티,건축폐기물처리,,060150,대한민국,신규상장,주권,2002-06-14,,DB증권주식회사,,500,"8,500","11,900,000","4,600,000",,,0.0,,, , ,,0% ,,,,,,,,,,,,,,,,,,,,,,,,
오브제,여성 의류,,058680,대한민국,신규상장,주권,2002-06-11,,신영증권(주),,"1,000","10,700","9,630,000","3,000,000",,,0.0,,, , ,,0% ,,,,,,,,,,,,,,,,,,,,,,,,
슈마일렉트론,Graphic Card,,056500,대한민국,신규상장,주권,2002-06-04,,DB증권주식회사,,500,"2,400","2,400,000","4,400,000",,,0.0,,, , ,,0% ,,,,,,,,,,,,,,,,,,,,,,,,
한국전파기지국,공용기지국건설/관리,,065530,대한민국,신규상장,주권,2002-06-04,,미래에셋증권 주식회사,,"5,000","7,200","11,520,000","5,200,000",,,0.0,,, , ,,0% ,,,,,,,,,,,,,,,,,,,,,,,,
케이디미디어,"추첨식복권 제조, 일반출판 인쇄, CD ·DVD 복제",,063440,대한민국,신규상장,주권,2002-05-30,,KB증권(주),,500,"3,700","11,914,000","10,720,000",,,0.0,,, , ,,0% ,,,,,,,,,,,,,,,,,,,,,,,,
우신시스템,,,017370,대한민국,이전상장,주권,2002-05-28,,삼성증권(주),특수 목적용 기계 제조업,500,0,0,"10,000,000",,,0.0,,, , ,, ,,,,,,,,,,,,,,,,,,,,,,,,
지어소프트,"Mobile Solution & Platform, Internet GIS, Mobile Service",,051160,대한민국,신규상장,주권,2002-05-28,,교보증권(주),,500,"4,900","4,694,004","4,760,000",,,0.0,,, , ,,0% ,,,,,,,,,,,,,,,,,,,,,,,,
지엔코,"캐쥬얼의류(SPORT-REPLAY, Thursday Island)",,065060,대한민국,신규상장,주권,2002-05-28,,미래에셋증권 주식회사,,500,"6,600","17,160,000","8,600,000",,,0.0,,, , ,,0% ,,,,,,,,,,,,,,,,,,,,,,,,
삼성광전,반도체,,046430,대한민국,신규상장,주권,2002-05-23,,삼성증권(주),,500,"5,300","8,215,000","5,150,000",,,0.0,,, , ,,0% ,,,,,,,,,,,,,,,,,,,,,,,,
뉴테크맨,전자제품 스위치,,049180,대한민국,신규상장,주권,2002-05-23,,삼성증권(주),,500,"1,500","3,240,000","7,200,000",,,0.0,,, , ,,0% ,,,,,,,,,,,,,,,,,,,,,,,,
케이에이치바텍,"휴대폰부품(SHIELD, BRACKET)",,060720,대한민국,신규상장,주권,2002-05-21,,교보증권(주),,500,"24,000","28,800,000","4,000,000",,,0.0,,, , ,,0% ,,,,,,,,,,,,,,,,,,,,,,,,
미래에셋오리엔탈주식혼합형펀드,,,067700,대한민국,신규상장,투자회사,2002-05-20,,미래에셋증권(주),,0,-,-,"5,080,000",,,0.0,,, , ,, ,,,,,,,,,,,,,,,,,,,,,,,,
시큐리티코리아,경비용역,,066330,대한민국,재상장,주권,2002-05-17,,유진투자증권(주),,500,0,0,"10,000,000",,,0.0,,, , ,, ,,,,,,,,,,,,,,,,,,,,,,,,
유펄스,유무선 통신용 소프트웨어,,050760,대한민국,신규상장,주권,2002-05-16,,엔에이치투자증권(주)(농협),,500,"3,300","5,594,632","5,630,000",,,0.0,,, , ,,0% ,,,,,,,,,,,,,,,,,,,,,,,,
알에프텍,"핸드폰 충전기, 핸즈프리",,061040,대한민국,신규상장,주권,2002-05-16,,엔에이치투자증권(주),,500,"4,800","7,680,000","7,700,000",,,0.0,,, , ,,0% ,,,,,,,,,,,,,,,,,,,,,,,,
이랜텍,Battery Pack,,054210,대한민국,신규상장,주권,2002-05-09,,삼성증권(주),,500,"5,600","17,920,000","10,600,000",,,0.0,,, , ,,0% ,,,,,,,,,,,,,,,,,,,,,,,,
영진닷컴,IT관련 서적 출판,,053890,대한민국,신규상장,주권,2002-05-07,,신한투자증권 주식회사,,500,"4,800","16,320,000","10,000,000",,,0.0,,, , ,,0% ,,,,,,,,,,,,,,,,,,,,,,,,
케이디엔스마텍,IC카드,,054020,대한민국,신규상장,주권,2002-05-07,,교보증권(주),,500,"3,500","9,450,000","13,160,000",,,0.0,,, , ,,0% ,,,,,,,,,,,,,,,,,,,,,,,,
에어로텔레콤,CDMA 중계기,,058550,대한민국,신규상장,주권,2002-05-07,,하나증권주식회사,,500,"5,500","6,237,000","3,778,000",,,0.0,,, , ,,0% ,,,,,,,,,,,,,,,,,,,,,,,,
데이타게이트인터내셔널,"침입탐지시스템, 보안취약점분석, 헬프데스크",,060410,대한민국,신규상장,주권,2002-05-07,,하나증권주식회사,,500,"2,500","4,300,000","5,720,000",,,0.0,,, , ,,0% ,,,,,,,,,,,,,,,,,,,,,,,,
마이다스차익거래삼호혼합형펀드,,,067410,대한민국,신규상장,투자회사,2002-05-06,,교보증권(주),,0,-,-,"11,084,400",,,0.0,,, , ,, ,,,,,,,,,,,,,,,,,,,,,,,,
경조산업,"텐트, 원 ·부자재",,050120,대한민국,신규상장,주권,2002-04-25,,유진투자증권(주),,500,"2,050","2,539,950","4,129,000",,,0.0,,, , ,,0% ,,,,,,,,,,,,,,,,,,,,,,,,
케이피티,"Vacuum Treatment, Plasma Surface Treatment",,054410,대한민국,신규상장,주권,2002-04-25,,엔에이치투자증권(주)(농협),,500,"2,800","4,257,876","5,060,000",,,0.0,,, , ,,0% ,,,,,,,,,,,,,,,,,,,,,,,,
어울림정보기술,"SecureWorks Firewall, VPN",,038320,대한민국,신규상장,주권,2002-04-23,,미래에셋증권(주),,500,"7,000","7,700,000","5,100,000",,,0.0,,, , ,,0% ,,,,,,,,,,,,,,,,,,,,,,,,
한국통신데이타,GIS용 S/W,,045760,대한민국,신규상장,주권,2002-04-23,,삼성증권(주),,500,"5,500","13,200,000","10,800,000",,,0.0,,, , ,,0% ,,,,,,,,,,,,,,,,,,,,,,,,
씨엠에스,생활쿠폰 판촉 서비스,,050470,대한민국,신규상장,주권,2002-04-23,,미래에셋증권(주),,500,"2,500","4,150,000","8,300,000",,,0.0,,, , ,,0% ,,,,,,,,,,,,,,,,,,,,,,,,
삼에스코리아,"칼로리메타, 가습기",,060310,대한민국,신규상장,주권,2002-04-23,,신영증권(주),,500,"3,800","3,002,000","2,400,000",,,0.0,,, , ,,0% ,,,,,,,,,,,,,,,,,,,,,,,,
LG카드,,,032710,대한민국,신규상장,주권,2002-04-22,,미래에셋증권주식회사,재 보험업,"5,000","58,000","464,000,000","74,000,000",,,0.0,,, , ,,0% ,,,,,,,,,,,,,,,,,,,,,,,,
LG전자,,,066570,대한민국,재상장,주권,2002-04-22,,,통신 및 방송 장비 제조업,"5,000",0,0,"156,792,255",,,0.0,,, , ,, ,,,,,,,,,,,,,,,,,,,,,,,,
화일약품,의약품원료,,061250,대한민국,신규상장,주권,2002-04-18,,엔에이치투자증권(주)(농협),,500,"14,900","10,728,000","2,400,000",,,0.0,,, , ,,0% ,,,,,,,,,,,,,,,,,,,,,,,,
제이콤,"생활무전기, GPS 관련제품",,060750,대한민국,신규상장,주권,2002-04-11,,키움증권(주),,500,"3,000","7,080,000","9,400,000",,,0.0,,, , ,,0% ,,,,,,,,,,,,,,,,,,,,,,,,
한진피앤씨,"통기성필름, 판지상자인쇄",,061460,대한민국,신규상장,주권,2002-04-11,,굿모닝2,,500,"3,100","15,786,440","16,800,000",,,0.0,,, , ,,0% ,,,,,,,,,,,,,,,,,,,,,,,,
한국콜마,,,024720,대한민국,이전상장,주권,2002-04-09,,메리츠증권 주식회사,기타 화학제품 제조업,500,"3,300","6,600,000","14,000,000",,,0.0,,, , ,,0% ,,,,,,,,,,,,,,,,,,,,,,,,
엔에이씨정보시스템,CATIA Solution,,053980,대한민국,신규상장,주권,2002-04-09,,미래에셋증권 주식회사,,500,"3,900","6,240,000","5,200,000",,,0.0,,, , ,,0% ,,,,,,,,,,,,,,,,,,,,,,,,
농우바이오,"고추, 수박, 참외(메론), 오이, 호박, 무, 배추 등",,054050,대한민국,신규상장,주권,2002-04-02,,신한투자증권 주식회사,,500,"6,800","29,240,000","14,300,000",,,0.0,,, , ,,0% ,,,,,,,,,,,,,,,,,,,,,,,,
미래에셋프리미어전환혼합형이호펀드,,,066030,대한민국,신규상장,투자회사,2002-03-18,,미래에셋증권(주),,0,-,-,"4,080,000",,,0.0,,, , ,, ,,,,,,,,,,,,,,,,,,,,,,,,
한국물류정보통신,EC/EDI,,039420,대한민국,신규상장,주권,2002-03-12,,한화투자증권(주),,"5,000","10,000","7,250,000","2,415,473",,,0.0,,, , ,,0% ,,,,,,,,,,,,,,,,,,,,,,,,
대우정밀,,,064960,대한민국,재상장,주권,2002-03-11,,,자동차 신품 부품 제조업,"5,000",0,0,"1,375,693",,,0.0,,, , ,, ,,,,,,,,,,,,,,,,,,,,,,,,
에스티아이,"Chemical 중앙공급시스템(C.C.S.S), 세정·식각시스템",,039440,대한민국,신규상장,주권,2002-02-28,,KB증권(주),,"5,000","17,500","3,675,000","660,000",,,0.0,,, , ,,0% ,,,,,,,,,,,,,,,,,,,,,,,,
잉크테크,"잉크젯 프린터용 잉크카트리지, 재충전 잉크",,049550,대한민국,신규상장,주권,2002-02-28,,한국증권,,500,"4,600","9,660,000","8,332,983",,,0.0,,, , ,,0% ,,,,,,,,,,,,,,,,,,,,,,,,
우수씨엔에스,니트웨어,,060550,대한민국,신규상장,주권,2002-02-28,,한화투자증권(주),,"5,000","15,500","2,342,050","480,000",,,0.0,,, , ,,0% ,,,,,,,,,,,,,,,,,,,,,,,,
대한뉴팜,"동물약품, 인체약품, 유아용품",,054670,대한민국,신규상장,주권,2002-02-26,,메리츠종합금융증권(주),,500,"3,800","8,360,000","7,200,000",,,0.0,,, , ,,0% ,,,,,,,,,,,,,,,,,,,,,,,,
인탑스,휴대전화기용부품,,049070,대한민국,신규상장,주권,2002-02-21,,삼성증권(주),,500,"7,600","19,760,000","8,600,000",,,0.0,,, , ,,0% ,,,,,,,,,,,,,,,,,,,,,,,,
씨티씨바이오,"동물용항병원성제품, 생균효소제",,060590,대한민국,신규상장,주권,2002-02-21,,미래에셋증권(주),,500,"5,300","4,603,050","2,892,000",,,0.0,,, , ,,0% ,,,,,,,,,,,,,,,,,,,,,,,,
한도하이테크,"모바일솔루션, ERP용미들웨어솔루션",,060660,대한민국,신규상장,주권,2002-02-21,,미래에셋증권(주),,500,"4,600","7,912,000","5,720,000",,,0.0,,, , ,,0% ,,,,,,,,,,,,,,,,,,,,,,,,
아이씨엠,"금융 ·병원 SI, PACS",,038710,대한민국,신규상장,주권,2002-02-19,,한화투자증권(주),,500,"5,000","5,000,000","5,000,000",,,0.0,,, , ,,0% ,,,,,,,,,,,,,,,,,,,,,,,,
에이.에스.이,"RF-Generator, RF-Matching Network",,058370,대한민국,신규상장,주권,2002-02-19,,엔에이치투자증권(주),,500,"5,100","5,610,000","3,665,000",,,0.0,,, , ,,0% ,,,,,,,,,,,,,,,,,,,,,,,,
피씨디렉트,"스토리지(HDD), 프로세서(CPU), Memory, Monitor등",,051380,대한민국,신규상장,주권,2002-02-15,,한국증권,,500,"4,000","3,432,000","3,858,000",,,0.0,,, , ,,0% ,,,,,,,,,,,,,,,,,,,,,,,,
현진소재,선박용 엔진부품,,053660,대한민국,신규상장,주권,2002-02-15,,굿모닝2,,500,"3,200","7,040,000","7,200,000",,,0.0,,, , ,,0% ,,,,,,,,,,,,,,,,,,,,,,,,
한국해저통신,해저케이블등의 건설 및 유지보수 업무,,060370,대한민국,신규상장,주권,2002-02-15,,삼성증권(주),,"5,000","14,500","19,174,800","4,380,000",,,0.0,,, , ,,0% ,,,,,,,,,,,,,,,,,,,,,,,,
한국기업평가,"신용평가, 컨설팅, 위험관리솔루션",,034950,대한민국,신규상장,주권,2002-02-07,,미래에셋증권(주),,"5,000","14,000","19,880,000","4,717,880",,,0.0,,, , ,,0% ,,,,,,,,,,,,,,,,,,,,,,,,
광주신세계,,,037710,대한민국,신규상장,주권,2002-02-07,,엔에이치투자증권(주),종합 소매업,"5,000","33,000","16,500,000","1,600,000",,,0.0,,, , ,,0% ,,,,,,,,,,,,,,,,,,,,,,,,
코스맥스,화장품,,044820,대한민국,신규상장,주권,2002-02-07,,한화투자증권(주),,"5,000","25,000","3,500,000","620,000",,,0.0,,, , ,,0% ,,,,,,,,,,,,,,,,,,,,,,,,
우전시스텍,케이블모뎀,,045880,대한민국,신규상장,주권,2002-02-07,,하나증권주식회사,,500,"2,300","6,279,000","9,800,000",,,0.0,,, , ,,0% ,,,,,,,,,,,,,,,,,,,,,,,,
구영테크,엔진 브라켓(Engine Bracket) 등,,053270,대한민국,신규상장,주권,2002-02-07,,메리츠종합금융증권(주),,500,"2,250","4,050,000","5,800,000",,,0.0,,, , ,,0% ,,,,,,,,,,,,,,,,,,,,,,,,
태영텔스타,"DVD플레이어, Set-Top Box",,060840,대한민국,신규상장,주권,2002-02-07,,한국증권,,500,"4,800","14,400,000","15,000,000",,,0.0,,, , ,,0% ,,,,,,,,,,,,,,,,,,,,,,,,
아이빌소프트,"이러닝(e-Learning)솔루션, 컨텐트 개발 및 판매",,037830,대한민국,신규상장,주권,2002-02-05,,KB증권(주),,500,"3,100","4,960,000","8,000,000",,,0.0,,, , ,,0% ,,,,,,,,,,,,,,,,,,,,,,,,
백금정보통신,레이더/레이져디텍터,,046310,대한민국,신규상장,주권,2002-02-05,,엔에이치투자증권(주),,"1,000","16,500","15,675,000","3,470,000",,,0.0,,, , ,,0% ,,,,,,,,,,,,,,,,,,,,,,,,
씨제이엔터테인먼트,"영화배급, 비디오판매",,049370,대한민국,신규상장,주권,2002-02-05,,신한투자증권 주식회사,,"1,000","12,000","44,524,800","12,367,960",,,0.0,,, , ,,0% ,,,,,,,,,,,,,,,,,,,,,,,,
한송하이테크,"PCB생산 장비 제조(로더, 언로더, 레이업시스템 등)",,058530,대한민국,신규상장,주권,2002-02-05,,한화투자증권(주),,500,"3,300","4,686,000","5,800,000",,,0.0,,, , ,,0% ,,,,,,,,,,,,,,,,,,,,,,,,
뉴보텍,"고강성 PVC DC, HDPE 등",,060260,대한민국,신규상장,주권,2002-02-05,,키움증권(주),,500,"3,000","3,564,000","3,960,000",,,0.0,,, , ,,0% ,,,,,,,,,,,,,,,,,,,,,,,,
동양에스텍,"열연박판, 열연후판, 무늬강판",,060380,대한민국,신규상장,주권,2002-02-05,,SK증권(주),,500,"2,500","5,375,000","7,150,000",,,0.0,,, , ,,0% ,,,,,,,,,,,,,,,,,,,,,,,,
아이엠알아이,컴퓨터 모니터,,039000,대한민국,신규상장,주권,2002-01-31,,한화투자증권(주),,"1,000","2,850","4,674,570","6,300,000",,,0.0,,, , ,,0% ,,,,,,,,,,,,,,,,,,,,,,,,
고려신용정보,"채권추심, 신용조사",,049720,대한민국,신규상장,주권,2002-01-31,,유진투자증권(주),,"5,000","6,000","2,580,000","1,430,000",,,0.0,,, , ,,0% ,,,,,,,,,,,,,,,,,,,,,,,,
메디오피아테크날리지,가상교육솔루션(EDUTRACK),,056200,대한민국,신규상장,주권,2002-01-29,,엔에이치투자증권(주),,500,"2,600","5,720,000","7,000,000",,,0.0,,, , ,,0% ,,,,,,,,,,,,,,,,,,,,,,,,
글로벌파워채권액티브혼합형펀드,,,064910,대한민국,신규상장,투자회사,2002-01-28,,유진투자증권(주),,0,-,-,"6,080,000",,,0.0,,, , ,, ,,,,,,,,,,,,,,,,,,,,,,,,
제일바이오,동물사료첨가제,,052670,대한민국,신규상장,주권,2002-01-24,,메릴린치인터내셔날엘엘씨증권 서울지점,,"5,000","15,200","3,648,000","800,000",,,0.0,,, , ,,0% ,,,,,,,,,,,,,,,,,,,,,,,,
하우리,안티바이러스,,049130,대한민국,신규상장,주권,2002-01-22,,KB증권(주),,500,"2,800","10,164,000","15,080,000",,,0.0,,, , ,,0% ,,,,,,,,,,,,,,,,,,,,,,,,
아가방,유아용 의류 및 용품,,013990,대한민국,신규상장,주권,2002-01-17,,한화투자증권(주),,"5,000","20,500","17,220,000","2,800,000",,,0.0,,, , ,,0% ,,,,,,,,,,,,,,,,,,,,,,,,
제일컴테크,"바코드리더기, 바코드프린터, 우정자동화기기 등",,037550,대한민국,신규상장,주권,2002-01-17,,하나IB증권주식회사,,500,"3,500","5,700,100","5,428,600",,,0.0,,, , ,,0% ,,,,,,,,,,,,,,,,,,,,,,,,
서울반도체,"Display, Chip LED, Lamp",,046890,대한민국,신규상장,주권,2002-01-17,,메릴린치인터내셔날엘엘씨증권 서울지점,,500,"3,500","12,000,100","11,428,600",,,0.0,,, , ,,0% ,,,,,,,,,,,,,,,,,,,,,,,,
일야하이텍,"컴퓨터, 복사기 등의 부품",,058450,대한민국,신규상장,주권,2002-01-17,,교보증권(주),,500,"1,550","2,929,500","6,300,000",,,0.0,,, , ,,0% ,,,,,,,,,,,,,,,,,,,,,,,,
야호커뮤니케이션,휴대폰 벨소리 다운로드,,059720,대한민국,신규상장,주권,2002-01-17,,푸르덴셜,,500,"6,800","12,110,800","5,900,000",,,0.0,,, , ,,0% ,,,,,,,,,,,,,,,,,,,,,,,,
프럼파스트,주택건설용 플라스틱 배관,,035200,대한민국,신규상장,주권,2002-01-15,,하나IB증권주식회사,,500,"2,300","3,876,880","5,600,000",,,0.0,,, , ,,0% ,,,,,,,,,,,,,,,,,,,,,,,,
인젠,침입탐지시스템,,041630,대한민국,신규상장,주권,2002-01-15,,신한투자증권 주식회사,,500,0,0,"8,700,000",,,0.0,,, , ,, ,,,,,,,,,,,,,,,,,,,,,,,,
아남정보기술,"중대형 서버, 시스템 S/W",,050320,대한민국,신규상장,주권,2002-01-15,,교보증권(주),,500,"2,100","3,601,500","5,715,000",,,0.0,,, , ,,0% ,,,,,,,,,,,,,,,,,,,,,,,,
한국트로닉스,LCD Module용 부품,,054040,대한민국,신규상장,주권,2002-01-15,,신한투자증권 주식회사,,"5,000","34,000","10,064,000","1,152,000",,,0.0,,, , ,,0% ,,,,,,,,,,,,,,,,,,,,,,,,
유신코퍼레이션,토목설계 및 감리,,054930,대한민국,신규상장,주권,2002-01-15,,미래에셋증권 주식회사,,"5,000","21,000","10,500,000","1,900,000",,,0.0,,, , ,,0% ,,,,,,,,,,,,,,,,,,,,,,,,
우진코리아,리모콘,,056060,대한민국,신규상장,주권,2002-01-15,,신영증권(주),,500,"5,300","9,540,000","5,800,000",,,0.0,,, , ,,0% ,,,,,,,,,,,,,,,,,,,,,,,,
위다스,이동통신중계기,,056810,대한민국,신규상장,주권,2002-01-15,,한국증권,,500,"2,100","6,972,000","14,200,000",,,0.0,,, , ,,0% ,,,,,,,,,,,,,,,,,,,,,,,,
해원에스티,"냉연, 열연제품",,058480,대한민국,신규상장,주권,2002-01-15,,유진투자증권(주),,500,"1,300","5,408,000","13,860,000",,,0.0,,, , ,,0% ,,,,,,,,,,,,,,,,,,,,,,,,
코미코,반도체 및 디스플레이 제조부품 정밀세정,,059090,대한민국,신규상장,주권,2002-01-15,,키움증권(주),,500,"6,500","13,130,000","7,885,000",,,0.0,,, , ,,0% ,,,,,,,,,,,,,,,,,,,,,,,,
트래픽아이티에스,"원형루프검지기, 도로봉합제",,038050,대한민국,신규상장,주권,2002-01-10,,유안타증권(주),,500,"3,000","3,660,000","4,062,680",,,0.0,,, , ,,0% ,,,,,,,,,,,,,,,,,,,,,,,,
그루정보통신,"시스템통합, 지능형교통시스템",,040350,대한민국,신규상장,주권,2002-01-10,,한국증권,,500,"2,100","4,133,640","6,560,000",,,0.0,,, , ,,0% ,,,,,,,,,,,,,,,,,,,,,,,,
링네트,네트워크 구축(Network Integration),,042500,대한민국,신규상장,주권,2002-01-10,,신영증권(주),,500,"2,700","3,744,819","6,200,000",,,0.0,,, , ,,0% ,,,,,,,,,,,,,,,,,,,,,,,,
이레전자산업,"TFT-LCD 모니터, 휴대폰용 충전기, 휴대폰, PDP TV",,045310,대한민국,신규상장,주권,2002-01-10,,한국증권,,500,"1,700","2,669,000","7,850,000",,,0.0,,, , ,,0% ,,,,,,,,,,,,,,,,,,,,,,,,
한빛소프트,"게임(스타크래프트 등), 교육, 솔루션",,047080,대한민국,신규상장,주권,2002-01-10,,굿모닝2,,500,"20,500","50,334,942","8,184,543",,,0.0,,, , ,,0% ,,,,,,,,,,,,,,,,,,,,,,,,
대동스틸,"열연박판, 후판, 무늬강판 외",,048470,대한민국,신규상장,주권,2002-01-10,,한국증권,,500,"1,500","4,500,000","10,000,000",,,0.0,,, , ,,0% ,,,,,,,,,,,,,,,,,,,,,,,,
두리정보통신,사이버 트레이딩 시스템 개발,,053170,대한민국,신규상장,주권,2002-01-10,,미래에셋증권 주식회사,,500,"6,000","5,400,000","3,000,000",,,0.0,,, , ,,0% ,,,,,,,,,,,,,,,,,,,,,,,,
헤스본,자동차 정비용 리프트,,054300,대한민국,신규상장,주권,2002-01-10,,한화투자증권(주),,500,"3,900","6,864,000","5,600,000",,,0.0,,, , ,,0% ,,,,,,,,,,,,,,,,,,,,,,,,
피앤텔,이동전화단말기 케이스,,054340,대한민국,신규상장,주권,2002-01-10,,KB증권(주),,500,"4,000","13,440,000","16,800,000",,,0.0,,, , ,,0% ,,,,,,,,,,,,,,,,,,,,,,,,
신화정보시스템,"반도체 칩, 전자부품",,054650,대한민국,신규상장,주권,2002-01-10,,삼성증권(주),,500,"4,000","3,440,000","2,860,000",,,0.0,,, , ,,0% ,,,,,,,,,,,,,,,,,,,,,,,,
포시에스,"ESM솔루션, 웹 리포팅 솔루션",,056710,대한민국,신규상장,주권,2002-01-10,,삼성증권(주),,500,"7,250","7,286,250","3,300,000",,,0.0,,, , ,,0% ,,,,,,,,,,,,,,,,,,,,,,,,
아이티센네트웍스,"시스템통합, 유지보수",,057110,대한민국,신규상장,주권,2002-01-10,,한화투자증권(주),,500,"3,600","7,128,000","6,600,000",,,0.0,,, , ,,0% ,,,,,,,,,,,,,,,,,,,,,,,,
한틀시스템,"수표입출금기, 지폐방출기",,058420,대한민국,신규상장,주권,2002-01-10,,한국증권,,500,"2,500","3,900,000","7,760,000",,,0.0,,, , ,,0% ,,,,,,,,,,,,,,,,,,,,,,,,
뉴소프트기술,"B2BERP, UniLite",,060300,대한민국,신규상장,주권,2002-01-10,,한국증권,,500,"4,600","6,095,000","5,365,000",,,0.0,,, , ,,0% ,,,,,,,,,,,,,,,,,,,,,,,,
일진몬드,,,020760,대한민국,신규상장,주권,2002-01-09,,"한국투자증권(주),미래에셋증권 주식회사",반도체 제조업,"5,000","41,000","77,625,300","6,310,000",,,0.0,,, , ,,0% ,,,,,,,,,,,,,,,,,,,,,,,,
브레인컨설팅,"의료경영정보시스템, 농산물전자경매시스템",,049690,대한민국,신규상장,주권,2002-01-08,,한국증권,,500,"2,450","3,185,098","4,300,000",,,0.0,,, , ,,0% ,,,,,,,,,,,,,,,,,,,,,,,,
시스네트,전자결제서비스업,,060250,대한민국,신규상장,주권,2002-01-08,,,,500,"2,500","3,600,000","6,000,000",,,0.0,,, , ,,0% ,,,,,,,,,,,,,,,,,,,,,,,,
금강철강,"냉연압연강판, 산세코일",,053260,대한민국,신규상장,주권,2002-01-04,,한국증권,,500,"1,550","9,176,000","19,720,000",,,0.0,,, , ,,0% ,,,,,,,,,,,,,,,,,,,,,,,,
세고엔터테인먼트,"게임소프트웨어, 3D Engine(Lepton GL)",,053320,대한민국,신규상장,주권,2002-01-04,,키움증권(주),,500,"4,200","4,620,000","3,500,000",,,0.0,,, , ,,0% ,,,,,,,,,,,,,,,,,,,,,,,,
텔로드,"무선씨큐리티단말기(CDC), 영상/IBS시스템",,056730,대한민국,신규상장,주권,2002-01-04,,메릴린치인터내셔날엘엘씨증권 서울지점,,500,"1,800","2,683,634","7,000,000",,,0.0,,, , ,,0% ,,,,,,,,,,,,,,,,,,,,,,,,
디지탈온넷,"CTI 콜센타, VoiceGood, WIN-CARD",,060240,대한민국,신규상장,주권,2002-01-04,,엔에이치투자증권(주),,500,"4,500","9,450,000","8,500,000",,,0.0,,, , ,,0% ,,,,,,,,,,,,,,,,,,,,,,,,
한빛전자통신,"이동통신 기지국시스템, 무선랜",,044570,대한민국,신규상장,주권,2001-12-28,,케이비투자증권(주),,500,"2,300","5,221,000","11,315,660",,,0.0,,, , ,,0% ,,,,,,,,,,,,,,,,,,,,,,,,
오리엔탈정공,"Deck House, Funnel & E/R Casing",,014940,대한민국,신규상장,주권,2001-12-26,,엔에이치투자증권(주),,"5,000","18,000","9,360,000","1,720,000",,,0.0,,, , ,,0% ,,,,,,,,,,,,,,,,,,,,,,,,
필룩스,,,033180,대한민국,이전상장,주권,2001-12-26,,키움증권(주),전자부품 제조업,500,0,0,"16,219,786",,,0.0,,, , ,, ,,,,,,,,,,,,,,,,,,,,,,,,
동아화성,자동차용 고무부품,,041930,대한민국,신규상장,주권,2001-12-26,,미래에셋증권(주),,"5,000","21,000","5,460,000","860,000",,,0.0,,, , ,,0% ,,,,,,,,,,,,,,,,,,,,,,,,
디이시스,"누전경보기, 전력보호용 계전기",,053200,대한민국,신규상장,주권,2001-12-26,,푸르덴셜,,500,"1,500","2,100,000","4,600,000",,,0.0,,, , ,,0% ,,,,,,,,,,,,,,,,,,,,,,,,
비츠로시스,"원방감시제어시스템, 분산제어시스템",,054220,대한민국,신규상장,주권,2001-12-26,,한국증권,,500,"2,600","6,240,000","8,000,000",,,0.0,,, , ,,0% ,,,,,,,,,,,,,,,,,,,,,,,,
에스엔티,반도체용 파인세라믹제품,,057500,대한민국,신규상장,주권,2001-12-26,,미래에셋증권(주),,500,"4,700","6,862,000","4,860,000",,,0.0,,, , ,,0% ,,,,,,,,,,,,,,,,,,,,,,,,
코오롱인터내셔널,,,063510,대한민국,재상장,주권,2001-12-24,,,,"5,000",0,0,"1,818,098",,,0.0,,, , ,, ,,,,,,,,,,,,,,,,,,,,,,,,
외환신용카드,,,038400,대한민국,신규상장,주권,2001-12-21,,"한국투자증권(주),미래에셋증권주식회사",재 보험업,"5,000","20,000","100,000,000","41,774,042",,,0.0,,, , ,,0% ,,,,,,,,,,,,,,,,,,,,,,,,
크로바하이텍,"트랜스포머, 코일",,043590,대한민국,신규상장,주권,2001-12-20,,굿모닝2,,500,"1,700","3,740,000","7,000,000",,,0.0,,, , ,,0% ,,,,,,,,,,,,,,,,,,,,,,,,
동진에코텍,"환경수처리 기계(슬러지수집기, 농축탈수기, 취수설비)",,054250,대한민국,신규상장,주권,2001-12-20,,부국증권(주),,500,"4,400","6,978,400","5,286,000",,,0.0,,, , ,,0% ,,,,,,,,,,,,,,,,,,,,,,,,
리더컴,"전송장비, IP장비",,056140,대한민국,신규상장,주권,2001-12-20,,한화투자증권(주),,500,"3,300","8,580,000","8,600,000",,,0.0,,, , ,,0% ,,,,,,,,,,,,,,,,,,,,,,,,
정소프트,하드보안관 등,,056850,대한민국,신규상장,주권,2001-12-20,,삼성증권(주),,500,"11,000","33,000,000","10,000,000",,,0.0,,, , ,,0% ,,,,,,,,,,,,,,,,,,,,,,,,
시그마텔레콤,"Adaptor, Powertrans, Encoder, Reactor, S.M.P.S",,057330,대한민국,신규상장,주권,2001-12-20,,메릴린치인터내셔날엘엘씨증권 서울지점,,"1,000","2,300","2,447,200","3,546,000",,,0.0,,, , ,,0% ,,,,,,,,,,,,,,,,,,,,,,,,
성우테크론,"리드프레임가공, 반도체 장비",,045300,대한민국,신규상장,주권,2001-12-18,,엔에이치투자증권(주),,500,"1,800","3,240,000","5,800,000",,,0.0,,, , ,,0% ,,,,,,,,,,,,,,,,,,,,,,,,
에코솔루션,"토양오염 진단 및 복원, 바이오환경상품",,052510,대한민국,신규상장,주권,2001-12-18,,한국증권,,500,"1,900","3,078,000","8,040,000",,,0.0,,, , ,,0% ,,,,,,,,,,,,,,,,,,,,,,,,
자티전자,핸즈프리,,052650,대한민국,신규상장,주권,2001-12-18,,대신증권(주),,500,"2,100","6,976,200","12,472,000",,,0.0,,, , ,,0% ,,,,,,,,,,,,,,,,,,,,,,,,
동서정보기술,빌링시스템,,055000,대한민국,신규상장,주권,2001-12-18,,엔에이치투자증권(주),,500,"3,400","4,080,000","5,400,000",,,0.0,,, , ,,0% ,,,,,,,,,,,,,,,,,,,,,,,,
에스에프에이,공장자동화기기 및 시스템,,056190,대한민국,신규상장,주권,2001-12-18,,한국증권,,500,"6,900","18,864,600","9,110,000",,,0.0,,, , ,,0% ,,,,,,,,,,,,,,,,,,,,,,,,
리노공업,"리노핀, 반도체 소켓 등",,058470,대한민국,신규상장,주권,2001-12-18,,한국증권,,500,"6,900","9,177,000","6,630,000",,,0.0,,, , ,,0% ,,,,,,,,,,,,,,,,,,,,,,,,
미래에셋프리미어혼합형펀드,,,063680,대한민국,신규상장,투자회사,2001-12-14,,미래에셋증권(주),,0,-,-,"4,080,000",,,0.0,,, , ,, ,,,,,,,,,,,,,,,,,,,,,,,,
코디콤,디지털보안감시장비(DVR),,041800,대한민국,신규상장,주권,2001-12-13,,유화증권(주),,500,0,0,"7,123,363",,,0.0,,, , ,, ,,,,,,,,,,,,,,,,,,,,,,,,
평화정공,"자동차용 도어랫치, 도어힌지",,043370,대한민국,신규상장,주권,2001-12-13,,한화투자증권(주),,500,"4,200","13,104,000","10,400,000",,,0.0,,, , ,,0% ,,,,,,,,,,,,,,,,,,,,,,,,
유진데이타,XML 관련 제품 및 솔루션,,052810,대한민국,신규상장,주권,2001-12-13,,KB증권(주),,500,"7,300","13,505,000","6,150,000",,,0.0,,, , ,,0% ,,,,,,,,,,,,,,,,,,,,,,,,
지티앤티,"중계기, 통신공사",,053870,대한민국,신규상장,주권,2001-12-13,,엔에이치투자증권(주),,500,"2,600","3,380,000","4,300,000",,,0.0,,, , ,,0% ,,,,,,,,,,,,,,,,,,,,,,,,
이림테크,고주파고압변성기(FBT : Flyback Transformer),,054940,대한민국,신규상장,주권,2001-12-13,,엔에이치투자증권(주),,500,"2,800","3,612,000","4,290,000",,,0.0,,, , ,,0% ,,,,,,,,,,,,,,,,,,,,,,,,
신화인터텍,산업용 특수 접착테이프,,056700,대한민국,신규상장,주권,2001-12-13,,한양증권(주),,500,"2,400","5,160,000","7,150,000",,,0.0,,, , ,,0% ,,,,,,,,,,,,,,,,,,,,,,,,
종근당바이오,,,063160,대한민국,재상장,주권,2001-12-11,,,의약품 제조업,"2,500",0,0,"3,315,753",,,0.0,,, , ,, ,,,,,,,,,,,,,,,,,,,,,,,,
제이엠피,"플라스틱금형, 플라스틱성형, 캐릭터용기",,054790,대한민국,신규상장,주권,2001-12-06,,유안타증권(주),,"5,000","24,000","5,184,000","720,000",,,0.0,,, , ,,0% ,,,,,,,,,,,,,,,,,,,,,,,,
키이엔지니어링,축열식 소각로,,055250,대한민국,신규상장,주권,2001-12-06,,유안타증권(주),,500,"2,700","2,322,000","2,860,000",,,0.0,,, , ,,0% ,,,,,,,,,,,,,,,,,,,,,,,,
중앙디자인,실내인테리어디자인,,030030,대한민국,신규상장,주권,2001-12-04,,KB증권(주),,500,"1,900","4,256,000","7,400,000",,,0.0,,, , ,,0% ,,,,,,,,,,,,,,,,,,,,,,,,
앤콤정보시스템,인터넷 트래픽 솔루션,,054620,대한민국,신규상장,주권,2001-12-04,,한화투자증권(주),,500,"5,400","4,005,720","2,460,000",,,0.0,,, , ,,0% ,,,,,,,,,,,,,,,,,,,,,,,,
코위버,"가입가계 가입자계 광단국장치,SONs-51,OMS-155M,OCSU,E2 가입자 전송장비,SDS-2500 등",,056360,대한민국,신규상장,주권,2001-12-04,,푸르덴셜,,500,"4,300","3,317,020","3,400,000",,,0.0,,, , ,,0% ,,,,,,,,,,,,,,,,,,,,,,,,
성호전자,필름 콘덴서,,043260,대한민국,신규상장,주권,2001-11-29,,푸르덴셜,,500,900,"3,870,000","14,300,000",,,0.0,,, , ,,0% ,,,,,,,,,,,,,,,,,,,,,,,,
디지털텍,"전자축전지, 고속도로 휴게소, 전자칠판",,038340,대한민국,신규상장,주권,2001-11-22,,유안타증권(주),,500,"2,300","5,915,600","8,572,000",,,0.0,,, , ,,0% ,,,,,,,,,,,,,,,,,,,,,,,,
이코인,"전자화폐(선불카드), 결제솔루션",,048130,대한민국,신규상장,주권,2001-11-22,,한양증권(주),,500,"3,500","5,950,000","6,600,000",,,0.0,,, , ,,0% ,,,,,,,,,,,,,,,,,,,,,,,,
원일정기,"와이어컷방전가공기, 금형",,054440,대한민국,신규상장,주권,2001-11-22,,유안타증권(주),,"1,000","4,700","4,418,000","3,109,000",,,0.0,,, , ,,0% ,,,,,,,,,,,,,,,,,,,,,,,,
레이젠,"백라이트유닛, 금형, 사출성형물",,047440,대한민국,신규상장,주권,2001-11-20,,KB증권(주),,500,"2,700","7,870,500","9,700,000",,,0.0,,, , ,,0% ,,,,,,,,,,,,,,,,,,,,,,,,
신영텔레콤,광모듈,,054370,대한민국,신규상장,주권,2001-11-20,,미래에셋증권(주),,500,"1,900","3,881,700","9,000,000",,,0.0,,, , ,,0% ,,,,,,,,,,,,,,,,,,,,,,,,
상신브레이크공업,"브레이크 패드, 브레이크 슈 어셈블리",,041650,대한민국,신규상장,주권,2001-11-15,,유안타증권(주),,"5,000","17,000","7,310,000","1,430,000",,,0.0,,, , ,,0% ,,,,,,,,,,,,,,,,,,,,,,,,
영우통신,"이동통신중계시스템, 데이터네트웍장비, 광전송 장비",,051390,대한민국,신규상장,주권,2001-11-15,,교보증권(주),,500,"4,500","9,135,000","10,130,000",,,0.0,,, , ,,0% ,,,,,,,,,,,,,,,,,,,,,,,,
이니텍,정보보안 및 인증솔루션,,053350,대한민국,신규상장,주권,2001-11-15,,미래에셋증권 주식회사,,500,"4,100","16,170,933","13,147,100",,,0.0,,, , ,,0% ,,,,,,,,,,,,,,,,,,,,,,,,
삼영엠텍,"구조용 특수장치, 교량부품",,054540,대한민국,신규상장,주권,2001-11-15,,메리츠종합금융증권(주),,"5,000","10,600","3,911,400","1,100,000",,,0.0,,, , ,,0% ,,,,,,,,,,,,,,,,,,,,,,,,
어플라이드엔지니어링,Image Processing System,,053960,대한민국,신규상장,주권,2001-11-13,,신영증권(주),,500,"2,700","1,350,000","1,500,000",,,0.0,,, , ,,0% ,,,,,,,,,,,,,,,,,,,,,,,,
에이디칩스,비메모리 반도체칩,,054630,대한민국,신규상장,주권,2001-11-13,,신영증권(주),,500,"2,400","3,768,000","5,200,000",,,0.0,,, , ,,0% ,,,,,,,,,,,,,,,,,,,,,,,,
지나월드,"봉제완구, 프라스틱완구",,056080,대한민국,신규상장,주권,2001-11-13,,현대차증권주식회사,,500,"3,800","5,700,000","5,000,000",,,0.0,,, , ,,0% ,,,,,,,,,,,,,,,,,,,,,,,,
국민은행,,,060000,대한민국,재상장 합병,주권,2001-11-09,,,은행 및 저축기관,"5,000",0,0,"299,697,462",,,0.0,,, , ,, ,,,,,,,,,,,,,,,,,,,,,,,,
한빛네트,에듀세움(e-Learning솔루션 사업),,036720,대한민국,신규상장,주권,2001-11-08,,유안타증권(주),,500,"1,400","2,100,000","5,702,730",,,0.0,,, , ,,0% ,,,,,,,,,,,,,,,,,,,,,,,,
태웅,자유형단조품,,044490,대한민국,신규상장,주권,2001-11-08,,한양증권(주),,"5,000","18,000","8,496,000","1,572,000",,,0.0,,, , ,,0% ,,,,,,,,,,,,,,,,,,,,,,,,
하이홈,"홈빌더웹솔루션, 하이홈포털서비스",,045260,대한민국,신규상장,주권,2001-11-08,,엔에이치투자증권(주),,500,"1,600","3,940,800","9,450,600",,,0.0,,, , ,,0% ,,,,,,,,,,,,,,,,,,,,,,,,
가드텍,"컴퓨터유통 및 도매, 출입통제 및 인증관리 시스템",,054150,대한민국,신규상장,주권,2001-11-08,,현대차증권주식회사,,"5,000","13,000","3,993,678","1,020,000",,,0.0,,, , ,,0% ,,,,,,,,,,,,,,,,,,,,,,,,
아이디씨텍,증명서 자동발급기,,053700,대한민국,신규상장,주권,2001-11-06,,미래에셋증권 주식회사,,500,"3,200","4,448,000","4,630,000",,,0.0,,, , ,,0% ,,,,,,,,,,,,,,,,,,,,,,,,
테코스,PCB 드릴가공,,053950,대한민국,신규상장,주권,2001-11-06,,유안타증권(주),,500,"1,800","1,982,124","5,500,000",,,0.0,,, , ,,0% ,,,,,,,,,,,,,,,,,,,,,,,,
포스렉,"염기성내화물, 협력작업수입",,003670,대한민국,신규상장,주권,2001-11-01,,미래에셋증권 주식회사,,"5,000","6,200","10,987,020","5,907,000",,,0.0,,, , ,,0% ,,,,,,,,,,,,,,,,,,,,,,,,
제일엔테크,"정수, 하수 및 폐수처리시설 장비",,053330,대한민국,신규상장,주권,2001-11-01,,부국증권(주),,"1,000","7,500","4,500,000","1,950,000",,,0.0,,, , ,,0% ,,,,,,,,,,,,,,,,,,,,,,,,
소프트포럼,전자상거래 보안 솔루션,,054920,대한민국,신규상장,주권,2001-11-01,,교보증권(주),,500,"7,300","14,740,744","8,020,000",,,0.0,,, , ,,0% ,,,,,,,,,,,,,,,,,,,,,,,,
한국미생물연구소,동물약품,,041960,대한민국,신규상장,주권,2001-10-30,,미래에셋증권 주식회사,,500,"4,100","7,626,000","7,860,000",,,0.0,,, , ,,0% ,,,,,,,,,,,,,,,,,,,,,,,,
프리엠스,"건설기계용 전장, 네트워크 상품",,053160,대한민국,신규상장,주권,2001-10-30,,KB증권(주),,500,"3,400","6,120,000","6,000,000",,,0.0,,, , ,,0% ,,,,,,,,,,,,,,,,,,,,,,,,
강원랜드,"카지노, 호텔",,035250,대한민국,신규상장,주권,2001-10-25,,삼성증권(주),,"5,000",0,0,"20,000,000",,,0.0,,, , ,, ,,,,,,,,,,,,,,,,,,,,,,,,
루보,"오일레스베어링, 금형부품",,051170,대한민국,신규상장,주권,2001-10-23,,굿모닝2,,"5,000","16,000","3,360,000","690,000",,,0.0,,, , ,,0% ,,,,,,,,,,,,,,,,,,,,,,,,
평화일렉콤,"DY부품, CONNECTOR",,054010,대한민국,신규상장,주권,2001-10-23,,엔에이치투자증권(주),,500,"2,700","5,999,400","7,402,710",,,0.0,,, , ,,0% ,,,,,,,,,,,,,,,,,,,,,,,,
케이비테크놀러지,"전자화폐, 단말기, 수집/정산시스템",,052400,대한민국,신규상장,주권,2001-10-18,,한화투자증권(주),,500,"18,000","19,440,000","3,600,000",,,0.0,,, , ,,0% ,,,,,,,,,,,,,,,,,,,,,,,,
씨오텍,XML/SGML 관련 제품 및 솔루션,,054180,대한민국,신규상장,주권,2001-10-16,,키움증권(주),,500,"9,300","9,300,000","4,400,000",,,0.0,,, , ,,0% ,,,,,,,,,,,,,,,,,,,,,,,,
코바이오텍,"바이오리엑터(Bioreactor, 생물반응기)",,043090,대한민국,신규상장,주권,2001-10-11,,엔에이치투자증권(주),,500,"13,000","12,740,000","3,380,000",,,0.0,,, , ,,0% ,,,,,,,,,,,,,,,,,,,,,,,,
어드밴텍테크놀로지스,"산업용컴퓨터 제조, 판매",,049470,대한민국,신규상장,주권,2001-10-11,,교보증권(주),,500,"1,600","3,360,000","10,300,000",,,0.0,,, , ,,0% ,,,,,,,,,,,,,,,,,,,,,,,,
썬텍인포메이션시스템,eBusiness 통합,,053050,대한민국,신규상장,주권,2001-10-11,,미래에셋증권 주식회사,,500,"2,100","3,067,890","4,000,000",,,0.0,,, , ,,0% ,,,,,,,,,,,,,,,,,,,,,,,,
대인정보시스템,"대용량 저장장치 시스템 통합, 솔루션 통합",,054170,대한민국,신규상장,주권,2001-10-11,,하나증권주식회사,,500,"5,500","15,730,000","10,000,000",,,0.0,,, , ,,0% ,,,,,,,,,,,,,,,,,,,,,,,,
바이오메디아,수도용 및 원예용 상토,,053110,대한민국,신규상장,주권,2001-10-09,,하나IB증권주식회사,,"5,000","21,000","3,675,000","575,000",,,0.0,,, , ,,0% ,,,,,,,,,,,,,,,,,,,,,,,,
우주통신,영상 및 음향보안장비,,054080,대한민국,신규상장,주권,2001-10-09,,유화증권(주),,500,"2,700","7,290,000","13,500,000",,,0.0,,, , ,,0% ,,,,,,,,,,,,,,,,,,,,,,,,
마이다스차익거래안정혼합형펀드,,,060580,대한민국,신규상장,투자회사,2001-10-04,,엔에이치투자증권(주),,0,-,-,"8,278,730",,,0.0,,, , ,, ,,,,,,,,,,,,,,,,,,,,,,,,
아이디스,디지털 보안 감시 장비 (DVR),,054800,대한민국,신규상장,주권,2001-09-27,,교보증권(주),,500,"7,500","14,509,800","9,600,000",,,0.0,,, , ,,0% ,,,,,,,,,,,,,,,,,,,,,,,,
윤디자인연구소,한글폰트,,047770,대한민국,신규상장,주권,2001-09-18,,미래에셋증권(주),,500,"2,500","4,750,000","6,200,000",,,0.0,,, , ,,0% ,,,,,,,,,,,,,,,,,,,,,,,,
코오롱정보통신,IT 시스템 구축,,022520,대한민국,신규상장,주권,2001-09-13,,삼성증권(주),,"5,000","18,700","18,700,000","4,000,000",,,0.0,,, , ,,0% ,,,,,,,,,,,,,,,,,,,,,,,,
안철수연구소,바이러스백신 프로그램,,053800,대한민국,신규상장,주권,2001-09-13,,미래에셋증권(주),,500,"23,000","43,992,836","7,174,720",,,0.0,,, , ,,0% ,,,,,,,,,,,,,,,,,,,,,,,,
신한지주,,,055550,대한민국,신규상장,주권,2001-09-10,,,기타 금융업,"5,000",0,0,"292,344,192",,,0.0,,, , ,, ,,,,,,,,,,,,,,,,,,,,,,,,
와이티엔,광고/협찬 및 프로그램 제작,,040300,대한민국,신규상장,주권,2001-09-04,,KB증권(주),,"5,000",0,0,"42,000,000",,,0.0,,, , ,, ,,,,,,,,,,,,,,,,,,,,,,,,
피엠케이,양피원단,,058820,대한민국,재상장,주권,2001-08-31,,엔에이치투자증권(주),,500,0,0,"9,800,000",,,0.0,,, , ,, ,,,,,,,,,,,,,,,,,,,,,,,,
아라리온,스토리지 관련 ASIC 및 시스템,,035900,대한민국,신규상장,주권,2001-08-30,,엔에이치투자증권(주)(농협),,500,"2,400","5,888,352","12,000,000",,,0.0,,, , ,,0% ,,,,,,,,,,,,,,,,,,,,,,,,
에스피컴텍,유무선통신장비,,039110,대한민국,신규상장,주권,2001-08-28,,엔에이치투자증권(주),,500,0,0,"7,499,805",,,0.0,,, , ,, ,,,,,,,,,,,,,,,,,,,,,,,,
신한에스아이티,비파괴 검사용역,,054530,대한민국,신규상장,주권,2001-08-28,,엔에이치투자증권(주),,500,0,0,"2,196,000",,,0.0,,, , ,, ,,,,,,,,,,,,,,,,,,,,,,,,
비젼텔레콤,"MDSL 장비, ASIC, ADSL 장비",,053590,대한민국,신규상장,주권,2001-08-23,,메릴린치인터내셔날엘엘씨증권 서울지점,,500,"2,200","7,040,000","15,596,000",,,0.0,,, , ,,0% ,,,,,,,,,,,,,,,,,,,,,,,,
금강종합건설,"토목 건축공사, 분양공사",,021320,대한민국,신규상장,주권,2001-08-21,,한화투자증권(주),,"5,000","6,500","9,100,000","5,800,000",,,0.0,,, , ,,0% ,,,,,,,,,,,,,,,,,,,,,,,,
에프에스텍,"자동차 차체부품, 프레스금형",,053440,대한민국,신규상장,주권,2001-08-21,,부국증권(주),,"5,000","12,000","3,480,000","830,000",,,0.0,,, , ,,0% ,,,,,,,,,,,,,,,,,,,,,,,,
마스타테크론,"Guide Roller, D.Y., Stepping Motor",,045400,대한민국,신규상장,주권,2001-08-17,,엔에이치투자증권(주),,"5,000","24,000","4,320,000","580,000",,,0.0,,, , ,,0% ,,,,,,,,,,,,,,,,,,,,,,,,
세동,"도어벨트, 몰딩",,053060,대한민국,신규상장,주권,2001-08-17,,엔에이치투자증권(주),,500,"2,500","4,600,000","6,122,200",,,0.0,,, , ,,0% ,,,,,,,,,,,,,,,,,,,,,,,,
프로텍,"Dispenser, Tray Feeder, 공압실린더",,053610,대한민국,신규상장,주권,2001-08-17,,푸르덴셜,,500,"3,520","4,224,000","4,000,000",,,0.0,,, , ,,0% ,,,,,,,,,,,,,,,,,,,,,,,,
시큐어소프트,"침입차단시스템, 침입탐지시스템",,037060,대한민국,신규상장,주권,2001-08-14,,삼성증권(주),,500,0,0,"8,078,880",,,0.0,,, , ,, ,,,,,,,,,,,,,,,,,,,,,,,,
액토즈소프트,온라인게임,,052790,대한민국,신규상장,주권,2001-08-14,,한국증권,,500,"9,000","16,047,000","5,943,000",,,0.0,,, , ,,0% ,,,,,,,,,,,,,,,,,,,,,,,,
카이시스,"감광지, 청사진도면복사기",,015390,대한민국,신규상장,주권,2001-08-09,,굿모닝2,,"5,000","15,700","4,239,000","860,000",,,0.0,,, , ,,0% ,,,,,,,,,,,,,,,,,,,,,,,,
우신시스템,자동차 차체조립 자동화라인,,017370,대한민국,신규상장,주권,2001-08-09,,키움증권(주),,500,"2,650","6,890,000","8,600,000",,,0.0,,, , ,,0% ,,,,,,,,,,,,,,,,,,,,,,,,
솔빛텔레콤,HFC망 장비,,053040,대한민국,신규상장,주권,2001-08-09,,메리츠종합금융증권(주),,500,"3,700","4,514,000","4,000,000",,,0.0,,, , ,,0% ,,,,,,,,,,,,,,,,,,,,,,,,
세키노스코리아,"CCD렌즈, 광PICK-UP렌즈",,053450,대한민국,신규상장,주권,2001-08-09,,미래에셋증권 주식회사,,500,"5,100","5,355,000","5,250,000",,,0.0,,, , ,,0% ,,,,,,,,,,,,,,,,,,,,,,,,
웅진코웨이,,,021240,대한민국,이전상장,주권,2001-08-07,,유안타증권(주),그외 기타 개인 서비스업,500,0,0,"24,230,960",,,0.0,,, , ,, ,,,,,,,,,,,,,,,,,,,,,,,,
뉴씨앤씨,네트워크 통합,,045240,대한민국,신규상장,주권,2001-08-07,,KB증권(주),,500,"3,900","9,282,000","11,200,000",,,0.0,,, , ,,0% ,,,,,,,,,,,,,,,,,,,,,,,,
오성엘에스티,"LCD Aging System, LCD 신뢰성 분석장비",,052420,대한민국,신규상장,주권,2001-08-07,,엔에이치투자증권(주),,500,"4,500","7,290,000","8,100,000",,,0.0,,, , ,,0% ,,,,,,,,,,,,,,,,,,,,,,,,
바이넥스,"정장제, 소화제",,053030,대한민국,신규상장,주권,2001-08-07,,메리츠종합금융증권(주),,"1,000","1,900","2,825,300","4,700,000",,,0.0,,, , ,,0% ,,,,,,,,,,,,,,,,,,,,,,,,
덱트론,"디지털 녹음기, 다기능 리모컨, IP공유기",,053070,대한민국,신규상장,주권,2001-08-07,,엔에이치투자증권(주),,500,"4,800","6,720,000","4,410,000",,,0.0,,, , ,,0% ,,,,,,,,,,,,,,,,,,,,,,,,
태양산업,"휴대용 부탄가스, 외주수탁품",,053620,대한민국,신규상장,주권,2001-08-07,,삼성증권(주),,500,"4,200","10,920,000","8,600,000",,,0.0,,, , ,,0% ,,,,,,,,,,,,,,,,,,,,,,,,
유리세이프롱숏채권혼합형펀드,,,058910,대한민국,신규상장,투자회사,2001-08-06,,KB증권(주),,0,-,-,"6,720,000",,,0.0,,, , ,, ,,,,,,,,,,,,,,,,,,,,,,,,
우석에스텍,트랜지스터,,043580,대한민국,신규상장,주권,2001-08-02,,한국증권,,500,"1,800","10,188,000","18,860,000",,,0.0,,, , ,,0% ,,,,,,,,,,,,,,,,,,,,,,,,
한국와콤전자,"CNC Controller, TABLET",,045050,대한민국,신규상장,주권,2001-08-02,,대신증권(주),,"5,000","27,000","2,700,000","330,000",,,0.0,,, , ,,0% ,,,,,,,,,,,,,,,,,,,,,,,,
유일전자,휴대전화기용 Keypad,,049520,대한민국,신규상장,주권,2001-08-02,,KB증권(주),,500,"6,900","21,864,444","11,200,000",,,0.0,,, , ,,0% ,,,,,,,,,,,,,,,,,,,,,,,,
아이티,"고속데이터전송장비, 광전송장비, 광모듈",,052300,대한민국,신규상장,주권,2001-08-02,,교보증권(주),,500,"2,500","7,125,000","9,450,000",,,0.0,,, , ,,0% ,,,,,,,,,,,,,,,,,,,,,,,,
신세계푸드시스템,"단체급식, 식자재유통, 외식",,031440,대한민국,신규상장,주권,2001-07-31,,한국증권,,"5,000","12,300","12,651,780","3,428,600",,,0.0,,, , ,,0% ,,,,,,,,,,,,,,,,,,,,,,,,
하이콤정보통신,"B-RAS, NI(네트워크통합)",,048540,대한민국,신규상장,주권,2001-07-31,,미래에셋증권 주식회사,,500,"3,100","6,820,000","7,325,000",,,0.0,,, , ,,0% ,,,,,,,,,,,,,,,,,,,,,,,,
대원씨앤에이홀딩스,"캐릭터 사업, 만화영화 제작",,048910,대한민국,신규상장,주권,2001-07-31,,한국증권,,500,"10,000","17,200,000","5,720,000",,,0.0,,, , ,,0% ,,,,,,,,,,,,,,,,,,,,,,,,
위자드소프트,"PC게임, 무선인터넷게임",,051980,대한민국,신규상장,주권,2001-07-31,,KB증권(주),,500,"6,200","8,990,000","4,827,400",,,0.0,,, , ,,0% ,,,,,,,,,,,,,,,,,,,,,,,,
씨큐어테크,통합보안관리시스템,,052640,대한민국,신규상장,주권,2001-07-31,,유진투자증권(주),,500,"3,000","2,700,000","2,904,250",,,0.0,,, , ,,0% ,,,,,,,,,,,,,,,,,,,,,,,,
벨코정보통신,"유,무선전화기, HEADSET",,053470,대한민국,신규상장,주권,2001-07-31,,한국증권,,500,"4,470","5,364,000","5,400,000",,,0.0,,, , ,,0% ,,,,,,,,,,,,,,,,,,,,,,,,
세아홀딩스,,,058650,대한민국,재상장,주권,2001-07-30,,,회사 본부 및 경영 컨설팅 서비스업,"5,000",0,0,"2,800,000",,,0.0,,, , ,, ,,,,,,,,,,,,,,,,,,,,,,,,
파인디앤씨,Lamp Reflector,,049120,대한민국,신규상장,주권,2001-07-26,,KB증권(주),,500,"5,200","6,240,000","4,600,000",,,0.0,,, , ,,0% ,,,,,,,,,,,,,,,,,,,,,,,,
우진세렉스,플라스틱 사출성형기,,049800,대한민국,신규상장,주권,2001-07-26,,교보증권(주),,"1,000","10,000","9,650,000","3,200,000",,,0.0,,, , ,,0% ,,,,,,,,,,,,,,,,,,,,,,,,
씨제이푸드시스템,"식자재유통, 단체급식",,051500,대한민국,신규상장,주권,2001-07-26,,미래에셋증권 주식회사,,"1,000","11,300","29,284,628","8,600,000",,,0.0,,, , ,,0% ,,,,,,,,,,,,,,,,,,,,,,,,
한텔,"무선호출기, 이동전화 중계기",,041940,대한민국,신규상장,주권,2001-07-24,,한화투자증권(주),,"5,000","23,000","4,773,627","1,010,000",,,0.0,,, , ,,0% ,,,,,,,,,,,,,,,,,,,,,,,,
에스아이테크,"Lead Frame 도금장비, MASK",,052880,대한민국,신규상장,주권,2001-07-24,,대신증권(주),,500,"5,000","7,575,000","5,050,000",,,0.0,,, , ,,0% ,,,,,,,,,,,,,,,,,,,,,,,,
디지아이,"잉크젯 플로터, 커팅 플로터",,043360,대한민국,신규상장,주권,2001-07-20,,유안타증권(주),,500,"6,000","9,360,000","5,160,000",,,0.0,,, , ,,0% ,,,,,,,,,,,,,,,,,,,,,,,,
액티패스,"RF중계기, 기지국 감시장비",,047710,대한민국,신규상장,주권,2001-07-20,,대신증권(주),,500,"4,100","4,241,614","4,340,000",,,0.0,,, , ,,0% ,,,,,,,,,,,,,,,,,,,,,,,,
하이켐텍,"VOD Solution, GPS, CVD",,052350,대한민국,신규상장,주권,2001-07-20,,푸르덴셜,,500,"2,500","2,275,000","3,000,000",,,0.0,,, , ,,0% ,,,,,,,,,,,,,,,,,,,,,,,,
엔에스아이,네트워크 구축,,053250,대한민국,신규상장,주권,2001-07-20,,굿모닝2,,500,"5,550","5,883,000","3,530,000",,,0.0,,, , ,,0% ,,,,,,,,,,,,,,,,,,,,,,,,
LG석유화학,,,012990,대한민국,신규상장,주권,2001-07-18,,미래에셋증권주식회사,,"5,000","6,700","40,200,000","45,200,000",,,0.0,,, , ,,0% ,,,,,,,,,,,,,,,,,,,,,,,,
모보 아이.피.씨,"전선, 전력케이블",,051810,대한민국,신규상장,주권,2001-07-18,,한국증권,,500,"1,800","3,780,000","6,900,000",,,0.0,,, , ,,0% ,,,,,,,,,,,,,,,,,,,,,,,,
예스테크놀로지,CTI(Computer Telephony Integration),,046840,대한민국,신규상장,주권,2001-07-10,,엔에이치투자증권(주),,500,"9,000","11,700,000","6,186,800",,,0.0,,, , ,,0% ,,,,,,,,,,,,,,,,,,,,,,,,
코텍,"Touch Screen Monitor, 산업용 CRT Monitor",,052330,대한민국,신규상장,주권,2001-07-10,,하나IB증권주식회사,,500,"6,200","13,950,000","10,258,000",,,0.0,,, , ,,0% ,,,,,,,,,,,,,,,,,,,,,,,,
사이어스,시스템통합,,052560,대한민국,신규상장,주권,2001-07-10,,하나증권주식회사,,500,"5,000","4,500,000","3,000,000",,,0.0,,, , ,,0% ,,,,,,,,,,,,,,,,,,,,,,,,
한네트,"현금서비스, 예금인출",,052600,대한민국,신규상장,주권,2001-07-10,,한국증권,,"1,000","6,000","6,180,000","5,130,000",,,0.0,,, , ,,0% ,,,,,,,,,,,,,,,,,,,,,,,,
에스켐,프라스틱 합성수지(ABS 수지),,052020,대한민국,신규상장,주권,2001-07-05,,부국증권(주),,500,"2,900","4,746,488","5,400,000",,,0.0,,, , ,,0% ,,,,,,,,,,,,,,,,,,,,,,,,
텔넷아이티,네트워크 프로토콜 테스트장비,,043220,대한민국,신규상장,주권,2001-07-03,,대신증권(주),,500,"6,500","14,300,000","7,200,000",,,0.0,,, , ,,0% ,,,,,,,,,,,,,,,,,,,,,,,,
이스턴테크놀로지,"LED DISPLAY, 어군탐지기용 모니터",,051530,대한민국,신규상장,주권,2001-07-03,,미래에셋증권(주),,500,"7,800","7,909,200","4,700,000",,,0.0,,, , ,,0% ,,,,,,,,,,,,,,,,,,,,,,,,
테크메이트,"유,무선통신장비, 자동시험기, 대화형전자교범 및 소프트웨어류",,043690,대한민국,신규상장,주권,2001-06-28,,유안타증권(주),,500,"3,700","7,548,000","6,800,000",,,0.0,,, , ,,0% ,,,,,,,,,,,,,,,,,,,,,,,,
서화정보통신,무선통신시스템용 중계기,,033790,대한민국,신규상장,주권,2001-06-26,,KB증권(주),,500,"2,000","5,200,000","8,600,000",,,0.0,,, , ,,0% ,,,,,,,,,,,,,,,,,,,,,,,,
인터스타테크놀러지,"DTIS, Probe Card, H.F PCB",,051780,대한민국,신규상장,주권,2001-06-26,,현대차증권주식회사,,500,"10,500","12,600,000","3,972,500",,,0.0,,, , ,,0% ,,,,,,,,,,,,,,,,,,,,,,,,
엔바이오테크놀러지,"섬유질가공사료, 사료첨가제",,047940,대한민국,신규상장,주권,2001-06-21,,엔에이치투자증권(주),,500,"2,350","4,042,000","5,720,000",,,0.0,,, , ,,0% ,,,,,,,,,,,,,,,,,,,,,,,,
시그마컴,"그래픽 카드, TV카드, 멀티카드",,050600,대한민국,신규상장,주권,2001-06-21,,한국증권,,500,"3,500","7,000,000","9,565,000",,,0.0,,, , ,,0% ,,,,,,,,,,,,,,,,,,,,,,,,
소프트맥스,게임소프트웨어(창세기전시리즈),,052190,대한민국,신규상장,주권,2001-06-21,,대신증권(주),,500,"8,200","14,760,000","6,000,000",,,0.0,,, , ,,0% ,,,,,,,,,,,,,,,,,,,,,,,,
인바이오넷,미생물배양체,,039060,대한민국,신규상장,주권,2001-06-19,,대신증권(주),,500,"6,500","6,513,000","5,000,000",,,0.0,,, , ,,0% ,,,,,,,,,,,,,,,,,,,,,,,,
테스텍,"반도체 검사장비(TDBI, Hi-Fix 등)",,048510,대한민국,신규상장,주권,2001-06-14,,삼성증권(주),,500,"4,800","9,792,000","9,640,000",,,0.0,,, , ,,0% ,,,,,,,,,,,,,,,,,,,,,,,,
나라엠앤디,"금형,사출 및 판금부품",,051490,대한민국,신규상장,주권,2001-06-12,,한국증권,,"5,000","40,000","17,360,000","1,446,000",,,0.0,,, , ,,0% ,,,,,,,,,,,,,,,,,,,,,,,,
한단정보통신,디지털 위성방송수신기,,052270,대한민국,신규상장,주권,2001-06-05,,신한투자증권 주식회사,,"5,000","66,000","23,100,000","1,150,000",,,0.0,,, , ,,0% ,,,,,,,,,,,,,,,,,,,,,,,,
인프론테크놀로지,미들웨어(엔테라),,052290,대한민국,신규상장,주권,2001-05-31,,유안타증권(주),,500,"7,000","7,203,000","3,429,000",,,0.0,,, , ,,0% ,,,,,,,,,,,,,,,,,,,,,,,,
아이젠텍,"판매시점정보시스템(POS), 금전등록기",,038870,대한민국,신규상장,주권,2001-05-29,,하나IB증권주식회사,,500,"1,850","8,510,000","15,249,400",,,0.0,,, , ,,0% ,,,,,,,,,,,,,,,,,,,,,,,,
인컴아이엔씨,"Web Agency, Web Application Solution",,047370,대한민국,신규상장,주권,2001-05-29,,미래에셋증권 주식회사,,500,"3,200","8,960,000","9,200,000",,,0.0,,, , ,,0% ,,,,,,,,,,,,,,,,,,,,,,,,
에이텍시스템,,,045660,대한민국,신규상장,주권,2001-05-24,,교보증권(주),,500,"2,200","7,568,000","11,440,000",,,0.0,,, , ,,0% ,,,,,,,,,,,,,,,,,,,,,,,,
드림원,"온라인광고대행, 웹에이전시",,052310,대한민국,신규상장,주권,2001-05-24,,신영증권(주),,500,"2,300","2,990,000","4,300,000",,,0.0,,, , ,,0% ,,,,,,,,,,,,,,,,,,,,,,,,
한국토지신탁,"신탁업무수익,신탁계정대이자수익",,034830,대한민국,신규상장,주권,2001-05-22,,한화투자증권(주),,"1,000",0,0,"180,000,000",,,0.0,,, , ,, ,,,,,,,,,,,,,,,,,,,,,,,,
이노디지털,"EDMS(Enterprise Document Management System)-전사적문서관리시스템,KMS-지식경영시스템",,045390,대한민국,신규상장,주권,2001-05-17,,한화투자증권(주),,500,"2,900","2,610,000","3,000,000",,,0.0,,, , ,,0% ,,,,,,,,,,,,,,,,,,,,,,,,
선양테크,"IN-LINE SYSTEM,CSP HANDLER,TRIM/FORM SYSTEM",,050110,대한민국,신규상장,주권,2001-05-17,,한국증권,,500,"3,300","5,610,000","8,400,000",,,0.0,,, , ,,0% ,,,,,,,,,,,,,,,,,,,,,,,,
바이오랜드,"천연물질 추출물, 미생물 배양제품",,052260,대한민국,신규상장,주권,2001-05-17,,교보증권(주),,500,"3,500","4,963,000","4,720,000",,,0.0,,, , ,,0% ,,,,,,,,,,,,,,,,,,,,,,,,
현주컴퓨터,"Desktop PC, Note-Book PC",,038960,대한민국,신규상장,주권,2001-05-15,,KB증권(주),,500,900,"4,140,000","16,600,000",,,0.0,,, , ,,0% ,,,,,,,,,,,,,,,,,,,,,,,,
세아메탈,스테인리스 와이어,,033020,대한민국,신규상장,주권,2001-05-10,,유안타증권(주),,500,850,"3,789,870","14,860,000",,,0.0,,, , ,,0% ,,,,,,,,,,,,,,,,,,,,,,,,
환경비젼이십일,"바이오세라믹시스템, 원형진동막시스템",,036590,대한민국,신규상장,주권,2001-05-10,,한국증권,,"1,000",0,0,"1,469,248",,,0.0,,, , ,, ,,,,,,,,,,,,,,,,,,,,,,,,
넷웨이브,"광전송시스템, 동축전송시스템",,047730,대한민국,신규상장,주권,2001-05-10,,현대차증권주식회사,,500,"11,000","12,100,000","3,652,000",,,0.0,,, , ,,0% ,,,,,,,,,,,,,,,,,,,,,,,,
에스티에스반도체통신,"반도체패키지(SOP,DIP,QFP)",,036540,대한민국,신규상장,주권,2001-05-02,,대신증권(주),,500,"7,500","15,000,000","10,000,000",,,0.0,,, , ,,0% ,,,,,,,,,,,,,,,,,,,,,,,,
태광이엔시,"전문가시스템,집중감시제어반",,048140,대한민국,신규상장,주권,2001-04-26,,유안타증권(주),,500,"2,800","6,720,000","7,800,000",,,0.0,,, , ,,0% ,,,,,,,,,,,,,,,,,,,,,,,,
LG생활건강,,,051900,대한민국,재상장,주권,2001-04-25,,,기타 화학제품 제조업,"5,000",0,0,"17,717,894",,,0.0,,, , ,, ,,,,,,,,,,,,,,,,,,,,,,,,
LG화학,,,051910,대한민국,재상장,주권,2001-04-25,,,기초 화학물질 제조업,"5,000",0,0,"73,086,315",,,0.0,,, , ,, ,,,,,,,,,,,,,,,,,,,,,,,,
디지탈퍼스트,컴퓨터저장시스템 및 메인시스템,,046320,대한민국,신규상장,주권,2001-04-10,,유안타증권(주),,"5,000","40,000","13,600,000","1,118,000",,,0.0,,, , ,,0% ,,,,,,,,,,,,,,,,,,,,,,,,
마이다스차익거래혼합형이호펀드,"유가증권의 매매등을 통한 자산의 투자, 운용업무",,053530,대한민국,신규상장,투자회사,2001-04-09,,교보증권(주),,0,-,-,"6,538,200",,,0.0,,, , ,, ,,,,,,,,,,,,,,,,,,,,,,,,
다임알짜채권플러스혼합형이호펀드,유가증권등의 매매등을 통한 자산의 투자·운용업무,,051960,대한민국,신규상장,투자회사,2001-04-02,,엔에이치투자증권(주),,0,-,-,"10,899,300",,,0.0,,, , ,, ,,,,,,,,,,,,,,,,,,,,,,,,
유리세이프전환혼합형펀드,유가증권등의 매매등을 통한 자산의 투자·운용업무,,052530,대한민국,신규상장,투자회사,2001-04-02,,신한투자증권 주식회사,,0,-,-,"201,100",,,0.0,,, , ,, ,,,,,,,,,,,,,,,,,,,,,,,,
미래에셋셀렉티브회사채플러스펀드,유가증권등의 매매등을 통한 자산의 투자·운용업무,,052540,대한민국,신규상장,투자회사,2001-04-02,,미래에셋증권(주),,0,-,-,"20,080,400",,,0.0,,, , ,, ,,,,,,,,,,,,,,,,,,,,,,,,
대우건설,,,047040,대한민국,재상장,주권,2001-03-23,,,건물 건설업,"5,000",0,0,"37,209,087",,,0.0,,, , ,, ,,,,,,,,,,,,,,,,,,,,,,,,
대우인터내셔널,,,047050,대한민국,재상장,주권,2001-03-23,,,상품 중개업,"5,000",0,0,"19,345,893",,,0.0,,, , ,, ,,,,,,,,,,,,,,,,,,,,,,,,
세이에이스혼합형펀드,유가증권등의 매매등을 통한 자산의 투자·운용업무,,052520,대한민국,신규상장,투자회사,2001-03-12,,삼성증권(주),,0,-,-,"4,992,500",,,0.0,,, , ,, ,,,,,,,,,,,,,,,,,,,,,,,,
유리크레디트회사채혼합형펀드,유가증권등의 매매등을 통한 자산의 투자·운용업무,,051990,대한민국,신규상장,투자회사,2001-03-05,,SK증권(주),,0,-,-,"4,020,000",,,0.0,,, , ,, ,,,,,,,,,,,,,,,,,,,,,,,,
소프트윈,소프트웨어 도매,,049790,대한민국,신규상장,주권,2001-02-13,,엔에이치투자증권(주),,500,950,"1,634,000","5,720,000",,,0.0,,, , ,,0% ,,,,,,,,,,,,,,,,,,,,,,,,
세이우량채권플러스혼합형펀드이호,유가증권등의 매매등을 통한 자산의 투자·운용업무,,051070,대한민국,신규상장,투자회사,2001-02-05,,유안타증권(주),,0,-,-,"2,337,100",,,0.0,,, , ,, ,,,,,,,,,,,,,,,,,,,,,,,,
대우조선공업,,,042660,대한민국,재상장,주권,2001-02-02,,,선박 및 보트 건조업,"5,000",0,0,"198,390,758",,,0.0,,, , ,, ,,,,,,,,,,,,,,,,,,,,,,,,
대우종합기계,,,042670,대한민국,재상장,주권,2001-02-02,,,특수 목적용 기계 제조업,"5,000",0,0,"167,957,384",,,0.0,,, , ,, ,,,,,,,,,,,,,,,,,,,,,,,,
쌈지,"핸드백,지갑",,033260,대한민국,신규상장,주권,2001-02-01,,메리츠종합금융증권(주),,500,"1,890","6,218,100","10,956,660",,,0.0,,, , ,,0% ,,,,,,,,,,,,,,,,,,,,,,,,
젠네트웍스,"시스템통합(SI), 네트워크장비",,038500,대한민국,신규상장,주권,2001-02-01,,엔에이치투자증권(주),,500,"2,000","4,660,000","7,765,200",,,0.0,,, , ,,0% ,,,,,,,,,,,,,,,,,,,,,,,,
진양화학,,,051630,대한민국,재상장,주권,2001-01-29,,,플라스틱제품 제조업,"2,500",0,0,"2,400,000",,,0.0,,, , ,, ,,,,,,,,,,,,,,,,,,,,,,,,
풍산마이크로텍,리드프레임,,024850,대한민국,신규상장,주권,2001-01-18,,신한투자증권 주식회사,,500,"1,490","15,588,380","34,872,000",,,0.0,,, , ,,0% ,,,,,,,,,,,,,,,,,,,,,,,,
쓰리소프트,소프트웨어(검색엔진),,036360,대한민국,신규상장,주권,2001-01-18,,푸르덴셜,,500,"1,900","2,216,669","5,833,338",,,0.0,,, , ,,0% ,,,,,,,,,,,,,,,,,,,,,,,,
반도체엔지니어링,"반도체 및 LCD 생산, 제조장비",,038720,대한민국,신규상장,주권,2001-01-18,,미래에셋증권 주식회사,,500,"4,800","6,240,000","4,300,000",,,0.0,,, , ,,0% ,,,,,,,,,,,,,,,,,,,,,,,,
조광아이엘아이,"안전밸브,스팀트랩",,044060,대한민국,신규상장,주권,2001-01-18,,엔에이치투자증권(주),,500,"1,750","2,800,000","5,167,600",,,0.0,,, , ,,0% ,,,,,,,,,,,,,,,,,,,,,,,,
볼빅,골프공,,048550,대한민국,신규상장,주권,2001-01-18,,한국증권,,"5,000","8,870","2,590,040","972,000",,,0.0,,, , ,,0% ,,,,,,,,,,,,,,,,,,,,,,,,
승일제관,"에어졸캔,에어졸발브",,049830,대한민국,신규상장,주권,2001-01-18,,교보증권(주),,500,"5,700","5,928,000","3,440,000",,,0.0,,, , ,,0% ,,,,,,,,,,,,,,,,,,,,,,,,
대한바이오링크,"실험용동물(마우스, 랫드)",,041500,대한민국,신규상장,주권,2001-01-16,,미래에셋증권 주식회사,,500,"4,300","5,475,362","6,340,000",,,0.0,,, , ,,0% ,,,,,,,,,,,,,,,,,,,,,,,,
티피씨메카트로닉스,"구동기기(실린더), 방향제어기(밸브)",,048770,대한민국,신규상장,주권,2001-01-16,,유안타증권(주),,"1,000","3,200","4,160,000","4,300,000",,,0.0,,, , ,,0% ,,,,,,,,,,,,,,,,,,,,,,,,
코메론,"줄자, 냉간압연",,049430,대한민국,신규상장,주권,2001-01-16,,유안타증권(주),,"1,000","8,500","7,650,000","2,900,000",,,0.0,,, , ,,0% ,,,,,,,,,,,,,,,,,,,,,,,,
성광벤드,관이음쇠,,014620,대한민국,신규상장,주권,2001-01-11,,미래에셋증권 주식회사,,500,740,"6,364,000","28,600,000",,,0.0,,, , ,,0% ,,,,,,,,,,,,,,,,,,,,,,,,
와이비엠서울음반,"MC,CD",,016170,대한민국,신규상장,주권,2001-01-11,,신한투자증권 주식회사,,"5,000","17,000","5,542,000","1,086,000",,,0.0,,, , ,,0% ,,,,,,,,,,,,,,,,,,,,,,,,
국제통신,"파워코드,와이어",,023670,대한민국,신규상장,주권,2001-01-11,,교보증권(주),,"5,000","10,200","1,224,000","400,000",,,0.0,,, , ,,0% ,,,,,,,,,,,,,,,,,,,,,,,,
케이디엠,"DOOR TRIM, HEAD LINING, FLOOR MAT 등",,027560,대한민국,신규상장,주권,2001-01-11,,KB증권(주),,"5,000","8,500","2,550,000","800,000",,,0.0,,, , ,,0% ,,,,,,,,,,,,,,,,,,,,,,,,
유니더스,"콘돔,고무골무,의료용 장갑",,044480,대한민국,신규상장,주권,2001-01-11,,엔에이치투자증권(주),,500,"1,850","4,810,000","8,600,000",,,0.0,,, , ,,0% ,,,,,,,,,,,,,,,,,,,,,,,,
동부정보기술,"정보처리용역, 시스템통합, 네트워크장비 등",,044640,대한민국,신규상장,주권,2001-01-11,,미래에셋증권 주식회사,,500,"1,700","3,060,000","6,000,000",,,0.0,,, , ,,0% ,,,,,,,,,,,,,,,,,,,,,,,,
모디아소프트,Mobile-SI,,046000,대한민국,신규상장,주권,2001-01-11,,미래에셋증권(주),,500,"10,500","5,932,500","2,060,000",,,0.0,,, , ,,0% ,,,,,,,,,,,,,,,,,,,,,,,,
디날리아이티,"시스템통합(SI), 시스템유지(SM)",,046390,대한민국,신규상장,주권,2001-01-11,,하나IB증권주식회사,,500,"2,700","4,168,800","5,144,000",,,0.0,,, , ,,0% ,,,,,,,,,,,,,,,,,,,,,,,,
실리콘테크,"Track, Memory Tester 등",,047600,대한민국,신규상장,주권,2001-01-11,,KB증권(주),,500,"2,650","9,434,000","11,840,000",,,0.0,,, , ,,0% ,,,,,,,,,,,,,,,,,,,,,,,,
세림테크,스파크플러그,,048430,대한민국,신규상장,주권,2001-01-11,,키움증권(주),,500,"2,100","4,620,000","7,200,000",,,0.0,,, , ,,0% ,,,,,,,,,,,,,,,,,,,,,,,,
삼현철강,"후판,열연후판,산세판박,무늬강판,용단철강,형강외",,017480,대한민국,신규상장,주권,2001-01-09,,엔에이치투자증권(주),,"1,000","2,300","5,980,000","8,551,445",,,0.0,,, , ,,0% ,,,,,,,,,,,,,,,,,,,,,,,,
동우,합성피혁,,048640,대한민국,신규상장,주권,2001-01-09,,한국증권,,"2,500","9,100","2,912,000","920,000",,,0.0,,, , ,,0% ,,,,,,,,,,,,,,,,,,,,,,,,
오픈베이스,"트래픽솔루션(웹스위치,트래픽서버)",,049480,대한민국,신규상장,주권,2001-01-09,,미래에셋증권 주식회사,,500,"3,050","4,971,500","5,430,000",,,0.0,,, , ,,0% ,,,,,,,,,,,,,,,,,,,,,,,,
케이씨아이,"폴리머,레진,계면활성제",,036670,대한민국,신규상장,주권,2001-01-03,,부국증권(주),,"5,000","7,000","1,330,000","630,000",,,0.0,,, , ,,0% ,,,,,,,,,,,,,,,,,,,,,,,,
오로라월드,"캐릭터디자인,캐릭터완구 등",,039830,대한민국,신규상장,주권,2001-01-03,,한국증권,,500,"2,150","5,572,800","8,640,000",,,0.0,,, , ,,0% ,,,,,,,,,,,,,,,,,,,,,,,,
네오웨이브,"MSDSL,P/L-MUX,FM-200",,042510,대한민국,신규상장,주권,2001-01-03,,KB증권(주),,500,"3,300","8,580,000","13,000,000",,,0.0,,, , ,,0% ,,,,,,,,,,,,,,,,,,,,,,,,
예당엔터테인먼트,"CD(Compact Disk),MC(Music Cassette)",,049000,대한민국,신규상장,주권,2001-01-03,,미래에셋증권 주식회사,,500,"3,400","6,120,000","5,800,000",,,0.0,,, , ,,0% ,,,,,,,,,,,,,,,,,,,,,,,,
동양시스템즈,"Outsourcing, SI, Solution, Internet, 통합상품, SI상품",,030790,대한민국,신규상장,주권,2000-12-26,,삼성증권(주),,"5,000","11,000","9,020,000","2,720,000",,,0.0,,, , ,,0% ,,,,,,,,,,,,,,,,,,,,,,,,
금화피에스시,"설비,철물,전기,강구조물",,036190,대한민국,신규상장,주권,2000-12-26,,한양증권(주),,500,"1,350","2,700,000","6,000,000",,,0.0,,, , ,,0% ,,,,,,,,,,,,,,,,,,,,,,,,
코다코,"Oil Pump, Throttle Body",,046070,대한민국,신규상장,주권,2000-12-26,,유안타증권(주),,"5,000","15,000","3,007,500","600,000",,,0.0,,, , ,,0% ,,,,,,,,,,,,,,,,,,,,,,,,
LG 마이크론,"Shadow Mask, Lead Frame, PDP 후면판, Photo mask 제조 및 판매",,016990,대한민국,신규상장,주권,2000-12-21,,KB증권(주),,"5,000","12,000","21,600,000","5,800,000",,,0.0,,, , ,,0% ,,,,,,,,,,,,,,,,,,,,,,,,
코웰시스넷,원격감시제어시스템,,050050,대한민국,신규상장,주권,2000-12-21,,미래에셋증권 주식회사,,500,"1,450","1,087,500","2,425,000",,,0.0,,, , ,,0% ,,,,,,,,,,,,,,,,,,,,,,,,
다임알짜채권플러스혼합형일호펀드,유가증권등의 매매등을 통한 자산의 투자·운용업무,,050350,대한민국,신규상장,투자회사,2000-12-18,,하나증권주식회사,,0,-,-,"5,558,900",,,0.0,,, , ,, ,,,,,,,,,,,,,,,,,,,,,,,,
바이오스페이스,정밀 체성분 분석기,,041830,대한민국,신규상장,주권,2000-12-14,,한국증권,,500,"2,400","2,800,800","5,700,000",,,0.0,,, , ,,0% ,,,,,,,,,,,,,,,,,,,,,,,,
엑큐리스,인쇄회로기판,,048460,대한민국,신규상장,주권,2000-12-14,,교보증권(주),,500,"1,260","2,961,000","7,830,000",,,0.0,,, , ,,0% ,,,,,,,,,,,,,,,,,,,,,,,,
월드텔레콤,레이저픽업,,047610,대한민국,신규상장,주권,2000-12-12,,메릴린치인터내셔날엘엘씨증권 서울지점,,"5,000","46,000","18,400,000","1,028,000",,,0.0,,, , ,,0% ,,,,,,,,,,,,,,,,,,,,,,,,
고려제약,"하벤(종합감기약),뉴로메드(치매치료제)등 70여종",,014570,대한민국,신규상장,주권,2000-12-07,,미래에셋증권 주식회사,,"5,000","15,300","5,202,000","1,100,000",,,0.0,,, , ,,0% ,,,,,,,,,,,,,,,,,,,,,,,,
마니커,"닭고기 신선육, 닭고기 육가공품",,027740,대한민국,신규상장,주권,2000-12-07,,한화투자증권(주),,"5,000","13,000","5,200,000","1,500,000",,,0.0,,, , ,,0% ,,,,,,,,,,,,,,,,,,,,,,,,
타프시스템,"3차원 게임, 군시뮬레이션 S/W, H/W",,039350,대한민국,신규상장,주권,2000-12-07,,대신증권(주),,500,"6,900","7,176,000","3,440,000",,,0.0,,, , ,,0% ,,,,,,,,,,,,,,,,,,,,,,,,
더존디지털웨어,기업정보화솔루션 및 인터넷사업,,045380,대한민국,신규상장,주권,2000-12-07,,미래에셋증권 주식회사,,500,"9,700","12,474,200","4,286,000",,,0.0,,, , ,,0% ,,,,,,,,,,,,,,,,,,,,,,,,
벨로체,디지털피아노,,040750,대한민국,신규상장,주권,2000-12-05,,굿모닝2,,500,"1,150","1,150,000","3,000,000",,,0.0,,, , ,,0% ,,,,,,,,,,,,,,,,,,,,,,,,
크린앤사이언스,자동차용 여과지,,045520,대한민국,신규상장,주권,2000-12-05,,한화투자증권(주),,500,"2,200","4,840,000","7,300,000",,,0.0,,, , ,,0% ,,,,,,,,,,,,,,,,,,,,,,,,
미래에셋크린채권플러스사호안정형펀드,유가증권등의 매매등을 통한 자산의 투자·운용업무,,049850,대한민국,신규상장,투자회사,2000-12-04,,미래에셋증권(주),,0,-,-,"4,334,400",,,0.0,,, , ,, ,,,,,,,,,,,,,,,,,,,,,,,,
포스데이타,"SI(System Integration), DVR(Digital Video Recorder)",,022100,대한민국,신규상장,주권,2000-11-28,,한국증권,,"5,000","16,160","29,840,410","6,155,160",,,0.0,,, , ,,0% ,,,,,,,,,,,,,,,,,,,,,,,,
하나투어,"항공권,여행알선",,039130,대한민국,신규상장,주권,2000-11-28,,대신증권(주),,500,"2,850","2,565,000","4,500,000",,,0.0,,, , ,,0% ,,,,,,,,,,,,,,,,,,,,,,,,
이앤텍,"CPM,ARM,COVER/BASE",,047450,대한민국,신규상장,주권,2000-11-23,,미래에셋증권 주식회사,,"5,000","7,100","2,449,500","1,143,517",,,0.0,,, , ,,0% ,,,,,,,,,,,,,,,,,,,,,,,,
동원F&B,,,049770,대한민국,재상장,주권,2000-11-23,,,도시락 및 식사용 조리식품 제조업,"5,000",0,0,"3,000,000",,,0.0,,, , ,, ,,,,,,,,,,,,,,,,,,,,,,,,
이젠텍,김치냉장고부품,,033600,대한민국,신규상장,주권,2000-11-21,,대신증권(주),,"5,000","23,000","8,050,000","1,150,000",,,0.0,,, , ,,0% ,,,,,,,,,,,,,,,,,,,,,,,,
신세계아이앤씨,"SI사업, SW유통사업, ASP사업",,035510,대한민국,신규상장,주권,2000-11-16,,DB증권주식회사,,"5,000","13,000","6,760,000","1,720,000",,,0.0,,, , ,,0% ,,,,,,,,,,,,,,,,,,,,,,,,
디와이,몰드베이스(Mold Base),,044180,대한민국,신규상장,주권,2000-11-16,,KB증권(주),,"5,000","7,400","1,332,000","580,000",,,0.0,,, , ,,0% ,,,,,,,,,,,,,,,,,,,,,,,,
이-글벳,"아바텍,아목사실린사 등",,044960,대한민국,신규상장,주권,2000-11-16,,메릴린치인터내셔날엘엘씨증권 서울지점,,"5,000","15,500","2,015,000","430,000",,,0.0,,, , ,,0% ,,,,,,,,,,,,,,,,,,,,,,,,
엔써커뮤니티,"컴퓨터통신통합(CTI)솔루션,시스템통합(SI)",,037750,대한민국,신규상장,주권,2000-11-09,,미래에셋증권 주식회사,,"5,000","8,400","2,100,000","1,250,000",,,0.0,,, , ,,0% ,,,,,,,,,,,,,,,,,,,,,,,,
인츠커뮤니티,"관리비 빌링처리, S/W 개발, 광고",,046240,대한민국,신규상장,주권,2000-11-07,,교보증권(주),,500,"1,650","1,138,500","3,420,000",,,0.0,,, , ,,0% ,,,,,,,,,,,,,,,,,,,,,,,,
세이우량채권플러스혼합형펀드,유가증권등의 매매등을 통한 자산의 투자·운용업무,,049990,대한민국,신규상장,투자회사,2000-11-06,,유안타증권(주),,0,-,-,"8,687,800",,,0.0,,, , ,, ,,,,,,,,,,,,,,,,,,,,,,,,
아즈텍더블유비이,직물,,032080,대한민국,신규상장,주권,2000-10-26,,유안타증권(주),,"5,000","7,400","2,664,000","1,400,000",,,0.0,,, , ,,0% ,,,,,,,,,,,,,,,,,,,,,,,,
한국중공업,,,034020,대한민국,신규상장,주권,2000-10-25,,,일반 목적용 기계 제조업,"5,000","5,000","125,040,000","104,200,000",,,0.0,,, , ,,0% ,,,,,,,,,,,,,,,,,,,,,,,,
오리콤,광고대행,,010470,대한민국,신규상장,주권,2000-10-24,,미래에셋증권 주식회사,,"5,000","16,500","7,001,940","2,080,000",,,0.0,,, , ,,0% ,,,,,,,,,,,,,,,,,,,,,,,,
위닉스,일반목적용 기계제조업,,044340,대한민국,신규상장,주권,2000-10-24,,교보증권(주),,500,"5,000","8,000,000","5,200,000",,,0.0,,, , ,,0% ,,,,,,,,,,,,,,,,,,,,,,,,
가야전자,카앰프,,042570,대한민국,신규상장,주권,2000-10-19,,현대차증권주식회사,,500,"2,800","2,660,000","3,150,000",,,0.0,,, , ,,0% ,,,,,,,,,,,,,,,,,,,,,,,,
창흥정보통신,"정보통신망 구축, DVR, ITS, 기타방송장비 등",,042940,대한민국,신규상장,주권,2000-10-19,,메릴린치인터내셔날엘엘씨증권 서울지점,,500,"1,800","5,040,000","9,200,000",,,0.0,,, , ,,0% ,,,,,,,,,,,,,,,,,,,,,,,,
한국내화,,,010040,대한민국,이전상장,주권,2000-10-16,,KB증권(주),"내화, 비내화 요업제품 제조업","1,000",0,0,"5,532,000",,,0.0,,, , ,, ,,,,,,,,,,,,,,,,,,,,,,,,
바이어블코리아,리튬폴리머전지팩,,048760,대한민국,신규상장,주권,2000-10-12,,엔에이치투자증권(주),,500,"14,000","21,676,760","7,741,680",,,0.0,,, , ,,0% ,,,,,,,,,,,,,,,,,,,,,,,,
엔피케이,합성고무 및 플라스틱물질 제조업,,048830,대한민국,신규상장,주권,2000-10-12,,한화투자증권(주),,"5,000","11,300","2,147,000","880,000",,,0.0,,, , ,,0% ,,,,,,,,,,,,,,,,,,,,,,,,
화림모드,"여성의류(OZOC, CREAM)",,045920,대한민국,신규상장,주권,2000-10-06,,대신증권(주),,"2,500","7,400","2,539,680","1,280,000",,,0.0,,, , ,,0% ,,,,,,,,,,,,,,,,,,,,,,,,
삼천당제약,"세프메타졸, 파클캅셀, 네틸마이신",,000250,대한민국,신규상장,주권,2000-10-04,,한화투자증권(주),,"5,000","19,000","9,120,000","2,000,000",,,0.0,,, , ,,0% ,,,,,,,,,,,,,,,,,,,,,,,,
미래에셋주식혼합형일호펀드,"유가증권의 매매등을 통한 자산의 투자, 운용업무",,047890,대한민국,신규상장,투자회사,2000-09-25,,교보증권(주),,0,-,-,"250,000",,,0.0,,, , ,, ,,,,,,,,,,,,,,,,,,,,,,,,
마이다스차익거래혼합형펀드,"유가증권의 매매등을 통한 자산의 투자, 운용업무",,048660,대한민국,신규상장,투자회사,2000-09-25,,교보증권(주),,0,-,-,"4,000,000",,,0.0,,, , ,, ,,,,,,,,,,,,,,,,,,,,,,,,
엘지텔레콤,PCS서비스,,032640,대한민국,신규상장,주권,2000-09-21,,삼성증권(주),,"5,000",0,0,"190,700,000",,,0.0,,, , ,, ,,,,,,,,,,,,,,,,,,,,,,,,
풍성전기,"D.C Motor,Wiper Motor, Power Window Motor 등",,047060,대한민국,재상장,주권,2000-09-08,,유안타증권(주),,500,0,0,"6,000,000",,,0.0,,, , ,, ,,,,,,,,,,,,,,,,,,,,,,,,
한광,레이저가공 절단기,,044780,대한민국,신규상장,주권,2000-09-07,,교보증권(주),,"5,000","25,000","3,500,000","840,000",,,0.0,,, , ,,0% ,,,,,,,,,,,,,,,,,,,,,,,,
정원엔시스템,"SI(시스템통합) 관련 소프트웨어, 중.대형 고속 레이져 프린터",,045510,대한민국,신규상장,주권,2000-09-07,,유화증권(주),,"5,000","37,000","12,025,000","1,625,000",,,0.0,,, , ,,0% ,,,,,,,,,,,,,,,,,,,,,,,,
미래에셋한아름전환혼합형이호펀드,"유가증권의 매매등을 통한 자산의 투자, 운용업무",,046820,대한민국,신규상장,투자회사,2000-09-04,,교보증권(주),,0,-,-,"1,841,200",,,0.0,,, , ,, ,,,,,,,,,,,,,,,,,,,,,,,,
장원엔지니어링,"전송장비,과학화보안시스템",,038830,대한민국,신규상장,주권,2000-08-31,,엔에이치투자증권(주)(농협),,500,"3,000","6,000,000","6,000,000",,,0.0,,, , ,,0% ,,,,,,,,,,,,,,,,,,,,,,,,
한양이엔지,반도체배관설비,,045100,대한민국,신규상장,주권,2000-08-31,,SK증권(주),,500,"5,600","14,000,000","12,500,000",,,0.0,,, , ,,0% ,,,,,,,,,,,,,,,,,,,,,,,,
누리텔레콤,"NASCenter2000(전산자원통합관리시스템),PowerAMR(자동원격검침장치)",,040160,대한민국,신규상장,주권,2000-08-29,,유화증권(주),,500,"35,000","21,000,000","3,000,000",,,0.0,,, , ,,0% ,,,,,,,,,,,,,,,,,,,,,,,,
에쎈테크,LPG밸브,,043340,대한민국,신규상장,주권,2000-08-29,,교보증권(주),,"1,000","4,950","9,202,050","6,000,000",,,0.0,,, , ,,0% ,,,,,,,,,,,,,,,,,,,,,,,,
중앙바이오텍,"영양제, 항생제",,015170,대한민국,신규상장,주권,2000-08-24,,DB증권주식회사,,500,"2,000","3,000,000","7,500,000",,,0.0,,, , ,,0% ,,,,,,,,,,,,,,,,,,,,,,,,
한성엘컴텍,"BLU(Back Light Unit), CCM(Compact Camera Module), Display용 EL",,037950,대한민국,신규상장,주권,2000-08-24,,KB증권(주),,500,"10,000","12,000,000","6,000,000",,,0.0,,, , ,,0% ,,,,,,,,,,,,,,,,,,,,,,,,
프로소닉,초음파진단기용 초음파탐촉자,,038120,대한민국,신규상장,주권,2000-08-24,,KB증권(주),,500,"3,500","5,138,700","6,800,000",,,0.0,,, , ,,0% ,,,,,,,,,,,,,,,,,,,,,,,,
이오테크닉스,레이저 마커 및 레이저 응용기기,,039030,대한민국,신규상장,주권,2000-08-24,,KB증권(주),,500,"20,000","25,800,000","6,436,000",,,0.0,,, , ,,0% ,,,,,,,,,,,,,,,,,,,,,,,,
국순당,탁주 및 약주,,043650,대한민국,신규상장,주권,2000-08-24,,KB증권(주),,500,"9,000","13,500,000","7,500,000",,,0.0,,, , ,,0% ,,,,,,,,,,,,,,,,,,,,,,,,
오리엔텍,인쇄회로기판,,046350,대한민국,신규상장,주권,2000-08-24,,굿모닝2,,"5,000","21,000","5,040,000","1,174,000",,,0.0,,, , ,,0% ,,,,,,,,,,,,,,,,,,,,,,,,
페타시스,인쇄회로기판,,007660,대한민국,신규상장,주권,2000-08-22,,KB증권(주),,"1,000","4,000","24,944,500","31,000,000",,,0.0,,, , ,,0% ,,,,,,,,,,,,,,,,,,,,,,,,
서울제약,"정제,연질캅셀제,경질캅셀제,연고 및 크림제 등",,018680,대한민국,신규상장,주권,2000-08-18,,메릴린치인터내셔날엘엘씨증권 서울지점,,"5,000","23,000","2,875,000","625,000",,,0.0,,, , ,,0% ,,,,,,,,,,,,,,,,,,,,,,,,
텍셀,전자계전기(RELAY),,038540,대한민국,신규상장,주권,2000-08-18,,유안타증권(주),,500,"2,400","3,047,280","6,000,000",,,0.0,,, , ,,0% ,,,,,,,,,,,,,,,,,,,,,,,,
피케이엘,포토마스크,,039870,대한민국,신규상장,주권,2000-08-18,,삼성증권(주),,"5,000","30,000","18,005,820","3,000,000",,,0.0,,, , ,,0% ,,,,,,,,,,,,,,,,,,,,,,,,
단암전자통신,"RF증폭기, HIC(혼성접적회로), 중계기, ADSL Cable 모뎀",,040670,대한민국,신규상장,주권,2000-08-18,,삼성증권(주),,"5,000","27,000","10,665,000","1,975,000",,,0.0,,, , ,,0% ,,,,,,,,,,,,,,,,,,,,,,,,
코리언일랙트로닉스파워소스,High Voltage Transformer,,046810,대한민국,신규상장,주권,2000-08-18,,유안타증권(주),,500,"2,300","2,876,012","6,252,160",,,0.0,,, , ,,0% ,,,,,,,,,,,,,,,,,,,,,,,,
타임아이엔씨,여성의복,,046930,대한민국,신규상장,주권,2000-08-18,,유안타증권(주),,"1,000","10,000","7,500,000","3,750,000",,,0.0,,, , ,,0% ,,,,,,,,,,,,,,,,,,,,,,,,
퓨쳐시스템,네트워크 보안제품,,039860,대한민국,신규상장,주권,2000-08-16,,삼성증권(주),,500,"18,000","36,000,000","10,000,000",,,0.0,,, , ,,0% ,,,,,,,,,,,,,,,,,,,,,,,,
코람스틸,조립금속제품제조업,,046210,대한민국,신규상장,주권,2000-08-16,,KB증권(주),,500,"1,500","2,100,000","7,000,000",,,0.0,,, , ,,0% ,,,,,,,,,,,,,,,,,,,,,,,,
미래에셋크린채권플러스삼호안정형펀드,"유가증권의 매매등을 통한 자산의 투자, 운용업무",,045870,대한민국,신규상장,투자회사,2000-08-14,,교보증권(주),,0,-,-,"6,086,900",,,0.0,,, , ,, ,,,,,,,,,,,,,,,,,,,,,,,,
한빛아이앤비,"케이블TV 방송, 초고속인터넷서비스",,043890,대한민국,신규상장,주권,2000-08-10,,KB증권(주),,"5,000","15,000","11,850,000","3,860,000",,,0.0,,, , ,,0% ,,,,,,,,,,,,,,,,,,,,,,,,
오공,"접착제,씰란트,광택제,연마제",,045060,대한민국,신규상장,주권,2000-08-10,,한국증권,,"1,000","6,000","2,429,910","4,041,000",,,0.0,,, , ,,0% ,,,,,,,,,,,,,,,,,,,,,,,,
현대정보기술,시스템통합(SI) 및 운영(SM),,026180,대한민국,신규상장,주권,2000-08-08,,SK증권(주),,"5,000","24,000","72,978,744","30,200,000",,,0.0,,, , ,,0% ,,,,,,,,,,,,,,,,,,,,,,,,
씨엔씨엔터프라이즈,자동운임징수시스템(AFC),,038420,대한민국,신규상장,주권,2000-08-08,,엔에이치투자증권(주),,"5,000","47,000","16,450,000","1,700,000",,,0.0,,, , ,,0% ,,,,,,,,,,,,,,,,,,,,,,,,
진두네트워크,네트워크 컨설팅 및 통합사업,,041320,대한민국,신규상장,주권,2000-08-08,,엔에이치투자증권(주),,500,"9,000","11,700,000","4,285,000",,,0.0,,, , ,,0% ,,,,,,,,,,,,,,,,,,,,,,,,
솔고바이오메디칼,"가정용 온열치료기,의료기구",,043100,대한민국,신규상장,주권,2000-08-08,,미래에셋증권 주식회사,,500,"5,300","15,383,356","14,500,000",,,0.0,,, , ,,0% ,,,,,,,,,,,,,,,,,,,,,,,,
비츠로테크,"차단기, 개폐기",,042370,대한민국,신규상장,주권,2000-08-03,,미래에셋증권 주식회사,,500,"2,200","3,850,000","8,750,000",,,0.0,,, , ,,0% ,,,,,,,,,,,,,,,,,,,,,,,,
솔빛미디어,컴퓨터교육,,044440,대한민국,신규상장,주권,2000-08-03,,미래에셋증권 주식회사,,500,"4,700","10,340,000","7,000,000",,,0.0,,, , ,,0% ,,,,,,,,,,,,,,,,,,,,,,,,
디지탈캠프,디지털 컨텐츠 저작솔루션 판매 사업,,045970,대한민국,신규상장,주권,2000-08-03,,한화투자증권(주),,500,"10,000","8,000,000","3,200,000",,,0.0,,, , ,,0% ,,,,,,,,,,,,,,,,,,,,,,,,
우리별텔레콤,광전송장치,,040420,대한민국,신규상장,주권,2000-08-01,,한국증권,,500,"14,000","16,800,000","5,700,000",,,0.0,,, , ,,0% ,,,,,,,,,,,,,,,,,,,,,,,,
유리뉴앙상블시스템혼합형펀드,유가증권등의 매매등을 통한 자산의 투자·운용업무,,046520,대한민국,신규상장,투자회사,2000-07-31,,유안타증권(주),,0,-,-,"3,295,300",,,0.0,,, , ,, ,,,,,,,,,,,,,,,,,,,,,,,,
진양제약,"소부날, 옥티란",,007370,대한민국,신규상장,주권,2000-07-27,,엔에이치투자증권(주),,"5,000","22,000","3,080,000","640,000",,,0.0,,, , ,,0% ,,,,,,,,,,,,,,,,,,,,,,,,
하이퍼정보통신,"PCS충전기, 메모리모듈",,043680,대한민국,신규상장,주권,2000-07-27,,교보증권(주),,500,"10,000","12,700,000","6,320,000",,,0.0,,, , ,,0% ,,,,,,,,,,,,,,,,,,,,,,,,
인피트론,"가스분석기,지능형교통시스템(ITS)",,045470,대한민국,신규상장,주권,2000-07-27,,유안타증권(주),,500,"6,500","4,251,000","2,175,920",,,0.0,,, , ,,0% ,,,,,,,,,,,,,,,,,,,,,,,,
동양텔레콤,"광동축혼합망(HFC망)기기, TV수신기기",,007150,대한민국,신규상장,주권,2000-07-25,,KB증권(주),,500,"12,000","18,720,000","7,700,000",,,0.0,,, , ,,0% ,,,,,,,,,,,,,,,,,,,,,,,,
쓰리알,DVR(디지털영상저장장치),,037730,대한민국,신규상장,주권,2000-07-25,,엔에이치투자증권(주),,"5,000","90,000","45,000,000","2,196,800",,,0.0,,, , ,,0% ,,,,,,,,,,,,,,,,,,,,,,,,
윌텍정보통신,이동통신전파환경측정기,,039390,대한민국,신규상장,주권,2000-07-25,,엔에이치투자증권(주),,500,"18,000","20,700,000","5,750,000",,,0.0,,, , ,,0% ,,,,,,,,,,,,,,,,,,,,,,,,
익스팬전자,"전자파장해 대책부품(쉴드폼, 디스펜싱개스켓 등)",,039790,대한민국,신규상장,주권,2000-07-25,,미래에셋증권 주식회사,,500,"5,500","8,800,000","6,200,000",,,0.0,,, , ,,0% ,,,,,,,,,,,,,,,,,,,,,,,,
성광엔비텍,수처리기계(RBC 등),,041140,대한민국,신규상장,주권,2000-07-25,,미래에셋증권 주식회사,,500,"5,000","5,000,000","4,000,000",,,0.0,,, , ,,0% ,,,,,,,,,,,,,,,,,,,,,,,,
그린에셋그린일호자산배분형펀드,유가증권등의 매매등을 통한 자산의 투자·운용업무,,045080,대한민국,신규상장,투자회사,2000-07-24,,메릴린치인터내셔날엘엘씨증권 서울지점,,0,-,-,"3,409,400",,,0.0,,, , ,, ,,,,,,,,,,,,,,,,,,,,,,,,
세이우량채권혼합형펀드,유가증권등의 매매등을 통한 자산의 투자·운용업무,,045790,대한민국,신규상장,투자회사,2000-07-24,,유안타증권(주),,0,-,-,"9,790,400",,,0.0,,, , ,, ,,,,,,,,,,,,,,,,,,,,,,,,
미래에셋실크로드성장형삼호펀드,유가증권등의 매매등을 통한 자산의 투자·운용업무,,045860,대한민국,신규상장,투자회사,2000-07-24,,삼성증권(주),,0,-,-,"1,074,000",,,0.0,,, , ,, ,,,,,,,,,,,,,,,,,,,,,,,,
동양매직,가스기기,,023020,대한민국,신규상장,주권,2000-07-20,,미래에셋증권 주식회사,,"5,000","12,000","20,400,000","8,400,000",,,0.0,,, , ,,0% ,,,,,,,,,,,,,,,,,,,,,,,,
진성티이씨,트랙롤라. 플로팅 씰,,036890,대한민국,신규상장,주권,2000-07-20,,하나IB증권주식회사,,"1,000","3,700","4,440,000","4,000,000",,,0.0,,, , ,,0% ,,,,,,,,,,,,,,,,,,,,,,,,
현대통신산업,홈오토메이션 제조,,039010,대한민국,신규상장,주권,2000-07-20,,삼성증권(주),,500,"2,500","4,312,500","8,625,000",,,0.0,,, , ,,0% ,,,,,,,,,,,,,,,,,,,,,,,,
한국하이네트,ERP소프트웨어,,040180,대한민국,신규상장,주권,2000-07-20,,대신증권(주),,500,"7,000","19,600,000","9,000,000",,,0.0,,, , ,,0% ,,,,,,,,,,,,,,,,,,,,,,,,
